stamp,label,p_feeding,p_alert,p_empty,action,confidence,risk_best,ambiguity_best
1789343085.2953932,empty,0.0001,0.0022,0.9977,retreat,0.773,1.343,1.0017
1789343085.4959257,empty,0.0001,0.0021,0.9978,retreat,0.773,1.343,1.0017
1789343085.696549,empty,0.0001,0.0031,0.9968,retreat,0.772,1.343,1.0016
1789343085.8961048,empty,0.0001,0.0042,0.9957,retreat,0.771,1.343,1.0015
1789343086.0954373,empty,0.0001,0.0086,0.9913,retreat,0.769,1.343,1.0012
1789343086.296719,empty,0.0001,0.0054,0.9945,retreat,0.771,1.343,1.0014
1789343086.495027,empty,0.0,0.0048,0.9952,retreat,0.771,1.343,1.0015
1789343086.6969593,empty,0.0001,0.0073,0.9926,retreat,0.77,1.343,1.0013
1789343086.8960729,empty,0.0002,0.0113,0.9885,retreat,0.767,1.343,1.001
1789343087.0958421,empty,0.0001,0.0039,0.996,retreat,0.772,1.343,1.0015
1789343088.5610464,empty,0.0002,0.0152,0.9846,retreat,0.765,1.343,1.0007
1789343088.700509,empty,0.0002,0.023,0.9768,retreat,0.76,1.343,1.0001
1789343088.931522,empty,0.0,0.0084,0.9916,retreat,0.769,1.343,1.0012
1789343089.095661,empty,0.0001,0.0155,0.9844,retreat,0.765,1.343,1.0007
1789343089.295777,empty,0.0,0.0002,0.9998,retreat,0.774,1.3429,1.0018
1789343089.496089,empty,0.0,0.0002,0.9998,retreat,0.774,1.3429,1.0018
1789343089.6965218,empty,0.0,0.0002,0.9998,retreat,0.774,1.3429,1.0018
1789343089.895729,empty,0.0,0.0,1.0,retreat,0.774,1.3429,1.0018
1789343090.1003382,empty,0.0,0.0002,0.9998,retreat,0.774,1.3429,1.0018
1789343090.2957535,empty,0.0,0.0002,0.9998,retreat,0.774,1.3429,1.0018
1789343090.4977436,empty,0.0,0.0066,0.9934,retreat,0.77,1.343,1.0013
1789343090.6965902,empty,0.0,0.0003,0.9997,retreat,0.774,1.3429,1.0018
1789343090.897638,empty,0.0,0.002,0.998,retreat,0.773,1.3429,1.0017
1789343091.0975614,empty,0.0,0.0082,0.9918,retreat,0.769,1.343,1.0012
1789343091.2972236,empty,0.0,0.0007,0.9993,retreat,0.773,1.3429,1.0018
1789343091.4964755,empty,0.0,0.0001,0.9999,retreat,0.774,1.3429,1.0018
1789343091.6980257,empty,0.0,0.001,0.999,retreat,0.773,1.3429,1.0018
1789343091.8964224,empty,0.0,0.0114,0.9886,retreat,0.767,1.343,1.001
1789343092.0956895,alert,0.0038,0.7879,0.2083,approach,0.371,1.861,0.386
1789343092.2959456,alert,0.0011,0.9974,0.0015,approach,0.465,1.7797,0.3363
1789343092.4990659,alert,0.0005,0.7944,0.2051,approach,0.372,1.8596,0.385
1789343092.6993582,alert,0.0006,0.9776,0.0218,approach,0.456,1.7863,0.3411
1789343092.896501,alert,0.0051,0.9752,0.0197,approach,0.458,1.7855,0.341
1789343093.0981224,alert,0.0014,0.9985,0.0001,approach,0.466,1.7792,0.336
1789343093.29882,alert,0.0176,0.9824,0.0,approach,0.468,1.7786,0.3372
1789343093.496548,alert,0.0115,0.9885,0.0,approach,0.467,1.7788,0.3368
1789343093.6958094,alert,0.001,0.999,0.0,approach,0.466,1.7792,0.3359
1789343093.9002542,alert,0.0406,0.9594,0.0,approach,0.471,1.7779,0.339
1789343094.0963707,alert,0.0001,0.9999,0.0,approach,0.466,1.7792,0.3359
1789343094.2979448,alert,0.0004,0.9996,0.0,approach,0.466,1.7792,0.3359
1789343094.4968214,alert,0.0001,0.9999,0.0,approach,0.466,1.7792,0.3359
1789343094.6984308,alert,0.0001,0.9999,0.0,approach,0.466,1.7792,0.3359
1789343094.896712,alert,0.0002,0.9998,0.0,approach,0.466,1.7792,0.3359
1789343095.098404,alert,0.002,0.9977,0.0003,approach,0.466,1.7792,0.3361
1789343096.5790699,alert,0.0028,0.9969,0.0003,approach,0.466,1.7792,0.3361
1789343096.7098033,alert,0.0044,0.9955,0.0001,approach,0.466,1.7791,0.3362
1789343096.8980832,alert,0.0096,0.9903,0.0001,approach,0.467,1.7789,0.3366
1789343097.0988498,alert,0.0064,0.9936,0.0,approach,0.467,1.779,0.3364
1789343097.2974024,alert,0.0039,0.996,0.0001,approach,0.466,1.7791,0.3362
1789343097.5007112,alert,0.0059,0.9939,0.0002,approach,0.466,1.7791,0.3364
1789343097.6971228,alert,0.0102,0.9891,0.0007,approach,0.467,1.7791,0.3368
1789343097.8979747,alert,0.0038,0.9958,0.0004,approach,0.466,1.7792,0.3362
1789343098.0974166,alert,0.0102,0.9571,0.0327,approach,0.453,1.7897,0.3445
1789343098.298151,alert,0.0082,0.9904,0.0014,approach,0.466,1.7794,0.3368
1789343098.5051618,alert,0.0194,0.9793,0.0013,approach,0.468,1.779,0.3377
1789343098.6968634,alert,0.0075,0.9607,0.0318,approach,0.453,1.7895,0.344
1789343098.8965452,alert,0.0096,0.8595,0.1309,approach,0.408,1.8267,0.3679
1789343099.0962048,alert,0.0077,0.9439,0.0484,approach,0.445,1.7952,0.348
1789343099.297665,alert,0.0027,0.7357,0.2616,approach,0.345,1.8867,0.3986
1789343099.4964628,alert,0.0004,0.6283,0.3713,retreat,0.367,1.3581,0.9549
1789343099.698436,empty,0.0004,0.3796,0.62,retreat,0.521,1.3489,0.9735
1789343099.9083438,alert,0.0019,0.7455,0.2526,approach,0.349,1.8823,0.3964
1789343100.097099,alert,0.0008,0.8212,0.178,approach,0.385,1.8473,0.3785
1789343100.297369,alert,0.0055,0.8776,0.1169,approach,0.414,1.8212,0.3642
1789343100.4958246,alert,0.0054,0.9136,0.081,approach,0.43,1.8072,0.3557
1789343100.69792,alert,0.0321,0.7528,0.2151,approach,0.372,1.8626,0.3898
1789343100.8973603,alert,0.0107,0.6949,0.2944,hold,0.342,1.6359,0.6655
1789343101.0976915,alert,0.0041,0.6866,0.3093,hold,0.343,1.6369,0.6687
1789343101.3051763,alert,0.0049,0.7497,0.2454,approach,0.353,1.8786,0.3949
1789343101.5020008,alert,0.0062,0.7675,0.2263,approach,0.362,1.8693,0.3905
1789343101.695545,alert,0.0103,0.6825,0.3072,hold,0.342,1.6375,0.6689
1789343101.8974183,alert,0.0065,0.8106,0.1829,approach,0.383,1.8492,0.3801
1789343102.0969532,alert,0.0033,0.6024,0.3943,retreat,0.38,1.3573,0.9567
1789343102.2959902,empty,0.0012,0.3676,0.6312,retreat,0.528,1.3486,0.9743
1789343102.4968412,alert,0.0015,0.7676,0.2309,approach,0.359,1.8718,0.3912
1789343102.6985524,alert,0.0017,0.7862,0.2121,approach,0.368,1.8628,0.3867
1789343102.89522,alert,0.0039,0.8655,0.1306,approach,0.407,1.8269,0.3674
1789343103.0968304,alert,0.0041,0.5719,0.424,retreat,0.396,1.3561,0.9589
1789343103.3080113,alert,0.0086,0.7092,0.2822,hold,0.342,1.634,0.662
1789343103.499891,alert,0.0086,0.5759,0.4155,retreat,0.392,1.3569,0.9583
1789343103.701049,alert,0.0028,0.7301,0.2671,hold,0.343,1.6314,0.6573
1789343103.8982089,empty,0.0009,0.2744,0.7247,retreat,0.593,1.3463,0.9813
1789343104.0971172,alert,0.0017,0.842,0.1563,approach,0.395,1.8378,0.3734
1789343104.2960925,alert,0.0032,0.8207,0.1761,approach,0.386,1.8464,0.3782
1789343104.5026104,empty,0.0007,0.4236,0.5757,retreat,0.491,1.3502,0.9702
1789343104.6959743,alert,0.0026,0.6943,0.3031,hold,0.343,1.6358,0.6668
1789343104.8975916,alert,0.0121,0.7886,0.1993,approach,0.376,1.8564,0.3845
1789343105.0948775,alert,0.0083,0.7893,0.2024,approach,0.374,1.858,0.3849
1789343105.2968771,alert,0.0048,0.6856,0.3096,hold,0.343,1.637,0.6689
1789343105.4973137,alert,0.005,0.843,0.152,approach,0.397,1.8358,0.3726
1789343105.695475,alert,0.0067,0.9845,0.0088,approach,0.463,1.7818,0.3385
1789343105.895959,alert,0.0039,0.6807,0.3154,hold,0.343,1.6377,0.6703
1789343106.0958028,alert,0.0098,0.8572,0.133,approach,0.407,1.8276,0.3684
1789343106.296586,alert,0.0076,0.9299,0.0625,approach,0.439,1.8003,0.3514
1789343106.4948754,alert,0.0054,0.9652,0.0294,approach,0.453,1.7887,0.3433
1789343106.696693,alert,0.0026,0.9713,0.0261,approach,0.455,1.7877,0.3423
1789343106.8954148,alert,0.0014,0.9711,0.0275,approach,0.454,1.7882,0.3425
1789343107.1039703,alert,0.0009,0.9927,0.0064,approach,0.463,1.7812,0.3375
1789343107.3041198,alert,0.0005,0.9987,0.0008,approach,0.465,1.7795,0.3361
1789343107.4949374,alert,0.0011,0.9989,0.0,approach,0.466,1.7792,0.3359
1789343107.6955101,alert,0.0006,0.9991,0.0003,approach,0.466,1.7793,0.336
1789343107.8964677,alert,0.0073,0.988,0.0047,approach,0.465,1.7805,0.3375
1789343108.0957978,alert,0.0054,0.9919,0.0027,approach,0.465,1.7799,0.3369
1789343108.2956061,alert,0.0041,0.9769,0.019,approach,0.458,1.7853,0.3407
1789343108.4984844,alert,0.0009,0.9977,0.0014,approach,0.465,1.7796,0.3363
1789343108.695803,alert,0.0004,0.9996,0.0,approach,0.466,1.7792,0.3359
1789343108.8962712,alert,0.0,0.9999,0.0001,approach,0.466,1.7792,0.3359
1789343109.0970945,alert,0.0001,0.9998,0.0001,approach,0.466,1.7792,0.3359
1789343109.2955256,alert,0.0006,0.9994,0.0,approach,0.466,1.7792,0.3359
1789343109.4985003,alert,0.0028,0.9971,0.0001,approach,0.466,1.7792,0.3361
1789343109.6971939,alert,0.0019,0.998,0.0001,approach,0.466,1.7792,0.336
1789343109.8953493,alert,0.0017,0.9982,0.0001,approach,0.466,1.7792,0.336
1789343110.0956755,alert,0.0013,0.9986,0.0001,approach,0.466,1.7792,0.336
1789343110.2962394,alert,0.0058,0.9941,0.0001,approach,0.466,1.7791,0.3363
1789343110.5022576,alert,0.0027,0.9972,0.0001,approach,0.466,1.7792,0.3361
1789343110.6976027,alert,0.0043,0.9957,0.0,approach,0.466,1.7791,0.3362
1789343110.8956454,alert,0.002,0.998,0.0,approach,0.466,1.7792,0.336
1789343111.0972257,alert,0.0011,0.9989,0.0,approach,0.466,1.7792,0.3359
1789343111.2958589,alert,0.0001,0.9999,0.0,approach,0.466,1.7792,0.3359
1789343111.4951997,alert,0.0065,0.9934,0.0001,approach,0.466,1.779,0.3364
1789343111.6965003,alert,0.0025,0.9974,0.0001,approach,0.466,1.7792,0.3361
1789343111.8949609,alert,0.0313,0.9687,0.0,approach,0.47,1.7782,0.3383
1789343112.0948143,alert,0.0163,0.9837,0.0,approach,0.468,1.7787,0.3371
1789343112.2952926,alert,0.0007,0.9993,0.0,approach,0.466,1.7792,0.3359
1789343112.4948573,alert,0.0024,0.9973,0.0003,approach,0.466,1.7792,0.3361
1789343112.6951888,alert,0.0203,0.9772,0.0025,approach,0.467,1.7794,0.338
1789343112.8950012,alert,0.0112,0.9849,0.0039,approach,0.465,1.7801,0.3377
1789343113.0951235,alert,0.0027,0.9954,0.0019,approach,0.465,1.7797,0.3365
1789343113.2973838,alert,0.0015,0.9883,0.0102,approach,0.461,1.7825,0.3384
1789343113.4968617,alert,0.0005,0.9261,0.0734,approach,0.433,1.8046,0.3535
1789343113.6971736,alert,0.0008,0.8728,0.1264,approach,0.409,1.8253,0.3662
1789343113.8967834,alert,0.0006,0.638,0.3614,retreat,0.361,1.3585,0.9542
1789343114.097743,alert,0.0021,0.9925,0.0054,approach,0.464,1.7809,0.3373
1789343114.296506,alert,0.0003,0.8889,0.1108,approach,0.416,1.819,0.3624
1789343114.495137,empty,0.0002,0.1368,0.863,retreat,0.688,1.3439,0.9916
1789343114.6948655,alert,0.0005,0.8086,0.1909,approach,0.378,1.8531,0.3816
1789343114.8996298,alert,0.0005,0.9687,0.0308,approach,0.452,1.7894,0.3433
1789343115.1039226,alert,0.0001,0.8898,0.1101,approach,0.416,1.8187,0.3622
1789343115.3014832,alert,0.0002,0.9898,0.01,approach,0.461,1.7824,0.3383
1789343115.4957566,alert,0.0001,0.992,0.0079,approach,0.462,1.7818,0.3378
1789343115.7070725,alert,0.0001,0.9978,0.0021,approach,0.465,1.7799,0.3364
1789343115.8957462,alert,0.0012,0.961,0.0378,approach,0.449,1.7918,0.345
1789343116.0996315,alert,0.0002,0.8325,0.1673,approach,0.389,1.8426,0.3759
1789343116.2993412,empty,0.0002,0.3605,0.6393,retreat,0.534,1.3483,0.9749
1789343116.4975688,empty,0.0002,0.087,0.9128,retreat,0.72,1.3434,0.9953
1789343116.6957488,empty,0.0004,0.0852,0.9144,retreat,0.721,1.3434,0.9955
1789343116.8962083,empty,0.0012,0.365,0.6338,retreat,0.53,1.3485,0.9745
1789343117.0975304,empty,0.001,0.421,0.578,retreat,0.492,1.3502,0.9704
1789343117.295499,empty,0.001,0.3675,0.6315,retreat,0.528,1.3486,0.9744
1789343117.4952927,alert,0.0003,0.9989,0.0008,approach,0.465,1.7795,0.3361
1789343117.694557,alert,0.0032,0.9968,0.0,approach,0.466,1.7791,0.3361
1789343117.895133,alert,0.0006,0.9988,0.0006,approach,0.466,1.7794,0.336
1789343118.0946891,alert,0.0011,0.9988,0.0001,approach,0.466,1.7792,0.336
1789343118.29649,alert,0.0062,0.9938,0.0,approach,0.466,1.779,0.3363
1789343118.4969816,alert,0.0009,0.999,0.0001,approach,0.466,1.7792,0.3359
1789343118.696378,alert,0.0006,0.999,0.0004,approach,0.466,1.7793,0.336
1789343118.895781,alert,0.0008,0.9978,0.0014,approach,0.465,1.7796,0.3363
1789343119.0963147,alert,0.013,0.9865,0.0005,approach,0.467,1.779,0.337
1789343119.2958128,alert,0.004,0.9959,0.0001,approach,0.466,1.7791,0.3362
1789343119.496533,alert,0.0011,0.9986,0.0003,approach,0.466,1.7793,0.336
1789343119.6959908,alert,0.0093,0.9865,0.0042,approach,0.465,1.7803,0.3376
1789343119.8951867,alert,0.0001,0.9998,0.0001,approach,0.466,1.7792,0.3359
1789343120.0947359,alert,0.0002,0.999,0.0008,approach,0.465,1.7795,0.3361
1789343120.295403,alert,0.0,0.9988,0.0012,approach,0.465,1.7796,0.3361
1789343120.497712,alert,0.0002,0.9956,0.0042,approach,0.464,1.7806,0.3369
1789343120.695517,alert,0.0008,0.85,0.1492,approach,0.398,1.8348,0.3716
1789343120.8969078,alert,0.0004,0.9843,0.0153,approach,0.459,1.7842,0.3395
1789343121.0968711,alert,0.0005,0.9818,0.0177,approach,0.458,1.785,0.3401
1789343121.2970233,alert,0.0004,0.9995,0.0001,approach,0.466,1.7792,0.3359
1789343121.4985561,alert,0.0002,0.9931,0.0067,approach,0.463,1.7814,0.3375
1789343121.6990469,alert,0.0003,0.9869,0.0128,approach,0.46,1.7833,0.3389
1789343121.8975987,alert,0.0008,0.9908,0.0084,approach,0.462,1.7819,0.3379
1789343122.0960424,alert,0.0013,0.9669,0.0318,approach,0.452,1.7897,0.3436
1789343122.2966042,alert,0.0012,0.9972,0.0016,approach,0.465,1.7797,0.3363
1789343122.4950073,alert,0.0007,0.9918,0.0075,approach,0.463,1.7816,0.3377
1789343122.695541,alert,0.0012,0.5219,0.4769,retreat,0.428,1.3537,0.9628
1789343122.89686,alert,0.0038,0.9928,0.0034,approach,0.465,1.7802,0.337
1789343123.0973737,alert,0.0032,0.991,0.0058,approach,0.464,1.781,0.3375
1789343123.2971795,alert,0.0025,0.9971,0.0004,approach,0.466,1.7793,0.3361
1789343123.4954524,alert,0.0032,0.9906,0.0062,approach,0.463,1.7811,0.3376
1789343123.6953027,alert,0.0029,0.9898,0.0073,approach,0.463,1.7815,0.3378
1789343123.895156,alert,0.0052,0.9802,0.0146,approach,0.46,1.7838,0.3398
1789343124.0971248,alert,0.0018,0.9886,0.0096,approach,0.462,1.7823,0.3383
1789343124.295702,alert,0.0031,0.8915,0.1054,approach,0.419,1.8167,0.3613
1789343124.4982245,empty,0.0019,0.4388,0.5593,retreat,0.48,1.3509,0.969
1789343124.6947975,empty,0.0008,0.2226,0.7766,retreat,0.629,1.3453,0.9852
1789343124.8998675,empty,0.0009,0.3219,0.6772,retreat,0.56,1.3474,0.9778
1789343125.0977006,empty,0.0017,0.4328,0.5655,retreat,0.484,1.3506,0.9694
1789343125.295546,empty,0.0032,0.4455,0.5513,retreat,0.475,1.3512,0.9684
1789343125.4969163,alert,0.0038,0.6015,0.3947,retreat,0.38,1.3573,0.9567
1789343125.6965873,alert,0.0067,0.8493,0.144,approach,0.401,1.8323,0.3708
1789343125.8952181,alert,0.0082,0.8643,0.1275,approach,0.409,1.8254,0.367
1789343126.0970325,alert,0.0412,0.8638,0.095,approach,0.429,1.8111,0.3618
1789343126.2954104,alert,0.0151,0.9783,0.0066,approach,0.465,1.7808,0.3386
1789343126.4972944,alert,0.0175,0.9762,0.0063,approach,0.465,1.7807,0.3387
1789343126.700273,alert,0.0121,0.9336,0.0543,approach,0.443,1.7972,0.3498
1789343126.8993795,alert,0.0055,0.9633,0.0312,approach,0.453,1.7893,0.3437
1789343127.0953984,alert,0.0166,0.9772,0.0062,approach,0.465,1.7807,0.3386
1789343127.2955856,alert,0.0057,0.9691,0.0252,approach,0.455,1.7873,0.3423
1789343127.4964476,alert,0.0094,0.9251,0.0655,approach,0.438,1.8013,0.3523
1789343127.6987088,alert,0.0111,0.5407,0.4482,retreat,0.411,1.3558,0.9608
1789343127.896296,alert,0.0094,0.8138,0.1768,approach,0.386,1.8464,0.3789
1789343128.0967374,alert,0.0015,0.9384,0.0601,approach,0.439,1.7997,0.3503
1789343128.2962,alert,0.002,0.9616,0.0364,approach,0.45,1.7912,0.3447
1789343128.4970186,alert,0.0004,0.7885,0.2111,approach,0.369,1.8624,0.3864
1789343128.6968606,alert,0.0011,0.82,0.1789,approach,0.384,1.8477,0.3787
1789343128.8967981,empty,0.0002,0.1442,0.8556,retreat,0.683,1.344,0.9911
1789343129.095297,empty,0.0016,0.4267,0.5717,retreat,0.488,1.3504,0.9699
1789343129.2956629,alert,0.0049,0.8551,0.14,approach,0.403,1.8307,0.3697
1789343129.4951603,alert,0.0146,0.9222,0.0632,approach,0.44,1.8003,0.3521
1789343129.6957896,alert,0.0474,0.6803,0.2723,approach,0.347,1.8895,0.4047
1789343129.8950768,alert,0.017,0.7349,0.2481,approach,0.354,1.8792,0.3965
1789343130.0954392,alert,0.0159,0.9097,0.0744,approach,0.435,1.8043,0.3549
1789343130.2976704,alert,0.0237,0.9723,0.004,approach,0.467,1.7797,0.3387
1789343130.4960063,alert,0.0186,0.9803,0.0011,approach,0.468,1.779,0.3376
1789343130.6961157,alert,0.0109,0.9891,0.0,approach,0.467,1.7789,0.3367
1789343130.8954782,alert,0.0104,0.9895,0.0001,approach,0.467,1.7789,0.3367
1789343131.0953636,alert,0.0029,0.9971,0.0,approach,0.466,1.7791,0.3361
1789343131.296157,alert,0.0034,0.9963,0.0003,approach,0.466,1.7792,0.3362
1789343131.4965549,alert,0.0076,0.9811,0.0113,approach,0.462,1.7826,0.3392
1789343131.6951568,alert,0.0106,0.9883,0.0011,approach,0.467,1.7792,0.3369
1789343131.897673,alert,0.013,0.9831,0.0039,approach,0.466,1.78,0.3378
1789343132.0979235,alert,0.0188,0.9807,0.0005,approach,0.468,1.7788,0.3374
1789343132.295431,alert,0.0503,0.9398,0.0099,approach,0.468,1.7807,0.3422
1789343132.4957106,alert,0.0147,0.9816,0.0037,approach,0.466,1.7799,0.3379
1789343132.6951168,alert,0.0089,0.9911,0.0,approach,0.467,1.7789,0.3365
1789343132.8954043,alert,0.0018,0.998,0.0002,approach,0.466,1.7792,0.336
1789343133.0963364,alert,0.0009,0.9939,0.0052,approach,0.464,1.7809,0.3372
1789343133.2949803,alert,0.0016,0.9962,0.0022,approach,0.465,1.7799,0.3365
1789343133.496444,alert,0.0033,0.9834,0.0133,approach,0.46,1.7834,0.3393
1789343133.6964774,alert,0.0061,0.9838,0.0101,approach,0.462,1.7823,0.3387
1789343133.8961084,empty,0.0161,0.4317,0.5522,retreat,0.477,1.3524,0.9687
1789343134.0969656,empty,0.033,0.1823,0.7847,retreat,0.638,1.3483,0.9863
1789343134.2992163,alert,0.1146,0.7343,0.1511,approach,0.414,1.8303,0.381
1789343134.4961488,alert,0.1373,0.6379,0.2248,approach,0.383,1.8615,0.4004
1789343134.6953313,alert,0.0145,0.9825,0.003,approach,0.466,1.7797,0.3377
1789343134.8955286,alert,0.0068,0.9165,0.0767,approach,0.432,1.8056,0.3547
1789343135.097299,alert,0.0046,0.9872,0.0082,approach,0.463,1.7817,0.3382
1789343135.2959359,alert,0.0002,0.9995,0.0003,approach,0.466,1.7793,0.3359
1789343135.4963129,alert,0.0007,0.9993,0.0,approach,0.466,1.7792,0.3359
1789343135.6958385,alert,0.0012,0.9988,0.0,approach,0.466,1.7792,0.3359
1789343135.8955467,alert,0.0002,0.9998,0.0,approach,0.466,1.7792,0.3359
1789343136.09667,alert,0.0111,0.9828,0.0061,approach,0.464,1.7808,0.3382
1789343136.2956421,alert,0.0166,0.9799,0.0035,approach,0.466,1.7798,0.338
1789343136.4953616,alert,0.0037,0.9956,0.0007,approach,0.466,1.7793,0.3363
1789343136.6985152,alert,0.0029,0.9961,0.001,approach,0.466,1.7794,0.3363
1789343136.895894,alert,0.0009,0.9987,0.0004,approach,0.466,1.7793,0.336
1789343137.0961087,alert,0.0022,0.9963,0.0015,approach,0.465,1.7796,0.3364
1789343137.5164368,empty,0.0,0.0026,0.9974,retreat,0.772,1.3429,1.0016
1789343137.700432,empty,0.0002,0.0332,0.9666,retreat,0.754,1.3431,0.9994
1789343137.8959084,empty,0.0001,0.0022,0.9977,retreat,0.773,1.343,1.0017
1789343138.0973802,empty,0.0001,0.0021,0.9978,retreat,0.773,1.343,1.0017
1789343138.2964551,empty,0.0001,0.0031,0.9968,retreat,0.772,1.343,1.0016
1789343138.496566,empty,0.0001,0.0042,0.9957,retreat,0.771,1.343,1.0015
1789343138.6966677,empty,0.0001,0.0086,0.9913,retreat,0.769,1.343,1.0012
1789343138.9004328,empty,0.0001,0.0054,0.9945,retreat,0.771,1.343,1.0014
1789343139.0983238,empty,0.0,0.0048,0.9952,retreat,0.771,1.343,1.0015
1789343139.2970552,empty,0.0001,0.0073,0.9926,retreat,0.77,1.343,1.0013
1789343139.4970863,empty,0.0002,0.0113,0.9885,retreat,0.767,1.343,1.001
1789343139.6986227,empty,0.0001,0.0039,0.996,retreat,0.772,1.343,1.0015
1789343139.8971796,empty,0.0002,0.0152,0.9846,retreat,0.765,1.343,1.0007
1789343140.0964441,empty,0.0002,0.023,0.9768,retreat,0.76,1.343,1.0001
1789343140.296261,empty,0.0,0.0084,0.9916,retreat,0.769,1.343,1.0012
1789343140.4968727,empty,0.0001,0.0155,0.9844,retreat,0.765,1.343,1.0007
1789343140.6983778,empty,0.0,0.0002,0.9998,retreat,0.774,1.3429,1.0018
1789343140.9022684,empty,0.0,0.0002,0.9998,retreat,0.774,1.3429,1.0018
1789343141.0977783,empty,0.0,0.0002,0.9998,retreat,0.774,1.3429,1.0018
1789343141.2978127,empty,0.0,0.0,1.0,retreat,0.774,1.3429,1.0018
1789343141.496498,empty,0.0,0.0002,0.9998,retreat,0.774,1.3429,1.0018
1789343141.6972923,empty,0.0,0.0002,0.9998,retreat,0.774,1.3429,1.0018
1789343141.8991153,empty,0.0,0.0066,0.9934,retreat,0.77,1.343,1.0013
1789343142.096145,empty,0.0,0.0003,0.9997,retreat,0.774,1.3429,1.0018
1789343142.300211,empty,0.0,0.002,0.998,retreat,0.773,1.3429,1.0017
1789343142.498996,empty,0.0,0.0082,0.9918,retreat,0.769,1.343,1.0012
1789343142.6962197,empty,0.0,0.0007,0.9993,retreat,0.773,1.3429,1.0018
1789343142.8979616,empty,0.0,0.0001,0.9999,retreat,0.774,1.3429,1.0018
1789343143.098605,empty,0.0,0.001,0.999,retreat,0.773,1.3429,1.0018
1789343143.297713,empty,0.0,0.0114,0.9886,retreat,0.767,1.343,1.001
1789343143.4978127,alert,0.0038,0.7879,0.2083,approach,0.371,1.861,0.386
1789343143.7003696,alert,0.0011,0.9974,0.0015,approach,0.465,1.7797,0.3363
1789343143.9003174,alert,0.0005,0.7944,0.2051,approach,0.372,1.8596,0.385
1789343144.0967958,alert,0.0006,0.9776,0.0218,approach,0.456,1.7863,0.3411
1789343144.2957726,alert,0.0051,0.9752,0.0197,approach,0.458,1.7855,0.341
1789343144.4974344,alert,0.0014,0.9985,0.0001,approach,0.466,1.7792,0.336
1789343144.6977935,alert,0.0176,0.9824,0.0,approach,0.468,1.7786,0.3372
1789343144.8959155,alert,0.0115,0.9885,0.0,approach,0.467,1.7788,0.3368
1789343145.0974767,alert,0.001,0.999,0.0,approach,0.466,1.7792,0.3359
1789343145.2957282,alert,0.0406,0.9594,0.0,approach,0.471,1.7779,0.339
1789343145.5020647,alert,0.0001,0.9999,0.0,approach,0.466,1.7792,0.3359
1789343145.6961653,alert,0.0004,0.9996,0.0,approach,0.466,1.7792,0.3359
1789343145.8973088,alert,0.0001,0.9999,0.0,approach,0.466,1.7792,0.3359
1789343146.0967116,alert,0.0001,0.9999,0.0,approach,0.466,1.7792,0.3359
1789343146.2983942,alert,0.0002,0.9998,0.0,approach,0.466,1.7792,0.3359
1789343146.4966218,alert,0.002,0.9977,0.0003,approach,0.466,1.7792,0.3361
1789343146.6968572,alert,0.0028,0.9969,0.0003,approach,0.466,1.7792,0.3361
1789343146.8968017,alert,0.0044,0.9955,0.0001,approach,0.466,1.7791,0.3362
1789343147.094918,alert,0.0096,0.9903,0.0001,approach,0.467,1.7789,0.3366
1789343147.295715,alert,0.0064,0.9936,0.0,approach,0.467,1.779,0.3364
1789343147.4949965,alert,0.0039,0.996,0.0001,approach,0.466,1.7791,0.3362
1789343147.697226,alert,0.0059,0.9939,0.0002,approach,0.466,1.7791,0.3364
1789343147.896427,alert,0.0102,0.9891,0.0007,approach,0.467,1.7791,0.3368
1789343148.0980058,alert,0.0038,0.9958,0.0004,approach,0.466,1.7792,0.3362
1789343148.2954996,alert,0.0102,0.9571,0.0327,approach,0.453,1.7897,0.3445
1789343148.4974024,alert,0.0082,0.9904,0.0014,approach,0.466,1.7794,0.3368
1789343148.6961415,alert,0.0194,0.9793,0.0013,approach,0.468,1.779,0.3377
1789343148.8965902,alert,0.0075,0.9607,0.0318,approach,0.453,1.7895,0.344
1789343149.0964546,alert,0.0096,0.8595,0.1309,approach,0.408,1.8267,0.3679
1789343149.2997708,alert,0.0077,0.9439,0.0484,approach,0.445,1.7952,0.348
1789343149.4960046,alert,0.0027,0.7357,0.2616,approach,0.345,1.8867,0.3986
1789343149.6968548,alert,0.0004,0.6283,0.3713,retreat,0.367,1.3581,0.9549
1789343149.9011173,empty,0.0004,0.3796,0.62,retreat,0.521,1.3489,0.9735
1789343150.1019464,alert,0.0019,0.7455,0.2526,approach,0.349,1.8823,0.3964
1789343150.295638,alert,0.0008,0.8212,0.178,approach,0.385,1.8473,0.3785
1789343150.4964032,alert,0.0055,0.8776,0.1169,approach,0.414,1.8212,0.3642
1789343150.699079,alert,0.0054,0.9136,0.081,approach,0.43,1.8072,0.3557
1789343150.8965373,alert,0.0321,0.7528,0.2151,approach,0.372,1.8626,0.3898
1789343151.0953076,alert,0.0107,0.6949,0.2944,hold,0.342,1.6359,0.6655
1789343151.2965,alert,0.0041,0.6866,0.3093,hold,0.343,1.6369,0.6687
1789343151.496345,alert,0.0049,0.7497,0.2454,approach,0.353,1.8786,0.3949
1789343151.695962,alert,0.0062,0.7675,0.2263,approach,0.362,1.8693,0.3905
1789343151.8959954,alert,0.0103,0.6825,0.3072,hold,0.342,1.6375,0.6689
1789343152.095839,alert,0.0065,0.8106,0.1829,approach,0.383,1.8492,0.3801
1789343152.295987,alert,0.0033,0.6024,0.3943,retreat,0.38,1.3573,0.9567
1789343152.4958086,empty,0.0012,0.3676,0.6312,retreat,0.528,1.3486,0.9743
1789343152.6959558,alert,0.0015,0.7676,0.2309,approach,0.359,1.8718,0.3912
1789343152.8978887,alert,0.0017,0.7862,0.2121,approach,0.368,1.8628,0.3867
1789343153.0958946,alert,0.0039,0.8655,0.1306,approach,0.407,1.8269,0.3674
1789343153.3008218,alert,0.0041,0.5719,0.424,retreat,0.396,1.3561,0.9589
1789343153.4964745,alert,0.0086,0.7092,0.2822,hold,0.342,1.634,0.662
1789343153.6984541,alert,0.0086,0.5759,0.4155,retreat,0.392,1.3569,0.9583
1789343153.9007585,alert,0.0028,0.7301,0.2671,hold,0.343,1.6314,0.6573
1789343154.0959458,empty,0.0009,0.2744,0.7247,retreat,0.593,1.3463,0.9813
1789343154.2982123,alert,0.0017,0.842,0.1563,approach,0.395,1.8378,0.3734
1789343154.4957986,alert,0.0032,0.8207,0.1761,approach,0.386,1.8464,0.3782
1789343154.696698,empty,0.0007,0.4236,0.5757,retreat,0.491,1.3502,0.9702
1789343154.8952546,alert,0.0026,0.6943,0.3031,hold,0.343,1.6358,0.6668
1789343155.096344,alert,0.0121,0.7886,0.1993,approach,0.376,1.8564,0.3845
1789343155.2953947,alert,0.0083,0.7893,0.2024,approach,0.374,1.858,0.3849
1789343155.4961443,alert,0.0048,0.6856,0.3096,hold,0.343,1.637,0.6689
1789343155.6965976,alert,0.005,0.843,0.152,approach,0.397,1.8358,0.3726
1789343155.8960366,alert,0.0067,0.9845,0.0088,approach,0.463,1.7818,0.3385
1789343156.0959792,alert,0.0039,0.6807,0.3154,hold,0.343,1.6377,0.6703
1789343156.2969081,alert,0.0098,0.8572,0.133,approach,0.407,1.8276,0.3684
1789343156.4974806,alert,0.0076,0.9299,0.0625,approach,0.439,1.8003,0.3514
1789343156.6953723,alert,0.0054,0.9652,0.0294,approach,0.453,1.7887,0.3433
1789343156.8975117,alert,0.0026,0.9713,0.0261,approach,0.455,1.7877,0.3423
1789343157.096605,alert,0.0014,0.9711,0.0275,approach,0.454,1.7882,0.3425
1789343157.295244,alert,0.0009,0.9927,0.0064,approach,0.463,1.7812,0.3375
1789343157.4979882,alert,0.0005,0.9987,0.0008,approach,0.465,1.7795,0.3361
1789343157.7004287,alert,0.0011,0.9989,0.0,approach,0.466,1.7792,0.3359
1789343157.8953018,alert,0.0006,0.9991,0.0003,approach,0.466,1.7793,0.336
1789343158.1001182,alert,0.0073,0.988,0.0047,approach,0.465,1.7805,0.3375
1789343158.2951443,alert,0.0054,0.9919,0.0027,approach,0.465,1.7799,0.3369
1789343158.49629,alert,0.0041,0.9769,0.019,approach,0.458,1.7853,0.3407
1789343158.6963906,alert,0.0009,0.9977,0.0014,approach,0.465,1.7796,0.3363
1789343158.8960593,alert,0.0004,0.9996,0.0,approach,0.466,1.7792,0.3359
1789343159.0968513,alert,0.0,0.9999,0.0001,approach,0.466,1.7792,0.3359
1789343159.296569,alert,0.0001,0.9998,0.0001,approach,0.466,1.7792,0.3359
1789343159.4986854,alert,0.0006,0.9994,0.0,approach,0.466,1.7792,0.3359
1789343159.6952598,alert,0.0028,0.9971,0.0001,approach,0.466,1.7792,0.3361
1789343159.897645,alert,0.0019,0.998,0.0001,approach,0.466,1.7792,0.336
1789343160.0992336,alert,0.0017,0.9982,0.0001,approach,0.466,1.7792,0.336
1789343160.300694,alert,0.0013,0.9986,0.0001,approach,0.466,1.7792,0.336
1789343160.5167198,alert,0.0058,0.9941,0.0001,approach,0.466,1.7791,0.3363
1789343160.7001235,alert,0.0027,0.9972,0.0001,approach,0.466,1.7792,0.3361
1789343160.8983328,alert,0.0043,0.9957,0.0,approach,0.466,1.7791,0.3362
1789343161.095963,alert,0.002,0.998,0.0,approach,0.466,1.7792,0.336
1789343161.2960784,alert,0.0011,0.9989,0.0,approach,0.466,1.7792,0.3359
1789343161.4973443,alert,0.0001,0.9999,0.0,approach,0.466,1.7792,0.3359
1789343161.695695,alert,0.0065,0.9934,0.0001,approach,0.466,1.779,0.3364
1789343161.8957586,alert,0.0025,0.9974,0.0001,approach,0.466,1.7792,0.3361
1789343162.0954525,alert,0.0313,0.9687,0.0,approach,0.47,1.7782,0.3383
1789343162.2963884,alert,0.0163,0.9837,0.0,approach,0.468,1.7787,0.3371
1789343162.4955258,alert,0.0007,0.9993,0.0,approach,0.466,1.7792,0.3359
1789343162.6952827,alert,0.0024,0.9973,0.0003,approach,0.466,1.7792,0.3361
1789343162.8952296,alert,0.0203,0.9772,0.0025,approach,0.467,1.7794,0.338
1789343163.0955262,alert,0.0112,0.9849,0.0039,approach,0.465,1.7801,0.3377
1789343163.2960606,alert,0.0027,0.9954,0.0019,approach,0.465,1.7797,0.3365
1789343163.4992461,alert,0.0015,0.9883,0.0102,approach,0.461,1.7825,0.3384
1789343163.6958077,alert,0.0005,0.9261,0.0734,approach,0.433,1.8046,0.3535
1789343163.8957598,alert,0.0008,0.8728,0.1264,approach,0.409,1.8253,0.3662
1789343164.096679,alert,0.0006,0.638,0.3614,retreat,0.361,1.3585,0.9542
1789343164.2970736,alert,0.0021,0.9925,0.0054,approach,0.464,1.7809,0.3373
1789343164.4974327,alert,0.0003,0.8889,0.1108,approach,0.416,1.819,0.3624
1789343164.6980228,empty,0.0002,0.1368,0.863,retreat,0.688,1.3439,0.9916
1789343164.8963985,alert,0.0005,0.8086,0.1909,approach,0.378,1.8531,0.3816
1789343165.0972126,alert,0.0005,0.9687,0.0308,approach,0.452,1.7894,0.3433
1789343165.2971797,alert,0.0001,0.8898,0.1101,approach,0.416,1.8187,0.3622
1789343165.4970653,alert,0.0002,0.9898,0.01,approach,0.461,1.7824,0.3383
1789343165.701643,alert,0.0001,0.992,0.0079,approach,0.462,1.7818,0.3378
1789343165.8960998,alert,0.0001,0.9978,0.0021,approach,0.465,1.7799,0.3364
1789343166.0977454,alert,0.0012,0.961,0.0378,approach,0.449,1.7918,0.345
1789343166.3001125,alert,0.0002,0.8325,0.1673,approach,0.389,1.8426,0.3759
1789343166.4976578,empty,0.0002,0.3605,0.6393,retreat,0.534,1.3483,0.9749
1789343166.6963394,empty,0.0002,0.087,0.9128,retreat,0.72,1.3434,0.9953
1789343166.8959565,empty,0.0004,0.0852,0.9144,retreat,0.721,1.3434,0.9955
1789343167.0965588,empty,0.0012,0.365,0.6338,retreat,0.53,1.3485,0.9745
1789343167.3008265,empty,0.001,0.421,0.578,retreat,0.492,1.3502,0.9704
1789343167.4974217,empty,0.001,0.3675,0.6315,retreat,0.528,1.3486,0.9744
1789343167.697369,alert,0.0003,0.9989,0.0008,approach,0.465,1.7795,0.3361
1789343167.8960798,alert,0.0032,0.9968,0.0,approach,0.466,1.7791,0.3361
1789343168.0967846,alert,0.0006,0.9988,0.0006,approach,0.466,1.7794,0.336
1789343168.3001359,alert,0.0011,0.9988,0.0001,approach,0.466,1.7792,0.336
1789343168.5011039,alert,0.0062,0.9938,0.0,approach,0.466,1.779,0.3363
1789343168.697062,alert,0.0009,0.999,0.0001,approach,0.466,1.7792,0.3359
1789343168.8961837,alert,0.0006,0.999,0.0004,approach,0.466,1.7793,0.336
1789343169.1005816,alert,0.0008,0.9978,0.0014,approach,0.465,1.7796,0.3363
1789343169.2975895,alert,0.013,0.9865,0.0005,approach,0.467,1.779,0.337
1789343169.495822,alert,0.004,0.9959,0.0001,approach,0.466,1.7791,0.3362
1789343169.695876,alert,0.0011,0.9986,0.0003,approach,0.466,1.7793,0.336
1789343169.8963366,alert,0.0093,0.9865,0.0042,approach,0.465,1.7803,0.3376
1789343170.1011858,alert,0.0001,0.9998,0.0001,approach,0.466,1.7792,0.3359
1789343170.295934,alert,0.0002,0.999,0.0008,approach,0.465,1.7795,0.3361
1789343170.495646,alert,0.0,0.9988,0.0012,approach,0.465,1.7796,0.3361
1789343170.6962736,alert,0.0002,0.9956,0.0042,approach,0.464,1.7806,0.3369
1789343170.8957684,alert,0.0008,0.85,0.1492,approach,0.398,1.8348,0.3716
1789343171.096423,alert,0.0004,0.9843,0.0153,approach,0.459,1.7842,0.3395
1789343171.2954564,alert,0.0005,0.9818,0.0177,approach,0.458,1.785,0.3401
1789343171.495907,alert,0.0004,0.9995,0.0001,approach,0.466,1.7792,0.3359
1789343171.6979406,alert,0.0002,0.9931,0.0067,approach,0.463,1.7814,0.3375
1789343171.8953,alert,0.0003,0.9869,0.0128,approach,0.46,1.7833,0.3389
1789343172.0967338,alert,0.0008,0.9908,0.0084,approach,0.462,1.7819,0.3379
1789343172.2955077,alert,0.0013,0.9669,0.0318,approach,0.452,1.7897,0.3436
1789343172.4965677,alert,0.0012,0.9972,0.0016,approach,0.465,1.7797,0.3363
1789343172.6971552,alert,0.0007,0.9918,0.0075,approach,0.463,1.7816,0.3377
1789343172.8963726,alert,0.0012,0.5219,0.4769,retreat,0.428,1.3537,0.9628
1789343173.095593,alert,0.0038,0.9928,0.0034,approach,0.465,1.7802,0.337
1789343174.5124478,alert,0.0032,0.991,0.0058,approach,0.464,1.781,0.3375
1789343174.697282,alert,0.0025,0.9971,0.0004,approach,0.466,1.7793,0.3361
1789343174.895292,alert,0.0032,0.9906,0.0062,approach,0.463,1.7811,0.3376
1789343175.097848,alert,0.0029,0.9898,0.0073,approach,0.463,1.7815,0.3378
1789343175.29611,alert,0.0052,0.9802,0.0146,approach,0.46,1.7838,0.3398
1789343175.4954104,alert,0.0018,0.9886,0.0096,approach,0.462,1.7823,0.3383
1789343175.6972566,alert,0.0031,0.8915,0.1054,approach,0.419,1.8167,0.3613
1789343175.895329,empty,0.0019,0.4388,0.5593,retreat,0.48,1.3509,0.969
1789343176.0972812,empty,0.0008,0.2226,0.7766,retreat,0.629,1.3453,0.9852
1789343176.2966542,empty,0.0009,0.3219,0.6772,retreat,0.56,1.3474,0.9778
1789343176.4958978,empty,0.0017,0.4328,0.5655,retreat,0.484,1.3506,0.9694
1789343176.6976902,empty,0.0032,0.4455,0.5513,retreat,0.475,1.3512,0.9684
1789343176.8955681,alert,0.0038,0.6015,0.3947,retreat,0.38,1.3573,0.9567
1789343177.0958183,alert,0.0067,0.8493,0.144,approach,0.401,1.8323,0.3708
1789343177.2957194,alert,0.0082,0.8643,0.1275,approach,0.409,1.8254,0.367
1789343177.4975157,alert,0.0412,0.8638,0.095,approach,0.429,1.8111,0.3618
1789343177.6992476,alert,0.0151,0.9783,0.0066,approach,0.465,1.7808,0.3386
1789343177.8953238,alert,0.0175,0.9762,0.0063,approach,0.465,1.7807,0.3387
1789343178.0956194,alert,0.0121,0.9336,0.0543,approach,0.443,1.7972,0.3498
1789343178.2954397,alert,0.0055,0.9633,0.0312,approach,0.453,1.7893,0.3437
1789343178.49741,alert,0.0166,0.9772,0.0062,approach,0.465,1.7807,0.3386
1789343178.6959167,alert,0.0057,0.9691,0.0252,approach,0.455,1.7873,0.3423
1789343178.8960173,alert,0.0094,0.9251,0.0655,approach,0.438,1.8013,0.3523
1789343179.0961583,alert,0.0111,0.5407,0.4482,retreat,0.411,1.3558,0.9608
1789343179.2960026,alert,0.0094,0.8138,0.1768,approach,0.386,1.8464,0.3789
1789343179.4966953,alert,0.0015,0.9384,0.0601,approach,0.439,1.7997,0.3503
1789343179.6970909,alert,0.002,0.9616,0.0364,approach,0.45,1.7912,0.3447
1789343179.8955362,alert,0.0004,0.7885,0.2111,approach,0.369,1.8624,0.3864
1789343180.0953948,alert,0.0011,0.82,0.1789,approach,0.384,1.8477,0.3787
1789343180.2975152,empty,0.0002,0.1442,0.8556,retreat,0.683,1.344,0.9911
1789343180.4976473,empty,0.0016,0.4267,0.5717,retreat,0.488,1.3504,0.9699
1789343180.6963458,alert,0.0049,0.8551,0.14,approach,0.403,1.8307,0.3697
1789343180.895685,alert,0.0146,0.9222,0.0632,approach,0.44,1.8003,0.3521
1789343181.0983508,alert,0.0474,0.6803,0.2723,approach,0.347,1.8895,0.4047
1789343181.296971,alert,0.017,0.7349,0.2481,approach,0.354,1.8792,0.3965
1789343181.4974184,alert,0.0159,0.9097,0.0744,approach,0.435,1.8043,0.3549
1789343181.6961107,alert,0.0237,0.9723,0.004,approach,0.467,1.7797,0.3387
1789343181.8971767,alert,0.0186,0.9803,0.0011,approach,0.468,1.779,0.3376
1789343182.0973027,alert,0.0109,0.9891,0.0,approach,0.467,1.7789,0.3367
1789343182.296641,alert,0.0104,0.9895,0.0001,approach,0.467,1.7789,0.3367
1789343182.496472,alert,0.0029,0.9971,0.0,approach,0.466,1.7791,0.3361
1789343182.7119148,alert,0.0034,0.9963,0.0003,approach,0.466,1.7792,0.3362
1789343182.9013622,alert,0.0076,0.9811,0.0113,approach,0.462,1.7826,0.3392
1789343183.0977232,alert,0.0106,0.9883,0.0011,approach,0.467,1.7792,0.3369
1789343183.295864,alert,0.013,0.9831,0.0039,approach,0.466,1.78,0.3378
1789343183.4961264,alert,0.0188,0.9807,0.0005,approach,0.468,1.7788,0.3374
1789343183.7003071,alert,0.0503,0.9398,0.0099,approach,0.468,1.7807,0.3422
1789343183.8985922,alert,0.0147,0.9816,0.0037,approach,0.466,1.7799,0.3379
1789343184.0959501,alert,0.0089,0.9911,0.0,approach,0.467,1.7789,0.3365
1789343184.297945,alert,0.0018,0.998,0.0002,approach,0.466,1.7792,0.336
1789343184.4961364,alert,0.0009,0.9939,0.0052,approach,0.464,1.7809,0.3372
1789343184.6968641,alert,0.0016,0.9962,0.0022,approach,0.465,1.7799,0.3365
1789343184.8952332,alert,0.0033,0.9834,0.0133,approach,0.46,1.7834,0.3393
1789343185.0974374,alert,0.0061,0.9838,0.0101,approach,0.462,1.7823,0.3387
1789343185.2980018,empty,0.0161,0.4317,0.5522,retreat,0.477,1.3524,0.9687
1789343185.498464,empty,0.033,0.1823,0.7847,retreat,0.638,1.3483,0.9863
1789343185.6960664,alert,0.1146,0.7343,0.1511,approach,0.414,1.8303,0.381
1789343185.899342,alert,0.1373,0.6379,0.2248,approach,0.383,1.8615,0.4004
1789343186.098388,alert,0.0145,0.9825,0.003,approach,0.466,1.7797,0.3377
1789343186.2962003,alert,0.0068,0.9165,0.0767,approach,0.432,1.8056,0.3547
1789343186.4951775,alert,0.0046,0.9872,0.0082,approach,0.463,1.7817,0.3382
1789343186.6958632,alert,0.0002,0.9995,0.0003,approach,0.466,1.7793,0.3359
1789343186.8947873,alert,0.0007,0.9993,0.0,approach,0.466,1.7792,0.3359
1789343187.0964813,alert,0.0012,0.9988,0.0,approach,0.466,1.7792,0.3359
1789343187.2965505,alert,0.0002,0.9998,0.0,approach,0.466,1.7792,0.3359
1789343187.4952939,alert,0.0111,0.9828,0.0061,approach,0.464,1.7808,0.3382
1789343187.6958244,alert,0.0166,0.9799,0.0035,approach,0.466,1.7798,0.338
1789343187.8951871,alert,0.0037,0.9956,0.0007,approach,0.466,1.7793,0.3363
1789343188.0962067,alert,0.0029,0.9961,0.001,approach,0.466,1.7794,0.3363
1789343188.2951562,alert,0.0009,0.9987,0.0004,approach,0.466,1.7793,0.336
1789343188.4950085,alert,0.0022,0.9963,0.0015,approach,0.465,1.7796,0.3364
1789343188.9234984,empty,0.0,0.0026,0.9974,retreat,0.772,1.3429,1.0016
1789343189.0978394,empty,0.0002,0.0332,0.9666,retreat,0.754,1.3431,0.9994
1789343189.295831,empty,0.0001,0.0022,0.9977,retreat,0.773,1.343,1.0017
1789343189.495239,empty,0.0001,0.0021,0.9978,retreat,0.773,1.343,1.0017
1789343189.695695,empty,0.0001,0.0031,0.9968,retreat,0.772,1.343,1.0016
1789343189.898466,empty,0.0001,0.0042,0.9957,retreat,0.771,1.343,1.0015
1789343190.0960023,empty,0.0001,0.0086,0.9913,retreat,0.769,1.343,1.0012
1789343190.2985203,empty,0.0001,0.0054,0.9945,retreat,0.771,1.343,1.0014
1789343190.4978452,empty,0.0,0.0048,0.9952,retreat,0.771,1.343,1.0015
1789343190.6957836,empty,0.0001,0.0073,0.9926,retreat,0.77,1.343,1.0013
1789343190.897301,empty,0.0002,0.0113,0.9885,retreat,0.767,1.343,1.001
1789343191.0953178,empty,0.0001,0.0039,0.996,retreat,0.772,1.343,1.0015
1789343191.2968862,empty,0.0002,0.0152,0.9846,retreat,0.765,1.343,1.0007
1789343191.4965782,empty,0.0002,0.023,0.9768,retreat,0.76,1.343,1.0001
1789343191.69542,empty,0.0,0.0084,0.9916,retreat,0.769,1.343,1.0012
1789343191.8973875,empty,0.0001,0.0155,0.9844,retreat,0.765,1.343,1.0007
1789343192.095789,empty,0.0,0.0002,0.9998,retreat,0.774,1.3429,1.0018
1789343192.296055,empty,0.0,0.0002,0.9998,retreat,0.774,1.3429,1.0018
1789343192.4951036,empty,0.0,0.0002,0.9998,retreat,0.774,1.3429,1.0018
1789343192.6953478,empty,0.0,0.0,1.0,retreat,0.774,1.3429,1.0018
1789343192.8956988,empty,0.0,0.0002,0.9998,retreat,0.774,1.3429,1.0018
1789343193.0962782,empty,0.0,0.0002,0.9998,retreat,0.774,1.3429,1.0018
1789343193.2963314,empty,0.0,0.0066,0.9934,retreat,0.77,1.343,1.0013
1789343193.4969208,empty,0.0,0.0003,0.9997,retreat,0.774,1.3429,1.0018
1789343193.6972802,empty,0.0,0.002,0.998,retreat,0.773,1.3429,1.0017
1789343193.8955986,empty,0.0,0.0082,0.9918,retreat,0.769,1.343,1.0012
1789343194.0959487,empty,0.0,0.0007,0.9993,retreat,0.773,1.3429,1.0018
1789343194.2971146,empty,0.0,0.0001,0.9999,retreat,0.774,1.3429,1.0018
1789343194.4961574,empty,0.0,0.001,0.999,retreat,0.773,1.3429,1.0018
1789343194.6951373,empty,0.0,0.0114,0.9886,retreat,0.767,1.343,1.001
1789343194.895766,alert,0.0038,0.7879,0.2083,approach,0.371,1.861,0.386
1789343195.0955374,alert,0.0011,0.9974,0.0015,approach,0.465,1.7797,0.3363
1789343195.297269,alert,0.0005,0.7944,0.2051,approach,0.372,1.8596,0.385
1789343195.495174,alert,0.0006,0.9776,0.0218,approach,0.456,1.7863,0.3411
1789343195.6952145,alert,0.0051,0.9752,0.0197,approach,0.458,1.7855,0.341
1789343195.8957644,alert,0.0014,0.9985,0.0001,approach,0.466,1.7792,0.336
1789343196.0954165,alert,0.0176,0.9824,0.0,approach,0.468,1.7786,0.3372
1789343196.2947812,alert,0.0115,0.9885,0.0,approach,0.467,1.7788,0.3368
1789343196.4974012,alert,0.001,0.999,0.0,approach,0.466,1.7792,0.3359
1789343196.6963103,alert,0.0406,0.9594,0.0,approach,0.471,1.7779,0.339
1789343196.8949127,alert,0.0001,0.9999,0.0,approach,0.466,1.7792,0.3359
1789343197.0962718,alert,0.0004,0.9996,0.0,approach,0.466,1.7792,0.3359
1789343197.2959626,alert,0.0001,0.9999,0.0,approach,0.466,1.7792,0.3359
1789343197.4960513,alert,0.0001,0.9999,0.0,approach,0.466,1.7792,0.3359
1789343197.695745,alert,0.0002,0.9998,0.0,approach,0.466,1.7792,0.3359
1789343197.8961203,alert,0.002,0.9977,0.0003,approach,0.466,1.7792,0.3361
1789343198.0949728,alert,0.0028,0.9969,0.0003,approach,0.466,1.7792,0.3361
1789343198.294644,alert,0.0044,0.9955,0.0001,approach,0.466,1.7791,0.3362
1789343198.4972775,alert,0.0096,0.9903,0.0001,approach,0.467,1.7789,0.3366
1789343198.6948485,alert,0.0064,0.9936,0.0,approach,0.467,1.779,0.3364
1789343198.8949056,alert,0.0039,0.996,0.0001,approach,0.466,1.7791,0.3362
1789343199.0954509,alert,0.0059,0.9939,0.0002,approach,0.466,1.7791,0.3364
1789343199.2971048,alert,0.0102,0.9891,0.0007,approach,0.467,1.7791,0.3368
1789343199.4978204,alert,0.0038,0.9958,0.0004,approach,0.466,1.7792,0.3362
1789343199.695601,alert,0.0102,0.9571,0.0327,approach,0.453,1.7897,0.3445
1789343199.895421,alert,0.0082,0.9904,0.0014,approach,0.466,1.7794,0.3368
1789343200.0956059,alert,0.0194,0.9793,0.0013,approach,0.468,1.779,0.3377
1789343200.2972054,alert,0.0075,0.9607,0.0318,approach,0.453,1.7895,0.344
1789343200.4999213,alert,0.0096,0.8595,0.1309,approach,0.408,1.8267,0.3679
1789343200.6968951,alert,0.0077,0.9439,0.0484,approach,0.445,1.7952,0.348
1789343200.894784,alert,0.0027,0.7357,0.2616,approach,0.345,1.8867,0.3986
1789343201.095436,alert,0.0004,0.6283,0.3713,retreat,0.367,1.3581,0.9549
1789343201.2968519,empty,0.0004,0.3796,0.62,retreat,0.521,1.3489,0.9735
1789343201.4955022,alert,0.0019,0.7455,0.2526,approach,0.349,1.8823,0.3964
1789343201.694758,alert,0.0008,0.8212,0.178,approach,0.385,1.8473,0.3785
1789343201.8962042,alert,0.0055,0.8776,0.1169,approach,0.414,1.8212,0.3642
1789343202.0960815,alert,0.0054,0.9136,0.081,approach,0.43,1.8072,0.3557
1789343202.2966754,alert,0.0321,0.7528,0.2151,approach,0.372,1.8626,0.3898
1789343202.4969668,alert,0.0107,0.6949,0.2944,hold,0.342,1.6359,0.6655
1789343202.6965666,alert,0.0041,0.6866,0.3093,hold,0.343,1.6369,0.6687
1789343202.9021757,alert,0.0049,0.7497,0.2454,approach,0.353,1.8786,0.3949
1789343203.1000698,alert,0.0062,0.7675,0.2263,approach,0.362,1.8693,0.3905
1789343203.2948747,alert,0.0103,0.6825,0.3072,hold,0.342,1.6375,0.6689
1789343203.4972868,alert,0.0065,0.8106,0.1829,approach,0.383,1.8492,0.3801
1789343203.695173,alert,0.0033,0.6024,0.3943,retreat,0.38,1.3573,0.9567
1789343203.8951743,empty,0.0012,0.3676,0.6312,retreat,0.528,1.3486,0.9743
1789343204.0950935,alert,0.0015,0.7676,0.2309,approach,0.359,1.8718,0.3912
1789343204.2967994,alert,0.0017,0.7862,0.2121,approach,0.368,1.8628,0.3867
1789343204.4951441,alert,0.0039,0.8655,0.1306,approach,0.407,1.8269,0.3674
1789343204.6976807,alert,0.0041,0.5719,0.424,retreat,0.396,1.3561,0.9589
1789343204.895924,alert,0.0086,0.7092,0.2822,hold,0.342,1.634,0.662
1789343205.097666,alert,0.0086,0.5759,0.4155,retreat,0.392,1.3569,0.9583
1789343205.2946873,alert,0.0028,0.7301,0.2671,hold,0.343,1.6314,0.6573
1789343205.4979105,empty,0.0009,0.2744,0.7247,retreat,0.593,1.3463,0.9813
1789343205.6997998,alert,0.0017,0.842,0.1563,approach,0.395,1.8378,0.3734
1789343205.897198,alert,0.0032,0.8207,0.1761,approach,0.386,1.8464,0.3782
1789343206.0960784,empty,0.0007,0.4236,0.5757,retreat,0.491,1.3502,0.9702
1789343206.2977214,alert,0.0026,0.6943,0.3031,hold,0.343,1.6358,0.6668
1789343206.4968581,alert,0.0121,0.7886,0.1993,approach,0.376,1.8564,0.3845
1789343206.7017014,alert,0.0083,0.7893,0.2024,approach,0.374,1.858,0.3849
1789343208.3156154,alert,0.0048,0.6856,0.3096,hold,0.343,1.637,0.6689
1789343208.4962952,alert,0.005,0.843,0.152,approach,0.397,1.8358,0.3726
1789343208.6967115,alert,0.0067,0.9845,0.0088,approach,0.463,1.7818,0.3385
1789343208.8960648,alert,0.0039,0.6807,0.3154,hold,0.343,1.6377,0.6703
1789343209.096251,alert,0.0098,0.8572,0.133,approach,0.407,1.8276,0.3684
1789343209.2958646,alert,0.0076,0.9299,0.0625,approach,0.439,1.8003,0.3514
1789343209.4954329,alert,0.0054,0.9652,0.0294,approach,0.453,1.7887,0.3433
1789343209.6970513,alert,0.0026,0.9713,0.0261,approach,0.455,1.7877,0.3423
1789343209.8952286,alert,0.0014,0.9711,0.0275,approach,0.454,1.7882,0.3425
1789343210.0973501,alert,0.0009,0.9927,0.0064,approach,0.463,1.7812,0.3375
1789343210.2950733,alert,0.0005,0.9987,0.0008,approach,0.465,1.7795,0.3361
1789343210.494872,alert,0.0011,0.9989,0.0,approach,0.466,1.7792,0.3359
1789343210.6999655,alert,0.0006,0.9991,0.0003,approach,0.466,1.7793,0.336
1789343210.8946528,alert,0.0073,0.988,0.0047,approach,0.465,1.7805,0.3375
1789343211.096335,alert,0.0054,0.9919,0.0027,approach,0.465,1.7799,0.3369
1789343211.2967582,alert,0.0041,0.9769,0.019,approach,0.458,1.7853,0.3407
1789343211.4954786,alert,0.0009,0.9977,0.0014,approach,0.465,1.7796,0.3363
1789343211.6957903,alert,0.0004,0.9996,0.0,approach,0.466,1.7792,0.3359
1789343211.8989723,alert,0.0,0.9999,0.0001,approach,0.466,1.7792,0.3359
1789343212.0957801,alert,0.0001,0.9998,0.0001,approach,0.466,1.7792,0.3359
1789343212.297715,alert,0.0006,0.9994,0.0,approach,0.466,1.7792,0.3359
1789343212.4971542,alert,0.0028,0.9971,0.0001,approach,0.466,1.7792,0.3361
1789343212.696353,alert,0.0019,0.998,0.0001,approach,0.466,1.7792,0.336
1789343212.894892,alert,0.0017,0.9982,0.0001,approach,0.466,1.7792,0.336
1789343213.094991,alert,0.0013,0.9986,0.0001,approach,0.466,1.7792,0.336
1789343213.297878,alert,0.0058,0.9941,0.0001,approach,0.466,1.7791,0.3363
1789343213.4947598,alert,0.0027,0.9972,0.0001,approach,0.466,1.7792,0.3361
1789343213.6971545,alert,0.0043,0.9957,0.0,approach,0.466,1.7791,0.3362
1789343213.8947413,alert,0.002,0.998,0.0,approach,0.466,1.7792,0.336
1789343214.0973108,alert,0.0011,0.9989,0.0,approach,0.466,1.7792,0.3359
1789343214.2952578,alert,0.0001,0.9999,0.0,approach,0.466,1.7792,0.3359
1789343214.4947526,alert,0.0065,0.9934,0.0001,approach,0.466,1.779,0.3364
1789343214.6955297,alert,0.0025,0.9974,0.0001,approach,0.466,1.7792,0.3361
1789343214.896459,alert,0.0313,0.9687,0.0,approach,0.47,1.7782,0.3383
1789343215.0988584,alert,0.0163,0.9837,0.0,approach,0.468,1.7787,0.3371
1789343215.2961063,alert,0.0007,0.9993,0.0,approach,0.466,1.7792,0.3359
1789343215.4951856,alert,0.0024,0.9973,0.0003,approach,0.466,1.7792,0.3361
1789343215.696154,alert,0.0203,0.9772,0.0025,approach,0.467,1.7794,0.338
1789343215.8952208,alert,0.0112,0.9849,0.0039,approach,0.465,1.7801,0.3377
1789343216.095554,alert,0.0027,0.9954,0.0019,approach,0.465,1.7797,0.3365
1789343216.2969716,alert,0.0015,0.9883,0.0102,approach,0.461,1.7825,0.3384
1789343216.4975574,alert,0.0005,0.9261,0.0734,approach,0.433,1.8046,0.3535
1789343216.6971397,alert,0.0008,0.8728,0.1264,approach,0.409,1.8253,0.3662
1789343216.8955088,alert,0.0006,0.638,0.3614,retreat,0.361,1.3585,0.9542
1789343217.0988965,alert,0.0021,0.9925,0.0054,approach,0.464,1.7809,0.3373
1789343217.29562,alert,0.0003,0.8889,0.1108,approach,0.416,1.819,0.3624
1789343217.4957633,empty,0.0002,0.1368,0.863,retreat,0.688,1.3439,0.9916
1789343217.6950724,alert,0.0005,0.8086,0.1909,approach,0.378,1.8531,0.3816
1789343217.8960142,alert,0.0005,0.9687,0.0308,approach,0.452,1.7894,0.3433
1789343218.095227,alert,0.0001,0.8898,0.1101,approach,0.416,1.8187,0.3622
1789343218.2969742,alert,0.0002,0.9898,0.01,approach,0.461,1.7824,0.3383
1789343218.496835,alert,0.0001,0.992,0.0079,approach,0.462,1.7818,0.3378
1789343218.6965227,alert,0.0001,0.9978,0.0021,approach,0.465,1.7799,0.3364
1789343218.8974025,alert,0.0012,0.961,0.0378,approach,0.449,1.7918,0.345
1789343219.0946333,alert,0.0002,0.8325,0.1673,approach,0.389,1.8426,0.3759
1789343219.295521,empty,0.0002,0.3605,0.6393,retreat,0.534,1.3483,0.9749
1789343219.4957962,empty,0.0002,0.087,0.9128,retreat,0.72,1.3434,0.9953
1789343219.6974647,empty,0.0004,0.0852,0.9144,retreat,0.721,1.3434,0.9955
1789343219.89501,empty,0.0012,0.365,0.6338,retreat,0.53,1.3485,0.9745
1789343220.0953524,empty,0.001,0.421,0.578,retreat,0.492,1.3502,0.9704
1789343220.29994,empty,0.001,0.3675,0.6315,retreat,0.528,1.3486,0.9744
1789343220.4951353,alert,0.0003,0.9989,0.0008,approach,0.465,1.7795,0.3361
1789343220.6970785,alert,0.0032,0.9968,0.0,approach,0.466,1.7791,0.3361
1789343220.8957942,alert,0.0006,0.9988,0.0006,approach,0.466,1.7794,0.336
1789343221.095317,alert,0.0011,0.9988,0.0001,approach,0.466,1.7792,0.336
1789343221.2951949,alert,0.0062,0.9938,0.0,approach,0.466,1.779,0.3363
1789343221.4955404,alert,0.0009,0.999,0.0001,approach,0.466,1.7792,0.3359
1789343221.694638,alert,0.0006,0.999,0.0004,approach,0.466,1.7793,0.336
1789343221.8977976,alert,0.0008,0.9978,0.0014,approach,0.465,1.7796,0.3363
1789343222.0960398,alert,0.013,0.9865,0.0005,approach,0.467,1.779,0.337
1789343222.2954557,alert,0.004,0.9959,0.0001,approach,0.466,1.7791,0.3362
1789343222.4992602,alert,0.0011,0.9986,0.0003,approach,0.466,1.7793,0.336
1789343222.695922,alert,0.0093,0.9865,0.0042,approach,0.465,1.7803,0.3376
1789343222.9002306,alert,0.0001,0.9998,0.0001,approach,0.466,1.7792,0.3359
1789343223.0949442,alert,0.0002,0.999,0.0008,approach,0.465,1.7795,0.3361
1789343223.2960308,alert,0.0,0.9988,0.0012,approach,0.465,1.7796,0.3361
1789343223.4994833,alert,0.0002,0.9956,0.0042,approach,0.464,1.7806,0.3369
1789343223.6958795,alert,0.0008,0.85,0.1492,approach,0.398,1.8348,0.3716
1789343223.8956442,alert,0.0004,0.9843,0.0153,approach,0.459,1.7842,0.3395
1789343224.095263,alert,0.0005,0.9818,0.0177,approach,0.458,1.785,0.3401
1789343224.2995079,alert,0.0004,0.9995,0.0001,approach,0.466,1.7792,0.3359
1789343224.4958777,alert,0.0002,0.9931,0.0067,approach,0.463,1.7814,0.3375
1789343224.695604,alert,0.0003,0.9869,0.0128,approach,0.46,1.7833,0.3389
1789343224.8972256,alert,0.0008,0.9908,0.0084,approach,0.462,1.7819,0.3379
1789343225.0956886,alert,0.0013,0.9669,0.0318,approach,0.452,1.7897,0.3436
1789343225.2971025,alert,0.0012,0.9972,0.0016,approach,0.465,1.7797,0.3363
1789343225.4948475,alert,0.0007,0.9918,0.0075,approach,0.463,1.7816,0.3377
1789343225.696195,alert,0.0012,0.5219,0.4769,retreat,0.428,1.3537,0.9628
1789343225.898476,alert,0.0038,0.9928,0.0034,approach,0.465,1.7802,0.337
1789343226.0955637,alert,0.0032,0.991,0.0058,approach,0.464,1.781,0.3375
1789343226.2988734,alert,0.0025,0.9971,0.0004,approach,0.466,1.7793,0.3361
1789343226.4979298,alert,0.0032,0.9906,0.0062,approach,0.463,1.7811,0.3376
1789343226.696104,alert,0.0029,0.9898,0.0073,approach,0.463,1.7815,0.3378
1789343226.9000137,alert,0.0052,0.9802,0.0146,approach,0.46,1.7838,0.3398
1789343227.1105201,alert,0.0018,0.9886,0.0096,approach,0.462,1.7823,0.3383
1789343227.2987921,alert,0.0031,0.8915,0.1054,approach,0.419,1.8167,0.3613
1789343227.496576,empty,0.0019,0.4388,0.5593,retreat,0.48,1.3509,0.969
1789343227.6986446,empty,0.0008,0.2226,0.7766,retreat,0.629,1.3453,0.9852
1789343227.8959043,empty,0.0009,0.3219,0.6772,retreat,0.56,1.3474,0.9778
1789343228.0957494,empty,0.0017,0.4328,0.5655,retreat,0.484,1.3506,0.9694
1789343228.2956805,empty,0.0032,0.4455,0.5513,retreat,0.475,1.3512,0.9684
1789343228.4989345,alert,0.0038,0.6015,0.3947,retreat,0.38,1.3573,0.9567
1789343228.6949465,alert,0.0067,0.8493,0.144,approach,0.401,1.8323,0.3708
1789343228.8965702,alert,0.0082,0.8643,0.1275,approach,0.409,1.8254,0.367
1789343229.0963144,alert,0.0412,0.8638,0.095,approach,0.429,1.8111,0.3618
1789343229.2981188,alert,0.0151,0.9783,0.0066,approach,0.465,1.7808,0.3386
1789343229.495354,alert,0.0175,0.9762,0.0063,approach,0.465,1.7807,0.3387
1789343229.6959505,alert,0.0121,0.9336,0.0543,approach,0.443,1.7972,0.3498
1789343229.8986034,alert,0.0055,0.9633,0.0312,approach,0.453,1.7893,0.3437
1789343230.0955062,alert,0.0166,0.9772,0.0062,approach,0.465,1.7807,0.3386
1789343230.2993243,alert,0.0057,0.9691,0.0252,approach,0.455,1.7873,0.3423
1789343230.4957542,alert,0.0094,0.9251,0.0655,approach,0.438,1.8013,0.3523
1789343230.6970224,alert,0.0111,0.5407,0.4482,retreat,0.411,1.3558,0.9608
1789343230.8952427,alert,0.0094,0.8138,0.1768,approach,0.386,1.8464,0.3789
1789343231.0964513,alert,0.0015,0.9384,0.0601,approach,0.439,1.7997,0.3503
1789343231.295171,alert,0.002,0.9616,0.0364,approach,0.45,1.7912,0.3447
1789343231.49788,alert,0.0004,0.7885,0.2111,approach,0.369,1.8624,0.3864
1789343231.695087,alert,0.0011,0.82,0.1789,approach,0.384,1.8477,0.3787
1789343231.8959696,empty,0.0002,0.1442,0.8556,retreat,0.683,1.344,0.9911
1789343232.100339,empty,0.0016,0.4267,0.5717,retreat,0.488,1.3504,0.9699
1789343232.2970936,alert,0.0049,0.8551,0.14,approach,0.403,1.8307,0.3697
1789343232.4958441,alert,0.0146,0.9222,0.0632,approach,0.44,1.8003,0.3521
1789343232.6967392,alert,0.0474,0.6803,0.2723,approach,0.347,1.8895,0.4047
1789343232.896247,alert,0.017,0.7349,0.2481,approach,0.354,1.8792,0.3965
1789343233.0957477,alert,0.0159,0.9097,0.0744,approach,0.435,1.8043,0.3549
1789343233.2958186,alert,0.0237,0.9723,0.004,approach,0.467,1.7797,0.3387
1789343233.4995522,alert,0.0186,0.9803,0.0011,approach,0.468,1.779,0.3376
1789343233.6960018,alert,0.0109,0.9891,0.0,approach,0.467,1.7789,0.3367
1789343233.897392,alert,0.0104,0.9895,0.0001,approach,0.467,1.7789,0.3367
1789343234.0979383,alert,0.0029,0.9971,0.0,approach,0.466,1.7791,0.3361
1789343234.2969663,alert,0.0034,0.9963,0.0003,approach,0.466,1.7792,0.3362
1789343234.4958847,alert,0.0076,0.9811,0.0113,approach,0.462,1.7826,0.3392
1789343234.698028,alert,0.0106,0.9883,0.0011,approach,0.467,1.7792,0.3369
1789343234.9019756,alert,0.013,0.9831,0.0039,approach,0.466,1.78,0.3378
1789343235.1004431,alert,0.0188,0.9807,0.0005,approach,0.468,1.7788,0.3374
1789343235.2994432,alert,0.0503,0.9398,0.0099,approach,0.468,1.7807,0.3422
1789343235.4961948,alert,0.0147,0.9816,0.0037,approach,0.466,1.7799,0.3379
1789343235.6995268,alert,0.0089,0.9911,0.0,approach,0.467,1.7789,0.3365
1789343235.896413,alert,0.0018,0.998,0.0002,approach,0.466,1.7792,0.336
1789343236.0964215,alert,0.0009,0.9939,0.0052,approach,0.464,1.7809,0.3372
1789343236.300206,alert,0.0016,0.9962,0.0022,approach,0.465,1.7799,0.3365
1789343236.4988945,alert,0.0033,0.9834,0.0133,approach,0.46,1.7834,0.3393
1789343236.69613,alert,0.0061,0.9838,0.0101,approach,0.462,1.7823,0.3387
1789343236.8992054,empty,0.0161,0.4317,0.5522,retreat,0.477,1.3524,0.9687
1789343237.0971935,empty,0.033,0.1823,0.7847,retreat,0.638,1.3483,0.9863
1789343237.2976348,alert,0.1146,0.7343,0.1511,approach,0.414,1.8303,0.381
1789343237.504363,alert,0.1373,0.6379,0.2248,approach,0.383,1.8615,0.4004
1789343237.6966667,alert,0.0145,0.9825,0.003,approach,0.466,1.7797,0.3377
1789343237.8988347,alert,0.0068,0.9165,0.0767,approach,0.432,1.8056,0.3547
1789343238.0994475,alert,0.0046,0.9872,0.0082,approach,0.463,1.7817,0.3382
1789343238.2973113,alert,0.0002,0.9995,0.0003,approach,0.466,1.7793,0.3359
1789343238.50603,alert,0.0007,0.9993,0.0,approach,0.466,1.7792,0.3359
1789343238.6987505,alert,0.0012,0.9988,0.0,approach,0.466,1.7792,0.3359
1789343238.899348,alert,0.0002,0.9998,0.0,approach,0.466,1.7792,0.3359
1789343239.0985463,alert,0.0111,0.9828,0.0061,approach,0.464,1.7808,0.3382
1789343239.3019583,alert,0.0166,0.9799,0.0035,approach,0.466,1.7798,0.338
1789343239.498357,alert,0.0037,0.9956,0.0007,approach,0.466,1.7793,0.3363
1789343239.6970284,alert,0.0029,0.9961,0.001,approach,0.466,1.7794,0.3363
1789343239.8965912,alert,0.0009,0.9987,0.0004,approach,0.466,1.7793,0.336
1789343240.0976942,alert,0.0022,0.9963,0.0015,approach,0.465,1.7796,0.3364
1789343240.5184357,empty,0.0,0.0026,0.9974,retreat,0.772,1.3429,1.0016
1789343240.701495,empty,0.0002,0.0332,0.9666,retreat,0.754,1.3431,0.9994
1789343240.8960543,empty,0.0001,0.0022,0.9977,retreat,0.773,1.343,1.0017
1789343241.1017632,empty,0.0001,0.0021,0.9978,retreat,0.773,1.343,1.0017
1789343241.2993238,empty,0.0001,0.0031,0.9968,retreat,0.772,1.343,1.0016
1789343241.5047858,empty,0.0001,0.0042,0.9957,retreat,0.771,1.343,1.0015
1789343241.6987321,empty,0.0001,0.0086,0.9913,retreat,0.769,1.343,1.0012
1789343241.8970392,empty,0.0001,0.0054,0.9945,retreat,0.771,1.343,1.0014
1789343242.0961113,empty,0.0,0.0048,0.9952,retreat,0.771,1.343,1.0015
1789343242.2963426,empty,0.0001,0.0073,0.9926,retreat,0.77,1.343,1.0013
1789343242.4975076,empty,0.0002,0.0113,0.9885,retreat,0.767,1.343,1.001
1789343242.7024646,empty,0.0001,0.0039,0.996,retreat,0.772,1.343,1.0015
1789343242.8964903,empty,0.0002,0.0152,0.9846,retreat,0.765,1.343,1.0007
1789343243.0975173,empty,0.0002,0.023,0.9768,retreat,0.76,1.343,1.0001
1789343243.2957783,empty,0.0,0.0084,0.9916,retreat,0.769,1.343,1.0012
1789343243.5028677,empty,0.0001,0.0155,0.9844,retreat,0.765,1.343,1.0007
1789343243.6969275,empty,0.0,0.0002,0.9998,retreat,0.774,1.3429,1.0018
1789343243.8961592,empty,0.0,0.0002,0.9998,retreat,0.774,1.3429,1.0018
1789343244.0996988,empty,0.0,0.0002,0.9998,retreat,0.774,1.3429,1.0018
1789343244.305389,empty,0.0,0.0,1.0,retreat,0.774,1.3429,1.0018
1789343244.4958696,empty,0.0,0.0002,0.9998,retreat,0.774,1.3429,1.0018
1789343244.702074,empty,0.0,0.0002,0.9998,retreat,0.774,1.3429,1.0018
1789343244.899136,empty,0.0,0.0066,0.9934,retreat,0.77,1.343,1.0013
1789343245.0958862,empty,0.0,0.0003,0.9997,retreat,0.774,1.3429,1.0018
1789343245.299103,empty,0.0,0.002,0.998,retreat,0.773,1.3429,1.0017
1789343245.4959652,empty,0.0,0.0082,0.9918,retreat,0.769,1.343,1.0012
1789343245.6956272,empty,0.0,0.0007,0.9993,retreat,0.773,1.3429,1.0018
1789343245.9043782,empty,0.0,0.0001,0.9999,retreat,0.774,1.3429,1.0018
1789343246.0958896,empty,0.0,0.001,0.999,retreat,0.773,1.3429,1.0018
1789343246.296474,empty,0.0,0.0114,0.9886,retreat,0.767,1.343,1.001
1789343246.4953575,alert,0.0038,0.7879,0.2083,approach,0.371,1.861,0.386
1789343246.6993206,alert,0.0011,0.9974,0.0015,approach,0.465,1.7797,0.3363
1789343246.8955295,alert,0.0005,0.7944,0.2051,approach,0.372,1.8596,0.385
1789343247.0969968,alert,0.0006,0.9776,0.0218,approach,0.456,1.7863,0.3411
1789343247.296581,alert,0.0051,0.9752,0.0197,approach,0.458,1.7855,0.341
1789343247.495897,alert,0.0014,0.9985,0.0001,approach,0.466,1.7792,0.336
1789343247.6966288,alert,0.0176,0.9824,0.0,approach,0.468,1.7786,0.3372
1789343247.8974092,alert,0.0115,0.9885,0.0,approach,0.467,1.7788,0.3368
1789343248.0974894,alert,0.001,0.999,0.0,approach,0.466,1.7792,0.3359
1789343248.2959995,alert,0.0406,0.9594,0.0,approach,0.471,1.7779,0.339
1789343248.4999735,alert,0.0001,0.9999,0.0,approach,0.466,1.7792,0.3359
1789343248.6967778,alert,0.0004,0.9996,0.0,approach,0.466,1.7792,0.3359
1789343248.8970656,alert,0.0001,0.9999,0.0,approach,0.466,1.7792,0.3359
1789343249.098121,alert,0.0001,0.9999,0.0,approach,0.466,1.7792,0.3359
1789343249.2980056,alert,0.0002,0.9998,0.0,approach,0.466,1.7792,0.3359
1789343249.497996,alert,0.002,0.9977,0.0003,approach,0.466,1.7792,0.3361
1789343249.697473,alert,0.0028,0.9969,0.0003,approach,0.466,1.7792,0.3361
1789343249.899809,alert,0.0044,0.9955,0.0001,approach,0.466,1.7791,0.3362
1789343250.0962892,alert,0.0096,0.9903,0.0001,approach,0.467,1.7789,0.3366
1789343250.2987669,alert,0.0064,0.9936,0.0,approach,0.467,1.779,0.3364
1789343250.5037763,alert,0.0039,0.996,0.0001,approach,0.466,1.7791,0.3362
1789343250.6999443,alert,0.0059,0.9939,0.0002,approach,0.466,1.7791,0.3364
1789343250.8998394,alert,0.0102,0.9891,0.0007,approach,0.467,1.7791,0.3368
1789343251.1049147,alert,0.0038,0.9958,0.0004,approach,0.466,1.7792,0.3362
1789343251.3051035,alert,0.0102,0.9571,0.0327,approach,0.453,1.7897,0.3445
1789343251.5100818,alert,0.0082,0.9904,0.0014,approach,0.466,1.7794,0.3368
1789343251.715966,alert,0.0194,0.9793,0.0013,approach,0.468,1.779,0.3377
1789343251.9074996,alert,0.0075,0.9607,0.0318,approach,0.453,1.7895,0.344
1789343252.108755,alert,0.0096,0.8595,0.1309,approach,0.408,1.8267,0.3679
1789343252.308996,alert,0.0077,0.9439,0.0484,approach,0.445,1.7952,0.348
1789343252.5139172,alert,0.0027,0.7357,0.2616,approach,0.345,1.8867,0.3986
1789343252.705474,alert,0.0004,0.6283,0.3713,retreat,0.367,1.3581,0.9549
1789343252.9164374,empty,0.0004,0.3796,0.62,retreat,0.521,1.3489,0.9735
1789343253.1098206,alert,0.0019,0.7455,0.2526,approach,0.349,1.8823,0.3964
1789343253.3022385,alert,0.0008,0.8212,0.178,approach,0.385,1.8473,0.3785
1789343253.5011532,alert,0.0055,0.8776,0.1169,approach,0.414,1.8212,0.3642
1789343253.7102327,alert,0.0054,0.9136,0.081,approach,0.43,1.8072,0.3557
1789343253.9001305,alert,0.0321,0.7528,0.2151,approach,0.372,1.8626,0.3898
1789343254.0988536,alert,0.0107,0.6949,0.2944,hold,0.342,1.6359,0.6655
1789343254.2969644,alert,0.0041,0.6866,0.3093,hold,0.343,1.6369,0.6687
1789343254.4981375,alert,0.0049,0.7497,0.2454,approach,0.353,1.8786,0.3949
1789343254.6994638,alert,0.0062,0.7675,0.2263,approach,0.362,1.8693,0.3905
1789343254.899126,alert,0.0103,0.6825,0.3072,hold,0.342,1.6375,0.6689
1789343255.100699,alert,0.0065,0.8106,0.1829,approach,0.383,1.8492,0.3801
1789343255.2993243,alert,0.0033,0.6024,0.3943,retreat,0.38,1.3573,0.9567
1789343255.497112,empty,0.0012,0.3676,0.6312,retreat,0.528,1.3486,0.9743
1789343255.698467,alert,0.0015,0.7676,0.2309,approach,0.359,1.8718,0.3912
1789343255.8969746,alert,0.0017,0.7862,0.2121,approach,0.368,1.8628,0.3867
1789343256.1025774,alert,0.0039,0.8655,0.1306,approach,0.407,1.8269,0.3674
1789343256.3019285,alert,0.0041,0.5719,0.424,retreat,0.396,1.3561,0.9589
1789343256.4993331,alert,0.0086,0.7092,0.2822,hold,0.342,1.634,0.662
1789343256.6963663,alert,0.0086,0.5759,0.4155,retreat,0.392,1.3569,0.9583
1789343256.8974512,alert,0.0028,0.7301,0.2671,hold,0.343,1.6314,0.6573
1789343257.1007113,empty,0.0009,0.2744,0.7247,retreat,0.593,1.3463,0.9813
1789343257.3011274,alert,0.0017,0.842,0.1563,approach,0.395,1.8378,0.3734
1789343257.4975896,alert,0.0032,0.8207,0.1761,approach,0.386,1.8464,0.3782
1789343257.708414,empty,0.0007,0.4236,0.5757,retreat,0.491,1.3502,0.9702
1789343257.8966389,alert,0.0026,0.6943,0.3031,hold,0.343,1.6358,0.6668
1789343258.1055524,alert,0.0121,0.7886,0.1993,approach,0.376,1.8564,0.3845
1789343258.301991,alert,0.0083,0.7893,0.2024,approach,0.374,1.858,0.3849
1789343258.521469,alert,0.0048,0.6856,0.3096,hold,0.343,1.637,0.6689
1789343258.7115662,alert,0.005,0.843,0.152,approach,0.397,1.8358,0.3726
1789343258.9202597,alert,0.0067,0.9845,0.0088,approach,0.463,1.7818,0.3385
1789343259.10478,alert,0.0039,0.6807,0.3154,hold,0.343,1.6377,0.6703
1789343259.3017123,alert,0.0098,0.8572,0.133,approach,0.407,1.8276,0.3684
1789343259.4982064,alert,0.0076,0.9299,0.0625,approach,0.439,1.8003,0.3514
1789343259.7044787,alert,0.0054,0.9652,0.0294,approach,0.453,1.7887,0.3433
1789343259.9064314,alert,0.0026,0.9713,0.0261,approach,0.455,1.7877,0.3423
1789343260.1213236,alert,0.0014,0.9711,0.0275,approach,0.454,1.7882,0.3425
1789343260.316929,alert,0.0009,0.9927,0.0064,approach,0.463,1.7812,0.3375
1789343260.5044134,alert,0.0005,0.9987,0.0008,approach,0.465,1.7795,0.3361
1789343260.7116492,alert,0.0011,0.9989,0.0,approach,0.466,1.7792,0.3359
1789343260.9072757,alert,0.0006,0.9991,0.0003,approach,0.466,1.7793,0.336
1789343261.1011107,alert,0.0073,0.988,0.0047,approach,0.465,1.7805,0.3375
1789343261.3047662,alert,0.0054,0.9919,0.0027,approach,0.465,1.7799,0.3369
1789343261.5002022,alert,0.0041,0.9769,0.019,approach,0.458,1.7853,0.3407
1789343261.7124312,alert,0.0009,0.9977,0.0014,approach,0.465,1.7796,0.3363
1789343261.902366,alert,0.0004,0.9996,0.0,approach,0.466,1.7792,0.3359
1789343262.1162288,alert,0.0,0.9999,0.0001,approach,0.466,1.7792,0.3359
1789343262.318437,alert,0.0001,0.9998,0.0001,approach,0.466,1.7792,0.3359
1789343262.5133135,alert,0.0006,0.9994,0.0,approach,0.466,1.7792,0.3359
1789343262.7060454,alert,0.0028,0.9971,0.0001,approach,0.466,1.7792,0.3361
1789343262.9017572,alert,0.0019,0.998,0.0001,approach,0.466,1.7792,0.336
1789343263.1081426,alert,0.0017,0.9982,0.0001,approach,0.466,1.7792,0.336
1789343263.304513,alert,0.0013,0.9986,0.0001,approach,0.466,1.7792,0.336
1789343263.506142,alert,0.0058,0.9941,0.0001,approach,0.466,1.7791,0.3363
1789343263.706461,alert,0.0027,0.9972,0.0001,approach,0.466,1.7792,0.3361
1789343263.8975954,alert,0.0043,0.9957,0.0,approach,0.466,1.7791,0.3362
1789343264.107805,alert,0.002,0.998,0.0,approach,0.466,1.7792,0.336
1789343264.2968159,alert,0.0011,0.9989,0.0,approach,0.466,1.7792,0.3359
1789343264.4980545,alert,0.0001,0.9999,0.0,approach,0.466,1.7792,0.3359
1789343264.7117767,alert,0.0065,0.9934,0.0001,approach,0.466,1.779,0.3364
1789343264.897599,alert,0.0025,0.9974,0.0001,approach,0.466,1.7792,0.3361
1789343265.1082153,alert,0.0313,0.9687,0.0,approach,0.47,1.7782,0.3383
1789343265.3039622,alert,0.0163,0.9837,0.0,approach,0.468,1.7787,0.3371
1789343265.511325,alert,0.0007,0.9993,0.0,approach,0.466,1.7792,0.3359
1789343265.7165897,alert,0.0024,0.9973,0.0003,approach,0.466,1.7792,0.3361
1789343265.9101717,alert,0.0203,0.9772,0.0025,approach,0.467,1.7794,0.338
1789343266.1063385,alert,0.0112,0.9849,0.0039,approach,0.465,1.7801,0.3377
1789343266.3018022,alert,0.0027,0.9954,0.0019,approach,0.465,1.7797,0.3365
1789343266.5053039,alert,0.0015,0.9883,0.0102,approach,0.461,1.7825,0.3384
1789343266.704925,alert,0.0005,0.9261,0.0734,approach,0.433,1.8046,0.3535
1789343266.9055922,alert,0.0008,0.8728,0.1264,approach,0.409,1.8253,0.3662
1789343267.149443,alert,0.0006,0.638,0.3614,retreat,0.361,1.3585,0.9542
1789343267.308087,alert,0.0021,0.9925,0.0054,approach,0.464,1.7809,0.3373
1789343267.5089326,alert,0.0003,0.8889,0.1108,approach,0.416,1.819,0.3624
1789343267.70728,empty,0.0002,0.1368,0.863,retreat,0.688,1.3439,0.9916
1789343267.9099922,alert,0.0005,0.8086,0.1909,approach,0.378,1.8531,0.3816
1789343268.1013846,alert,0.0005,0.9687,0.0308,approach,0.452,1.7894,0.3433
1789343268.3009267,alert,0.0001,0.8898,0.1101,approach,0.416,1.8187,0.3622
1789343268.5002666,alert,0.0002,0.9898,0.01,approach,0.461,1.7824,0.3383
1789343268.7028143,alert,0.0001,0.992,0.0079,approach,0.462,1.7818,0.3378
1789343268.9026856,alert,0.0001,0.9978,0.0021,approach,0.465,1.7799,0.3364
1789343269.0970037,alert,0.0012,0.961,0.0378,approach,0.449,1.7918,0.345
1789343269.3020048,alert,0.0002,0.8325,0.1673,approach,0.389,1.8426,0.3759
1789343269.5106833,empty,0.0002,0.3605,0.6393,retreat,0.534,1.3483,0.9749
1789343269.698101,empty,0.0002,0.087,0.9128,retreat,0.72,1.3434,0.9953
1789343269.9162278,empty,0.0004,0.0852,0.9144,retreat,0.721,1.3434,0.9955
1789343270.1032398,empty,0.0012,0.365,0.6338,retreat,0.53,1.3485,0.9745
1789343270.3062055,empty,0.001,0.421,0.578,retreat,0.492,1.3502,0.9704
1789343270.5012844,empty,0.001,0.3675,0.6315,retreat,0.528,1.3486,0.9744
1789343270.698013,alert,0.0003,0.9989,0.0008,approach,0.465,1.7795,0.3361
1789343270.9047153,alert,0.0032,0.9968,0.0,approach,0.466,1.7791,0.3361
1789343271.1070807,alert,0.0006,0.9988,0.0006,approach,0.466,1.7794,0.336
1789343271.3107142,alert,0.0011,0.9988,0.0001,approach,0.466,1.7792,0.336
1789343271.5045903,alert,0.0062,0.9938,0.0,approach,0.466,1.779,0.3363
1789343271.7125123,alert,0.0009,0.999,0.0001,approach,0.466,1.7792,0.3359
1789343271.8992174,alert,0.0006,0.999,0.0004,approach,0.466,1.7793,0.336
1789343272.102051,alert,0.0008,0.9978,0.0014,approach,0.465,1.7796,0.3363
1789343272.3007286,alert,0.013,0.9865,0.0005,approach,0.467,1.779,0.337
1789343272.5011227,alert,0.004,0.9959,0.0001,approach,0.466,1.7791,0.3362
1789343272.7044084,alert,0.0011,0.9986,0.0003,approach,0.466,1.7793,0.336
1789343272.9050844,alert,0.0093,0.9865,0.0042,approach,0.465,1.7803,0.3376
1789343273.099187,alert,0.0001,0.9998,0.0001,approach,0.466,1.7792,0.3359
1789343273.3038774,alert,0.0002,0.999,0.0008,approach,0.465,1.7795,0.3361
1789343273.5116332,alert,0.0,0.9988,0.0012,approach,0.465,1.7796,0.3361
1789343273.6996872,alert,0.0002,0.9956,0.0042,approach,0.464,1.7806,0.3369
1789343273.9077966,alert,0.0008,0.85,0.1492,approach,0.398,1.8348,0.3716
1789343274.098859,alert,0.0004,0.9843,0.0153,approach,0.459,1.7842,0.3395
1789343274.299387,alert,0.0005,0.9818,0.0177,approach,0.458,1.785,0.3401
1789343274.4962292,alert,0.0004,0.9995,0.0001,approach,0.466,1.7792,0.3359
1789343274.7012634,alert,0.0002,0.9931,0.0067,approach,0.463,1.7814,0.3375
1789343274.8998127,alert,0.0003,0.9869,0.0128,approach,0.46,1.7833,0.3389
1789343275.1004374,alert,0.0008,0.9908,0.0084,approach,0.462,1.7819,0.3379
1789343275.2985284,alert,0.0013,0.9669,0.0318,approach,0.452,1.7897,0.3436
1789343275.5104654,alert,0.0012,0.9972,0.0016,approach,0.465,1.7797,0.3363
1789343275.704318,alert,0.0007,0.9918,0.0075,approach,0.463,1.7816,0.3377
1789343275.9013276,alert,0.0012,0.5219,0.4769,retreat,0.428,1.3537,0.9628
1789343276.0974383,alert,0.0038,0.9928,0.0034,approach,0.465,1.7802,0.337
1789343276.3000312,alert,0.0032,0.991,0.0058,approach,0.464,1.781,0.3375
1789343276.5148842,alert,0.0025,0.9971,0.0004,approach,0.466,1.7793,0.3361
1789343276.7002366,alert,0.0032,0.9906,0.0062,approach,0.463,1.7811,0.3376
1789343276.900571,alert,0.0029,0.9898,0.0073,approach,0.463,1.7815,0.3378
1789343277.1006782,alert,0.0052,0.9802,0.0146,approach,0.46,1.7838,0.3398
1789343277.3004222,alert,0.0018,0.9886,0.0096,approach,0.462,1.7823,0.3383
1789343277.4996324,alert,0.0031,0.8915,0.1054,approach,0.419,1.8167,0.3613
1789343277.7037122,empty,0.0019,0.4388,0.5593,retreat,0.48,1.3509,0.969
1789343277.8977711,empty,0.0008,0.2226,0.7766,retreat,0.629,1.3453,0.9852
1789343278.0975053,empty,0.0009,0.3219,0.6772,retreat,0.56,1.3474,0.9778
1789343278.3080642,empty,0.0017,0.4328,0.5655,retreat,0.484,1.3506,0.9694
1789343278.5000765,empty,0.0032,0.4455,0.5513,retreat,0.475,1.3512,0.9684
1789343278.7026737,alert,0.0038,0.6015,0.3947,retreat,0.38,1.3573,0.9567
1789343278.9068377,alert,0.0067,0.8493,0.144,approach,0.401,1.8323,0.3708
1789343279.1005168,alert,0.0082,0.8643,0.1275,approach,0.409,1.8254,0.367
1789343279.2993078,alert,0.0412,0.8638,0.095,approach,0.429,1.8111,0.3618
1789343279.4981387,alert,0.0151,0.9783,0.0066,approach,0.465,1.7808,0.3386
1789343279.6981757,alert,0.0175,0.9762,0.0063,approach,0.465,1.7807,0.3387
1789343279.9005978,alert,0.0121,0.9336,0.0543,approach,0.443,1.7972,0.3498
1789343280.1150086,alert,0.0055,0.9633,0.0312,approach,0.453,1.7893,0.3437
1789343280.3022404,alert,0.0166,0.9772,0.0062,approach,0.465,1.7807,0.3386
1789343280.5012715,alert,0.0057,0.9691,0.0252,approach,0.455,1.7873,0.3423
1789343280.7041516,alert,0.0094,0.9251,0.0655,approach,0.438,1.8013,0.3523
1789343280.8973818,alert,0.0111,0.5407,0.4482,retreat,0.411,1.3558,0.9608
1789343281.0993552,alert,0.0094,0.8138,0.1768,approach,0.386,1.8464,0.3789
1789343281.2978551,alert,0.0015,0.9384,0.0601,approach,0.439,1.7997,0.3503
1789343281.5036495,alert,0.002,0.9616,0.0364,approach,0.45,1.7912,0.3447
1789343281.7179375,alert,0.0004,0.7885,0.2111,approach,0.369,1.8624,0.3864
1789343281.9055257,alert,0.0011,0.82,0.1789,approach,0.384,1.8477,0.3787
1789343282.1001925,empty,0.0002,0.1442,0.8556,retreat,0.683,1.344,0.9911
1789343282.2995293,empty,0.0016,0.4267,0.5717,retreat,0.488,1.3504,0.9699
1789343282.4995124,alert,0.0049,0.8551,0.14,approach,0.403,1.8307,0.3697
1789343282.700385,alert,0.0146,0.9222,0.0632,approach,0.44,1.8003,0.3521
1789343282.8980062,alert,0.0474,0.6803,0.2723,approach,0.347,1.8895,0.4047
1789343283.1010668,alert,0.017,0.7349,0.2481,approach,0.354,1.8792,0.3965
1789343283.2981844,alert,0.0159,0.9097,0.0744,approach,0.435,1.8043,0.3549
1789343283.498828,alert,0.0237,0.9723,0.004,approach,0.467,1.7797,0.3387
1789343283.7036302,alert,0.0186,0.9803,0.0011,approach,0.468,1.779,0.3376
1789343283.8975334,alert,0.0109,0.9891,0.0,approach,0.467,1.7789,0.3367
1789343284.1041234,alert,0.0104,0.9895,0.0001,approach,0.467,1.7789,0.3367
1789343284.3055458,alert,0.0029,0.9971,0.0,approach,0.466,1.7791,0.3361
1789343284.5001664,alert,0.0034,0.9963,0.0003,approach,0.466,1.7792,0.3362
1789343284.7085252,alert,0.0076,0.9811,0.0113,approach,0.462,1.7826,0.3392
1789343284.897251,alert,0.0106,0.9883,0.0011,approach,0.467,1.7792,0.3369
1789343285.1016526,alert,0.013,0.9831,0.0039,approach,0.466,1.78,0.3378
1789343285.305815,alert,0.0188,0.9807,0.0005,approach,0.468,1.7788,0.3374
1789343285.5006084,alert,0.0503,0.9398,0.0099,approach,0.468,1.7807,0.3422
1789343285.7001927,alert,0.0147,0.9816,0.0037,approach,0.466,1.7799,0.3379
1789343285.9022684,alert,0.0089,0.9911,0.0,approach,0.467,1.7789,0.3365
1789343286.1061983,alert,0.0018,0.998,0.0002,approach,0.466,1.7792,0.336
1789343287.512667,alert,0.0009,0.9939,0.0052,approach,0.464,1.7809,0.3372
1789343287.7059977,alert,0.0016,0.9962,0.0022,approach,0.465,1.7799,0.3365
1789343287.8999643,alert,0.0033,0.9834,0.0133,approach,0.46,1.7834,0.3393
1789343288.0979133,alert,0.0061,0.9838,0.0101,approach,0.462,1.7823,0.3387
1789343288.2985685,empty,0.0161,0.4317,0.5522,retreat,0.477,1.3524,0.9687
1789343288.4994166,empty,0.033,0.1823,0.7847,retreat,0.638,1.3483,0.9863
1789343288.701007,alert,0.1146,0.7343,0.1511,approach,0.414,1.8303,0.381
1789343288.9102328,alert,0.1373,0.6379,0.2248,approach,0.383,1.8615,0.4004
1789343289.09658,alert,0.0145,0.9825,0.003,approach,0.466,1.7797,0.3377
1789343289.300788,alert,0.0068,0.9165,0.0767,approach,0.432,1.8056,0.3547
1789343289.5155962,alert,0.0046,0.9872,0.0082,approach,0.463,1.7817,0.3382
1789343289.7061758,alert,0.0002,0.9995,0.0003,approach,0.466,1.7793,0.3359
1789343289.901673,alert,0.0007,0.9993,0.0,approach,0.466,1.7792,0.3359
1789343290.0994678,alert,0.0012,0.9988,0.0,approach,0.466,1.7792,0.3359
1789343290.3023834,alert,0.0002,0.9998,0.0,approach,0.466,1.7792,0.3359
1789343290.4982493,alert,0.0111,0.9828,0.0061,approach,0.464,1.7808,0.3382
1789343290.701884,alert,0.0166,0.9799,0.0035,approach,0.466,1.7798,0.338
1789343290.904259,alert,0.0037,0.9956,0.0007,approach,0.466,1.7793,0.3363
1789343291.1039112,alert,0.0029,0.9961,0.001,approach,0.466,1.7794,0.3363
1789343291.300014,alert,0.0009,0.9987,0.0004,approach,0.466,1.7793,0.336
1789343291.505926,alert,0.0022,0.9963,0.0015,approach,0.465,1.7796,0.3364
1789343291.921797,empty,0.0,0.0026,0.9974,retreat,0.772,1.3429,1.0016
1789343292.096936,empty,0.0002,0.0332,0.9666,retreat,0.754,1.3431,0.9994
1789343292.2983818,empty,0.0001,0.0022,0.9977,retreat,0.773,1.343,1.0017
1789343292.4997168,empty,0.0001,0.0021,0.9978,retreat,0.773,1.343,1.0017
1789343292.6997938,empty,0.0001,0.0031,0.9968,retreat,0.772,1.343,1.0016
1789343292.9017208,empty,0.0001,0.0042,0.9957,retreat,0.771,1.343,1.0015
1789343293.1047955,empty,0.0001,0.0086,0.9913,retreat,0.769,1.343,1.0012
1789343293.3067992,empty,0.0001,0.0054,0.9945,retreat,0.771,1.343,1.0014
1789343293.5095868,empty,0.0,0.0048,0.9952,retreat,0.771,1.343,1.0015
1789343293.703793,empty,0.0001,0.0073,0.9926,retreat,0.77,1.343,1.0013
1789343293.8966777,empty,0.0002,0.0113,0.9885,retreat,0.767,1.343,1.001
1789343294.1014674,empty,0.0001,0.0039,0.996,retreat,0.772,1.343,1.0015
1789343294.3012125,empty,0.0002,0.0152,0.9846,retreat,0.765,1.343,1.0007
1789343294.5087273,empty,0.0002,0.023,0.9768,retreat,0.76,1.343,1.0001
1789343294.6971881,empty,0.0,0.0084,0.9916,retreat,0.769,1.343,1.0012
1789343294.8972247,empty,0.0001,0.0155,0.9844,retreat,0.765,1.343,1.0007
1789343295.1069968,empty,0.0,0.0002,0.9998,retreat,0.774,1.3429,1.0018
1789343295.308517,empty,0.0,0.0002,0.9998,retreat,0.774,1.3429,1.0018
1789343295.498429,empty,0.0,0.0002,0.9998,retreat,0.774,1.3429,1.0018
1789343295.7093952,empty,0.0,0.0,1.0,retreat,0.774,1.3429,1.0018
1789343295.905156,empty,0.0,0.0002,0.9998,retreat,0.774,1.3429,1.0018
1789343296.107317,empty,0.0,0.0002,0.9998,retreat,0.774,1.3429,1.0018
1789343296.2976713,empty,0.0,0.0066,0.9934,retreat,0.77,1.343,1.0013
1789343296.499535,empty,0.0,0.0003,0.9997,retreat,0.774,1.3429,1.0018
1789343296.697385,empty,0.0,0.002,0.998,retreat,0.773,1.3429,1.0017
1789343296.9156194,empty,0.0,0.0082,0.9918,retreat,0.769,1.343,1.0012
1789343297.0970867,empty,0.0,0.0007,0.9993,retreat,0.773,1.3429,1.0018
1789343297.2986252,empty,0.0,0.0001,0.9999,retreat,0.774,1.3429,1.0018
1789343297.4979403,empty,0.0,0.001,0.999,retreat,0.773,1.3429,1.0018
1789343297.7026477,empty,0.0,0.0114,0.9886,retreat,0.767,1.343,1.001
1789343297.9015527,alert,0.0038,0.7879,0.2083,approach,0.371,1.861,0.386
1789343298.1034677,alert,0.0011,0.9974,0.0015,approach,0.465,1.7797,0.3363
1789343298.2969203,alert,0.0005,0.7944,0.2051,approach,0.372,1.8596,0.385
1789343298.4977896,alert,0.0006,0.9776,0.0218,approach,0.456,1.7863,0.3411
1789343298.7202106,alert,0.0051,0.9752,0.0197,approach,0.458,1.7855,0.341
1789343298.8997638,alert,0.0014,0.9985,0.0001,approach,0.466,1.7792,0.336
1789343299.1022155,alert,0.0176,0.9824,0.0,approach,0.468,1.7786,0.3372
1789343299.3062463,alert,0.0115,0.9885,0.0,approach,0.467,1.7788,0.3368
1789343299.4970055,alert,0.001,0.999,0.0,approach,0.466,1.7792,0.3359
1789343299.6967347,alert,0.0406,0.9594,0.0,approach,0.471,1.7779,0.339
1789343299.8970494,alert,0.0001,0.9999,0.0,approach,0.466,1.7792,0.3359
1789343300.0972524,alert,0.0004,0.9996,0.0,approach,0.466,1.7792,0.3359
1789343300.3009973,alert,0.0001,0.9999,0.0,approach,0.466,1.7792,0.3359
1789343300.502124,alert,0.0001,0.9999,0.0,approach,0.466,1.7792,0.3359
1789343300.698785,alert,0.0002,0.9998,0.0,approach,0.466,1.7792,0.3359
1789343300.9028606,alert,0.002,0.9977,0.0003,approach,0.466,1.7792,0.3361
1789343301.0971384,alert,0.0028,0.9969,0.0003,approach,0.466,1.7792,0.3361
1789343301.3018885,alert,0.0044,0.9955,0.0001,approach,0.466,1.7791,0.3362
1789343301.4975896,alert,0.0096,0.9903,0.0001,approach,0.467,1.7789,0.3366
1789343301.6978374,alert,0.0064,0.9936,0.0,approach,0.467,1.779,0.3364
1789343301.903081,alert,0.0039,0.996,0.0001,approach,0.466,1.7791,0.3362
1789343302.1053967,alert,0.0059,0.9939,0.0002,approach,0.466,1.7791,0.3364
1789343302.3027515,alert,0.0102,0.9891,0.0007,approach,0.467,1.7791,0.3368
1789343302.4983993,alert,0.0038,0.9958,0.0004,approach,0.466,1.7792,0.3362
1789343302.7003777,alert,0.0102,0.9571,0.0327,approach,0.453,1.7897,0.3445
1789343302.8973978,alert,0.0082,0.9904,0.0014,approach,0.466,1.7794,0.3368
1789343303.0982556,alert,0.0194,0.9793,0.0013,approach,0.468,1.779,0.3377
1789343303.2968779,alert,0.0075,0.9607,0.0318,approach,0.453,1.7895,0.344
1789343303.497257,alert,0.0096,0.8595,0.1309,approach,0.408,1.8267,0.3679
1789343303.701228,alert,0.0077,0.9439,0.0484,approach,0.445,1.7952,0.348
1789343303.9085987,alert,0.0027,0.7357,0.2616,approach,0.345,1.8867,0.3986
1789343304.105229,alert,0.0004,0.6283,0.3713,retreat,0.367,1.3581,0.9549
1789343304.3034697,empty,0.0004,0.3796,0.62,retreat,0.521,1.3489,0.9735
1789343304.4989915,alert,0.0019,0.7455,0.2526,approach,0.349,1.8823,0.3964
1789343304.6986077,alert,0.0008,0.8212,0.178,approach,0.385,1.8473,0.3785
1789343304.9023232,alert,0.0055,0.8776,0.1169,approach,0.414,1.8212,0.3642
1789343305.0976598,alert,0.0054,0.9136,0.081,approach,0.43,1.8072,0.3557
1789343305.3030982,alert,0.0321,0.7528,0.2151,approach,0.372,1.8626,0.3898
1789343305.5055187,alert,0.0107,0.6949,0.2944,hold,0.342,1.6359,0.6655
1789343305.697939,alert,0.0041,0.6866,0.3093,hold,0.343,1.6369,0.6687
1789343305.903705,alert,0.0049,0.7497,0.2454,approach,0.353,1.8786,0.3949
1789343306.0964515,alert,0.0062,0.7675,0.2263,approach,0.362,1.8693,0.3905
1789343306.3052428,alert,0.0103,0.6825,0.3072,hold,0.342,1.6375,0.6689
1789343306.497647,alert,0.0065,0.8106,0.1829,approach,0.383,1.8492,0.3801
1789343306.7066104,alert,0.0033,0.6024,0.3943,retreat,0.38,1.3573,0.9567
1789343306.916874,empty,0.0012,0.3676,0.6312,retreat,0.528,1.3486,0.9743
1789343307.0966945,alert,0.0015,0.7676,0.2309,approach,0.359,1.8718,0.3912
1789343307.298477,alert,0.0017,0.7862,0.2121,approach,0.368,1.8628,0.3867
1789343307.4976003,alert,0.0039,0.8655,0.1306,approach,0.407,1.8269,0.3674
1789343307.7037506,alert,0.0041,0.5719,0.424,retreat,0.396,1.3561,0.9589
1789343307.8969436,alert,0.0086,0.7092,0.2822,hold,0.342,1.634,0.662
1789343308.0966024,alert,0.0086,0.5759,0.4155,retreat,0.392,1.3569,0.9583
1789343308.3006468,alert,0.0028,0.7301,0.2671,hold,0.343,1.6314,0.6573
1789343308.5186036,empty,0.0009,0.2744,0.7247,retreat,0.593,1.3463,0.9813
1789343308.7035122,alert,0.0017,0.842,0.1563,approach,0.395,1.8378,0.3734
1789343308.903285,alert,0.0032,0.8207,0.1761,approach,0.386,1.8464,0.3782
1789343309.0986726,empty,0.0007,0.4236,0.5757,retreat,0.491,1.3502,0.9702
1789343309.2975423,alert,0.0026,0.6943,0.3031,hold,0.343,1.6358,0.6668
1789343309.5012236,alert,0.0121,0.7886,0.1993,approach,0.376,1.8564,0.3845
1789343309.6967964,alert,0.0083,0.7893,0.2024,approach,0.374,1.858,0.3849
1789343309.8995526,alert,0.0048,0.6856,0.3096,hold,0.343,1.637,0.6689
1789343310.1009521,alert,0.005,0.843,0.152,approach,0.397,1.8358,0.3726
1789343310.2967997,alert,0.0067,0.9845,0.0088,approach,0.463,1.7818,0.3385
1789343310.5017624,alert,0.0039,0.6807,0.3154,hold,0.343,1.6377,0.6703
1789343310.7058804,alert,0.0098,0.8572,0.133,approach,0.407,1.8276,0.3684
1789343310.8990498,alert,0.0076,0.9299,0.0625,approach,0.439,1.8003,0.3514
1789343311.1052368,alert,0.0054,0.9652,0.0294,approach,0.453,1.7887,0.3433
1789343311.2984462,alert,0.0026,0.9713,0.0261,approach,0.455,1.7877,0.3423
1789343311.5005918,alert,0.0014,0.9711,0.0275,approach,0.454,1.7882,0.3425
1789343311.6979964,alert,0.0009,0.9927,0.0064,approach,0.463,1.7812,0.3375
1789343311.8980398,alert,0.0005,0.9987,0.0008,approach,0.465,1.7795,0.3361
1789343312.1022573,alert,0.0011,0.9989,0.0,approach,0.466,1.7792,0.3359
1789343312.3041687,alert,0.0006,0.9991,0.0003,approach,0.466,1.7793,0.336
1789343312.5005052,alert,0.0073,0.988,0.0047,approach,0.465,1.7805,0.3375
1789343312.6972377,alert,0.0054,0.9919,0.0027,approach,0.465,1.7799,0.3369
1789343312.8980198,alert,0.0041,0.9769,0.019,approach,0.458,1.7853,0.3407
1789343313.0982969,alert,0.0009,0.9977,0.0014,approach,0.465,1.7796,0.3363
1789343313.2976897,alert,0.0004,0.9996,0.0,approach,0.466,1.7792,0.3359
1789343313.4953687,alert,0.0,0.9999,0.0001,approach,0.466,1.7792,0.3359
1789343313.6970832,alert,0.0001,0.9998,0.0001,approach,0.466,1.7792,0.3359
1789343313.8967497,alert,0.0006,0.9994,0.0,approach,0.466,1.7792,0.3359
1789343314.096905,alert,0.0028,0.9971,0.0001,approach,0.466,1.7792,0.3361
1789343314.2990506,alert,0.0019,0.998,0.0001,approach,0.466,1.7792,0.336
1789343314.5044317,alert,0.0017,0.9982,0.0001,approach,0.466,1.7792,0.336
1789343314.7009344,alert,0.0013,0.9986,0.0001,approach,0.466,1.7792,0.336
1789343314.8981032,alert,0.0058,0.9941,0.0001,approach,0.466,1.7791,0.3363
1789343315.1208487,alert,0.0027,0.9972,0.0001,approach,0.466,1.7792,0.3361
1789343315.2952294,alert,0.0043,0.9957,0.0,approach,0.466,1.7791,0.3362
1789343315.4974945,alert,0.002,0.998,0.0,approach,0.466,1.7792,0.336
1789343315.7253408,alert,0.0011,0.9989,0.0,approach,0.466,1.7792,0.3359
1789343315.9111638,alert,0.0001,0.9999,0.0,approach,0.466,1.7792,0.3359
1789343316.1002626,alert,0.0065,0.9934,0.0001,approach,0.466,1.779,0.3364
1789343316.2989635,alert,0.0025,0.9974,0.0001,approach,0.466,1.7792,0.3361
1789343316.4981596,alert,0.0313,0.9687,0.0,approach,0.47,1.7782,0.3383
1789343316.6981494,alert,0.0163,0.9837,0.0,approach,0.468,1.7787,0.3371
1789343316.901666,alert,0.0007,0.9993,0.0,approach,0.466,1.7792,0.3359
1789343317.1012676,alert,0.0024,0.9973,0.0003,approach,0.466,1.7792,0.3361
1789343317.2998066,alert,0.0203,0.9772,0.0025,approach,0.467,1.7794,0.338
1789343317.5055997,alert,0.0112,0.9849,0.0039,approach,0.465,1.7801,0.3377
1789343317.702655,alert,0.0027,0.9954,0.0019,approach,0.465,1.7797,0.3365
1789343317.8967412,alert,0.0015,0.9883,0.0102,approach,0.461,1.7825,0.3384
1789343318.098301,alert,0.0005,0.9261,0.0734,approach,0.433,1.8046,0.3535
1789343318.2964225,alert,0.0008,0.8728,0.1264,approach,0.409,1.8253,0.3662
1789343318.5045266,alert,0.0006,0.638,0.3614,retreat,0.361,1.3585,0.9542
1789343318.7093413,alert,0.0021,0.9925,0.0054,approach,0.464,1.7809,0.3373
1789343318.895846,alert,0.0003,0.8889,0.1108,approach,0.416,1.819,0.3624
1789343319.1011558,empty,0.0002,0.1368,0.863,retreat,0.688,1.3439,0.9916
1789343319.298791,alert,0.0005,0.8086,0.1909,approach,0.378,1.8531,0.3816
1789343319.5002434,alert,0.0005,0.9687,0.0308,approach,0.452,1.7894,0.3433
1789343321.0257354,alert,0.0001,0.8898,0.1101,approach,0.416,1.8187,0.3622
1789343321.1072233,alert,0.0002,0.9898,0.01,approach,0.461,1.7824,0.3383
1789343321.3006034,alert,0.0001,0.992,0.0079,approach,0.462,1.7818,0.3378
1789343321.5038154,alert,0.0001,0.9978,0.0021,approach,0.465,1.7799,0.3364
1789343321.6983922,alert,0.0012,0.961,0.0378,approach,0.449,1.7918,0.345
1789343321.9002612,alert,0.0002,0.8325,0.1673,approach,0.389,1.8426,0.3759
1789343322.107678,empty,0.0002,0.3605,0.6393,retreat,0.534,1.3483,0.9749
1789343322.2964656,empty,0.0002,0.087,0.9128,retreat,0.72,1.3434,0.9953
1789343322.4985816,empty,0.0004,0.0852,0.9144,retreat,0.721,1.3434,0.9955
1789343322.6987007,empty,0.0012,0.365,0.6338,retreat,0.53,1.3485,0.9745
1789343322.895493,empty,0.001,0.421,0.578,retreat,0.492,1.3502,0.9704
1789343323.0976093,empty,0.001,0.3675,0.6315,retreat,0.528,1.3486,0.9744
1789343323.2993221,alert,0.0003,0.9989,0.0008,approach,0.465,1.7795,0.3361
1789343323.4989169,alert,0.0032,0.9968,0.0,approach,0.466,1.7791,0.3361
1789343323.703825,alert,0.0006,0.9988,0.0006,approach,0.466,1.7794,0.336
1789343323.8994706,alert,0.0011,0.9988,0.0001,approach,0.466,1.7792,0.336
1789343324.098601,alert,0.0062,0.9938,0.0,approach,0.466,1.779,0.3363
1789343324.300433,alert,0.0009,0.999,0.0001,approach,0.466,1.7792,0.3359
1789343324.507882,alert,0.0006,0.999,0.0004,approach,0.466,1.7793,0.336
1789343324.699242,alert,0.0008,0.9978,0.0014,approach,0.465,1.7796,0.3363
1789343324.8995345,alert,0.013,0.9865,0.0005,approach,0.467,1.779,0.337
1789343325.096378,alert,0.004,0.9959,0.0001,approach,0.466,1.7791,0.3362
1789343325.3043027,alert,0.0011,0.9986,0.0003,approach,0.466,1.7793,0.336
1789343325.4975417,alert,0.0093,0.9865,0.0042,approach,0.465,1.7803,0.3376
1789343325.6989274,alert,0.0001,0.9998,0.0001,approach,0.466,1.7792,0.3359
1789343325.9046907,alert,0.0002,0.999,0.0008,approach,0.465,1.7795,0.3361
1789343326.1074905,alert,0.0,0.9988,0.0012,approach,0.465,1.7796,0.3361
1789343326.2996082,alert,0.0002,0.9956,0.0042,approach,0.464,1.7806,0.3369
1789343326.511601,alert,0.0008,0.85,0.1492,approach,0.398,1.8348,0.3716
1789343326.7019396,alert,0.0004,0.9843,0.0153,approach,0.459,1.7842,0.3395
1789343326.8973808,alert,0.0005,0.9818,0.0177,approach,0.458,1.785,0.3401
1789343327.0987,alert,0.0004,0.9995,0.0001,approach,0.466,1.7792,0.3359
1789343327.3101904,alert,0.0002,0.9931,0.0067,approach,0.463,1.7814,0.3375
1789343327.506596,alert,0.0003,0.9869,0.0128,approach,0.46,1.7833,0.3389
1789343327.7014713,alert,0.0008,0.9908,0.0084,approach,0.462,1.7819,0.3379
1789343327.8976052,alert,0.0013,0.9669,0.0318,approach,0.452,1.7897,0.3436
1789343328.1029038,alert,0.0012,0.9972,0.0016,approach,0.465,1.7797,0.3363
1789343328.2986405,alert,0.0007,0.9918,0.0075,approach,0.463,1.7816,0.3377
1789343328.496515,alert,0.0012,0.5219,0.4769,retreat,0.428,1.3537,0.9628
1789343328.7001343,alert,0.0038,0.9928,0.0034,approach,0.465,1.7802,0.337
1789343328.9034069,alert,0.0032,0.991,0.0058,approach,0.464,1.781,0.3375
1789343329.103359,alert,0.0025,0.9971,0.0004,approach,0.466,1.7793,0.3361
1789343329.302615,alert,0.0032,0.9906,0.0062,approach,0.463,1.7811,0.3376
1789343329.5029728,alert,0.0029,0.9898,0.0073,approach,0.463,1.7815,0.3378
1789343329.698047,alert,0.0052,0.9802,0.0146,approach,0.46,1.7838,0.3398
1789343329.8991976,alert,0.0018,0.9886,0.0096,approach,0.462,1.7823,0.3383
1789343330.096925,alert,0.0031,0.8915,0.1054,approach,0.419,1.8167,0.3613
1789343330.297701,empty,0.0019,0.4388,0.5593,retreat,0.48,1.3509,0.969
1789343330.4956944,empty,0.0008,0.2226,0.7766,retreat,0.629,1.3453,0.9852
1789343330.6976118,empty,0.0009,0.3219,0.6772,retreat,0.56,1.3474,0.9778
1789343330.8986003,empty,0.0017,0.4328,0.5655,retreat,0.484,1.3506,0.9694
1789343331.098047,empty,0.0032,0.4455,0.5513,retreat,0.475,1.3512,0.9684
1789343331.2980096,alert,0.0038,0.6015,0.3947,retreat,0.38,1.3573,0.9567
1789343331.4968596,alert,0.0067,0.8493,0.144,approach,0.401,1.8323,0.3708
1789343331.7019403,alert,0.0082,0.8643,0.1275,approach,0.409,1.8254,0.367
1789343331.8957467,alert,0.0412,0.8638,0.095,approach,0.429,1.8111,0.3618
1789343332.0959625,alert,0.0151,0.9783,0.0066,approach,0.465,1.7808,0.3386
1789343332.2989216,alert,0.0175,0.9762,0.0063,approach,0.465,1.7807,0.3387
1789343332.498746,alert,0.0121,0.9336,0.0543,approach,0.443,1.7972,0.3498
1789343332.6996396,alert,0.0055,0.9633,0.0312,approach,0.453,1.7893,0.3437
1789343332.8994172,alert,0.0166,0.9772,0.0062,approach,0.465,1.7807,0.3386
1789343333.1035006,alert,0.0057,0.9691,0.0252,approach,0.455,1.7873,0.3423
1789343333.2995706,alert,0.0094,0.9251,0.0655,approach,0.438,1.8013,0.3523
1789343333.4982169,alert,0.0111,0.5407,0.4482,retreat,0.411,1.3558,0.9608
1789343333.702308,alert,0.0094,0.8138,0.1768,approach,0.386,1.8464,0.3789
1789343333.904759,alert,0.0015,0.9384,0.0601,approach,0.439,1.7997,0.3503
1789343334.1021383,alert,0.002,0.9616,0.0364,approach,0.45,1.7912,0.3447
1789343334.30056,alert,0.0004,0.7885,0.2111,approach,0.369,1.8624,0.3864
1789343334.4986172,alert,0.0011,0.82,0.1789,approach,0.384,1.8477,0.3787
1789343334.6997542,empty,0.0002,0.1442,0.8556,retreat,0.683,1.344,0.9911
1789343334.8998055,empty,0.0016,0.4267,0.5717,retreat,0.488,1.3504,0.9699
1789343335.1005135,alert,0.0049,0.8551,0.14,approach,0.403,1.8307,0.3697
1789343335.296059,alert,0.0146,0.9222,0.0632,approach,0.44,1.8003,0.3521
1789343335.496952,alert,0.0474,0.6803,0.2723,approach,0.347,1.8895,0.4047
1789343335.7053077,alert,0.017,0.7349,0.2481,approach,0.354,1.8792,0.3965
1789343335.9014235,alert,0.0159,0.9097,0.0744,approach,0.435,1.8043,0.3549
1789343336.0984318,alert,0.0237,0.9723,0.004,approach,0.467,1.7797,0.3387
1789343336.2968142,alert,0.0186,0.9803,0.0011,approach,0.468,1.779,0.3376
1789343336.500469,alert,0.0109,0.9891,0.0,approach,0.467,1.7789,0.3367
1789343336.7046587,alert,0.0104,0.9895,0.0001,approach,0.467,1.7789,0.3367
1789343336.8991153,alert,0.0029,0.9971,0.0,approach,0.466,1.7791,0.3361
1789343337.0999196,alert,0.0034,0.9963,0.0003,approach,0.466,1.7792,0.3362
1789343337.2998848,alert,0.0076,0.9811,0.0113,approach,0.462,1.7826,0.3392
1789343337.4964516,alert,0.0106,0.9883,0.0011,approach,0.467,1.7792,0.3369
1789343337.6981523,alert,0.013,0.9831,0.0039,approach,0.466,1.78,0.3378
1789343337.9025333,alert,0.0188,0.9807,0.0005,approach,0.468,1.7788,0.3374
1789343338.0963876,alert,0.0503,0.9398,0.0099,approach,0.468,1.7807,0.3422
1789343338.300262,alert,0.0147,0.9816,0.0037,approach,0.466,1.7799,0.3379
1789343338.5037203,alert,0.0089,0.9911,0.0,approach,0.467,1.7789,0.3365
1789343338.7211354,alert,0.0018,0.998,0.0002,approach,0.466,1.7792,0.336
1789343338.904026,alert,0.0009,0.9939,0.0052,approach,0.464,1.7809,0.3372
1789343339.1006057,alert,0.0016,0.9962,0.0022,approach,0.465,1.7799,0.3365
1789343339.2970572,alert,0.0033,0.9834,0.0133,approach,0.46,1.7834,0.3393
1789343339.4972224,alert,0.0061,0.9838,0.0101,approach,0.462,1.7823,0.3387
1789343339.6984534,empty,0.0161,0.4317,0.5522,retreat,0.477,1.3524,0.9687
1789343339.9015498,empty,0.033,0.1823,0.7847,retreat,0.638,1.3483,0.9863
1789343340.0984287,alert,0.1146,0.7343,0.1511,approach,0.414,1.8303,0.381
1789343340.2978458,alert,0.1373,0.6379,0.2248,approach,0.383,1.8615,0.4004
1789343340.499645,alert,0.0145,0.9825,0.003,approach,0.466,1.7797,0.3377
1789343340.7000275,alert,0.0068,0.9165,0.0767,approach,0.432,1.8056,0.3547
1789343340.8980908,alert,0.0046,0.9872,0.0082,approach,0.463,1.7817,0.3382
1789343341.0956254,alert,0.0002,0.9995,0.0003,approach,0.466,1.7793,0.3359
1789343341.2970264,alert,0.0007,0.9993,0.0,approach,0.466,1.7792,0.3359
1789343341.496762,alert,0.0012,0.9988,0.0,approach,0.466,1.7792,0.3359
1789343341.6989412,alert,0.0002,0.9998,0.0,approach,0.466,1.7792,0.3359
1789343341.8966491,alert,0.0111,0.9828,0.0061,approach,0.464,1.7808,0.3382
1789343342.0967214,alert,0.0166,0.9799,0.0035,approach,0.466,1.7798,0.338
1789343342.298782,alert,0.0037,0.9956,0.0007,approach,0.466,1.7793,0.3363
1789343342.498436,alert,0.0029,0.9961,0.001,approach,0.466,1.7794,0.3363
1789343342.702853,alert,0.0009,0.9987,0.0004,approach,0.466,1.7793,0.336
1789343342.897691,alert,0.0022,0.9963,0.0015,approach,0.465,1.7796,0.3364
1789343343.3206933,empty,0.0,0.0026,0.9974,retreat,0.772,1.3429,1.0016
1789343343.513063,empty,0.0002,0.0332,0.9666,retreat,0.754,1.3431,0.9994
1789343343.6966207,empty,0.0001,0.0022,0.9977,retreat,0.773,1.343,1.0017
1789343343.9001966,empty,0.0001,0.0021,0.9978,retreat,0.773,1.343,1.0017
1789343344.102599,empty,0.0001,0.0031,0.9968,retreat,0.772,1.343,1.0016
1789343344.2962015,empty,0.0001,0.0042,0.9957,retreat,0.771,1.343,1.0015
1789343344.4982283,empty,0.0001,0.0086,0.9913,retreat,0.769,1.343,1.0012
1789343344.6957116,empty,0.0001,0.0054,0.9945,retreat,0.771,1.343,1.0014
1789343344.8991141,empty,0.0,0.0048,0.9952,retreat,0.771,1.343,1.0015
1789343345.0960631,empty,0.0001,0.0073,0.9926,retreat,0.77,1.343,1.0013
1789343345.30068,empty,0.0002,0.0113,0.9885,retreat,0.767,1.343,1.001
1789343345.4980555,empty,0.0001,0.0039,0.996,retreat,0.772,1.343,1.0015
1789343345.6974018,empty,0.0002,0.0152,0.9846,retreat,0.765,1.343,1.0007
1789343345.8953567,empty,0.0002,0.023,0.9768,retreat,0.76,1.343,1.0001
1789343346.102045,empty,0.0,0.0084,0.9916,retreat,0.769,1.343,1.0012
1789343346.2955122,empty,0.0001,0.0155,0.9844,retreat,0.765,1.343,1.0007
1789343346.4956183,empty,0.0,0.0002,0.9998,retreat,0.774,1.3429,1.0018
1789343346.6962469,empty,0.0,0.0002,0.9998,retreat,0.774,1.3429,1.0018
1789343346.8966224,empty,0.0,0.0002,0.9998,retreat,0.774,1.3429,1.0018
1789343347.0981793,empty,0.0,0.0,1.0,retreat,0.774,1.3429,1.0018
1789343347.2992506,empty,0.0,0.0002,0.9998,retreat,0.774,1.3429,1.0018
1789343347.500308,empty,0.0,0.0002,0.9998,retreat,0.774,1.3429,1.0018
1789343347.7009206,empty,0.0,0.0066,0.9934,retreat,0.77,1.343,1.0013
1789343347.903413,empty,0.0,0.0003,0.9997,retreat,0.774,1.3429,1.0018
1789343348.0990844,empty,0.0,0.002,0.998,retreat,0.773,1.3429,1.0017
1789343348.3032482,empty,0.0,0.0082,0.9918,retreat,0.769,1.343,1.0012
1789343348.5059175,empty,0.0,0.0007,0.9993,retreat,0.773,1.3429,1.0018
1789343348.7067454,empty,0.0,0.0001,0.9999,retreat,0.774,1.3429,1.0018
1789343348.9040704,empty,0.0,0.001,0.999,retreat,0.773,1.3429,1.0018
1789343349.1003532,empty,0.0,0.0114,0.9886,retreat,0.767,1.343,1.001
1789343349.3005044,alert,0.0038,0.7879,0.2083,approach,0.371,1.861,0.386
1789343349.4994895,alert,0.0011,0.9974,0.0015,approach,0.465,1.7797,0.3363
1789343349.697225,alert,0.0005,0.7944,0.2051,approach,0.372,1.8596,0.385
1789343349.90298,alert,0.0006,0.9776,0.0218,approach,0.456,1.7863,0.3411
1789343350.1054893,alert,0.0051,0.9752,0.0197,approach,0.458,1.7855,0.341
1789343350.3029304,alert,0.0014,0.9985,0.0001,approach,0.466,1.7792,0.336
1789343350.4994774,alert,0.0176,0.9824,0.0,approach,0.468,1.7786,0.3372
1789343350.6975296,alert,0.0115,0.9885,0.0,approach,0.467,1.7788,0.3368
1789343350.912698,alert,0.001,0.999,0.0,approach,0.466,1.7792,0.3359
1789343351.1027472,alert,0.0406,0.9594,0.0,approach,0.471,1.7779,0.339
1789343351.3039386,alert,0.0001,0.9999,0.0,approach,0.466,1.7792,0.3359
1789343351.4962933,alert,0.0004,0.9996,0.0,approach,0.466,1.7792,0.3359
1789343351.707418,alert,0.0001,0.9999,0.0,approach,0.466,1.7792,0.3359
1789343351.9010792,alert,0.0001,0.9999,0.0,approach,0.466,1.7792,0.3359
1789343352.1061652,alert,0.0002,0.9998,0.0,approach,0.466,1.7792,0.3359
1789343352.3073359,alert,0.002,0.9977,0.0003,approach,0.466,1.7792,0.3361
1789343352.5058007,alert,0.0028,0.9969,0.0003,approach,0.466,1.7792,0.3361
1789343352.7040868,alert,0.0044,0.9955,0.0001,approach,0.466,1.7791,0.3362
1789343352.898763,alert,0.0096,0.9903,0.0001,approach,0.467,1.7789,0.3366
1789343353.0974305,alert,0.0064,0.9936,0.0,approach,0.467,1.779,0.3364
1789343354.554049,alert,0.0039,0.996,0.0001,approach,0.466,1.7791,0.3362
1789343354.7130187,alert,0.0059,0.9939,0.0002,approach,0.466,1.7791,0.3364
1789343354.9042737,alert,0.0102,0.9891,0.0007,approach,0.467,1.7791,0.3368
1789343355.1045723,alert,0.0038,0.9958,0.0004,approach,0.466,1.7792,0.3362
1789343355.3007271,alert,0.0102,0.9571,0.0327,approach,0.453,1.7897,0.3445
1789343355.4950957,alert,0.0082,0.9904,0.0014,approach,0.466,1.7794,0.3368
1789343355.6995668,alert,0.0194,0.9793,0.0013,approach,0.468,1.779,0.3377
1789343355.8973725,alert,0.0075,0.9607,0.0318,approach,0.453,1.7895,0.344
1789343356.1007817,alert,0.0096,0.8595,0.1309,approach,0.408,1.8267,0.3679
1789343356.309901,alert,0.0077,0.9439,0.0484,approach,0.445,1.7952,0.348
1789343356.5042913,alert,0.0027,0.7357,0.2616,approach,0.345,1.8867,0.3986
1789343356.7010279,alert,0.0004,0.6283,0.3713,retreat,0.367,1.3581,0.9549
1789343356.903169,empty,0.0004,0.3796,0.62,retreat,0.521,1.3489,0.9735
1789343357.0994074,alert,0.0019,0.7455,0.2526,approach,0.349,1.8823,0.3964
1789343357.299379,alert,0.0008,0.8212,0.178,approach,0.385,1.8473,0.3785
1789343357.4981878,alert,0.0055,0.8776,0.1169,approach,0.414,1.8212,0.3642
1789343357.707999,alert,0.0054,0.9136,0.081,approach,0.43,1.8072,0.3557
1789343357.9014432,alert,0.0321,0.7528,0.2151,approach,0.372,1.8626,0.3898
1789343358.1016982,alert,0.0107,0.6949,0.2944,hold,0.342,1.6359,0.6655
1789343358.3033001,alert,0.0041,0.6866,0.3093,hold,0.343,1.6369,0.6687
1789343358.4978719,alert,0.0049,0.7497,0.2454,approach,0.353,1.8786,0.3949
1789343358.6999469,alert,0.0062,0.7675,0.2263,approach,0.362,1.8693,0.3905
1789343358.9031408,alert,0.0103,0.6825,0.3072,hold,0.342,1.6375,0.6689
1789343359.1026788,alert,0.0065,0.8106,0.1829,approach,0.383,1.8492,0.3801
1789343359.2982697,alert,0.0033,0.6024,0.3943,retreat,0.38,1.3573,0.9567
1789343359.5061674,empty,0.0012,0.3676,0.6312,retreat,0.528,1.3486,0.9743
1789343359.698844,alert,0.0015,0.7676,0.2309,approach,0.359,1.8718,0.3912
1789343359.8975453,alert,0.0017,0.7862,0.2121,approach,0.368,1.8628,0.3867
1789343360.0994928,alert,0.0039,0.8655,0.1306,approach,0.407,1.8269,0.3674
1789343360.3038003,alert,0.0041,0.5719,0.424,retreat,0.396,1.3561,0.9589
1789343360.5012183,alert,0.0086,0.7092,0.2822,hold,0.342,1.634,0.662
1789343360.6959064,alert,0.0086,0.5759,0.4155,retreat,0.392,1.3569,0.9583
1789343360.8996854,alert,0.0028,0.7301,0.2671,hold,0.343,1.6314,0.6573
1789343361.1075578,empty,0.0009,0.2744,0.7247,retreat,0.593,1.3463,0.9813
1789343361.2963083,alert,0.0017,0.842,0.1563,approach,0.395,1.8378,0.3734
1789343361.499938,alert,0.0032,0.8207,0.1761,approach,0.386,1.8464,0.3782
1789343361.6994646,empty,0.0007,0.4236,0.5757,retreat,0.491,1.3502,0.9702
1789343361.9004672,alert,0.0026,0.6943,0.3031,hold,0.343,1.6358,0.6668
1789343362.1007853,alert,0.0121,0.7886,0.1993,approach,0.376,1.8564,0.3845
1789343362.3006961,alert,0.0083,0.7893,0.2024,approach,0.374,1.858,0.3849
1789343362.5074234,alert,0.0048,0.6856,0.3096,hold,0.343,1.637,0.6689
1789343362.6996508,alert,0.005,0.843,0.152,approach,0.397,1.8358,0.3726
1789343362.90645,alert,0.0067,0.9845,0.0088,approach,0.463,1.7818,0.3385
1789343363.1092079,alert,0.0039,0.6807,0.3154,hold,0.343,1.6377,0.6703
1789343363.2978926,alert,0.0098,0.8572,0.133,approach,0.407,1.8276,0.3684
1789343363.5045786,alert,0.0076,0.9299,0.0625,approach,0.439,1.8003,0.3514
1789343363.7122712,alert,0.0054,0.9652,0.0294,approach,0.453,1.7887,0.3433
1789343363.9106374,alert,0.0026,0.9713,0.0261,approach,0.455,1.7877,0.3423
1789343364.101626,alert,0.0014,0.9711,0.0275,approach,0.454,1.7882,0.3425
1789343364.2974703,alert,0.0009,0.9927,0.0064,approach,0.463,1.7812,0.3375
1789343364.503576,alert,0.0005,0.9987,0.0008,approach,0.465,1.7795,0.3361
1789343364.7035685,alert,0.0011,0.9989,0.0,approach,0.466,1.7792,0.3359
1789343364.904892,alert,0.0006,0.9991,0.0003,approach,0.466,1.7793,0.336
1789343365.0975726,alert,0.0073,0.988,0.0047,approach,0.465,1.7805,0.3375
1789343365.2971401,alert,0.0054,0.9919,0.0027,approach,0.465,1.7799,0.3369
1789343365.5009463,alert,0.0041,0.9769,0.019,approach,0.458,1.7853,0.3407
1789343365.7014613,alert,0.0009,0.9977,0.0014,approach,0.465,1.7796,0.3363
1789343365.8974407,alert,0.0004,0.9996,0.0,approach,0.466,1.7792,0.3359
1789343366.0961256,alert,0.0,0.9999,0.0001,approach,0.466,1.7792,0.3359
1789343366.2999825,alert,0.0001,0.9998,0.0001,approach,0.466,1.7792,0.3359
1789343366.5069087,alert,0.0006,0.9994,0.0,approach,0.466,1.7792,0.3359
1789343366.6960022,alert,0.0028,0.9971,0.0001,approach,0.466,1.7792,0.3361
1789343366.9026728,alert,0.0019,0.998,0.0001,approach,0.466,1.7792,0.336
1789343367.1010008,alert,0.0017,0.9982,0.0001,approach,0.466,1.7792,0.336
1789343367.3015366,alert,0.0013,0.9986,0.0001,approach,0.466,1.7792,0.336
1789343367.496037,alert,0.0058,0.9941,0.0001,approach,0.466,1.7791,0.3363
1789343367.695907,alert,0.0027,0.9972,0.0001,approach,0.466,1.7792,0.3361
1789343367.8970094,alert,0.0043,0.9957,0.0,approach,0.466,1.7791,0.3362
1789343368.1003203,alert,0.002,0.998,0.0,approach,0.466,1.7792,0.336
1789343368.3026965,alert,0.0011,0.9989,0.0,approach,0.466,1.7792,0.3359
1789343368.5004857,alert,0.0001,0.9999,0.0,approach,0.466,1.7792,0.3359
1789343368.6974623,alert,0.0065,0.9934,0.0001,approach,0.466,1.779,0.3364
1789343368.8954554,alert,0.0025,0.9974,0.0001,approach,0.466,1.7792,0.3361
1789343369.0979083,alert,0.0313,0.9687,0.0,approach,0.47,1.7782,0.3383
1789343369.2963467,alert,0.0163,0.9837,0.0,approach,0.468,1.7787,0.3371
1789343369.5031326,alert,0.0007,0.9993,0.0,approach,0.466,1.7792,0.3359
1789343369.6986425,alert,0.0024,0.9973,0.0003,approach,0.466,1.7792,0.3361
1789343369.9010313,alert,0.0203,0.9772,0.0025,approach,0.467,1.7794,0.338
1789343370.0968418,alert,0.0112,0.9849,0.0039,approach,0.465,1.7801,0.3377
1789343370.2973025,alert,0.0027,0.9954,0.0019,approach,0.465,1.7797,0.3365
1789343370.5017214,alert,0.0015,0.9883,0.0102,approach,0.461,1.7825,0.3384
1789343370.6951227,alert,0.0005,0.9261,0.0734,approach,0.433,1.8046,0.3535
1789343370.8965466,alert,0.0008,0.8728,0.1264,approach,0.409,1.8253,0.3662
1789343371.1050785,alert,0.0006,0.638,0.3614,retreat,0.361,1.3585,0.9542
1789343371.2997842,alert,0.0021,0.9925,0.0054,approach,0.464,1.7809,0.3373
1789343371.497793,alert,0.0003,0.8889,0.1108,approach,0.416,1.819,0.3624
1789343371.6982067,empty,0.0002,0.1368,0.863,retreat,0.688,1.3439,0.9916
1789343371.8961833,alert,0.0005,0.8086,0.1909,approach,0.378,1.8531,0.3816
1789343372.0998166,alert,0.0005,0.9687,0.0308,approach,0.452,1.7894,0.3433
1789343372.299958,alert,0.0001,0.8898,0.1101,approach,0.416,1.8187,0.3622
1789343372.4980848,alert,0.0002,0.9898,0.01,approach,0.461,1.7824,0.3383
1789343372.699191,alert,0.0001,0.992,0.0079,approach,0.462,1.7818,0.3378
1789343372.901774,alert,0.0001,0.9978,0.0021,approach,0.465,1.7799,0.3364
1789343373.09952,alert,0.0012,0.961,0.0378,approach,0.449,1.7918,0.345
1789343373.29924,alert,0.0002,0.8325,0.1673,approach,0.389,1.8426,0.3759
1789343373.4982352,empty,0.0002,0.3605,0.6393,retreat,0.534,1.3483,0.9749
1789343373.6977792,empty,0.0002,0.087,0.9128,retreat,0.72,1.3434,0.9953
1789343373.900828,empty,0.0004,0.0852,0.9144,retreat,0.721,1.3434,0.9955
1789343374.1030214,empty,0.0012,0.365,0.6338,retreat,0.53,1.3485,0.9745
1789343374.303525,empty,0.001,0.421,0.578,retreat,0.492,1.3502,0.9704
1789343374.5074692,empty,0.001,0.3675,0.6315,retreat,0.528,1.3486,0.9744
1789343374.7007859,alert,0.0003,0.9989,0.0008,approach,0.465,1.7795,0.3361
1789343374.8982258,alert,0.0032,0.9968,0.0,approach,0.466,1.7791,0.3361
1789343375.0999231,alert,0.0006,0.9988,0.0006,approach,0.466,1.7794,0.336
1789343375.3064141,alert,0.0011,0.9988,0.0001,approach,0.466,1.7792,0.336
1789343375.499567,alert,0.0062,0.9938,0.0,approach,0.466,1.779,0.3363
1789343375.7124846,alert,0.0009,0.999,0.0001,approach,0.466,1.7792,0.3359
1789343375.9062603,alert,0.0006,0.999,0.0004,approach,0.466,1.7793,0.336
1789343376.1003702,alert,0.0008,0.9978,0.0014,approach,0.465,1.7796,0.3363
1789343376.3000805,alert,0.013,0.9865,0.0005,approach,0.467,1.779,0.337
1789343376.5217247,alert,0.004,0.9959,0.0001,approach,0.466,1.7791,0.3362
1789343376.7095962,alert,0.0011,0.9986,0.0003,approach,0.466,1.7793,0.336
1789343376.8980322,alert,0.0093,0.9865,0.0042,approach,0.465,1.7803,0.3376
1789343377.1034565,alert,0.0001,0.9998,0.0001,approach,0.466,1.7792,0.3359
1789343377.3049738,alert,0.0002,0.999,0.0008,approach,0.465,1.7795,0.3361
1789343377.4966044,alert,0.0,0.9988,0.0012,approach,0.465,1.7796,0.3361
1789343377.6982126,alert,0.0002,0.9956,0.0042,approach,0.464,1.7806,0.3369
1789343377.8996346,alert,0.0008,0.85,0.1492,approach,0.398,1.8348,0.3716
1789343378.113613,alert,0.0004,0.9843,0.0153,approach,0.459,1.7842,0.3395
1789343378.3054106,alert,0.0005,0.9818,0.0177,approach,0.458,1.785,0.3401
1789343378.500754,alert,0.0004,0.9995,0.0001,approach,0.466,1.7792,0.3359
1789343378.6974874,alert,0.0002,0.9931,0.0067,approach,0.463,1.7814,0.3375
1789343378.9003127,alert,0.0003,0.9869,0.0128,approach,0.46,1.7833,0.3389
1789343379.1056051,alert,0.0008,0.9908,0.0084,approach,0.462,1.7819,0.3379
1789343379.3112605,alert,0.0013,0.9669,0.0318,approach,0.452,1.7897,0.3436
1789343379.505384,alert,0.0012,0.9972,0.0016,approach,0.465,1.7797,0.3363
1789343379.7162416,alert,0.0007,0.9918,0.0075,approach,0.463,1.7816,0.3377
1789343379.8973973,alert,0.0012,0.5219,0.4769,retreat,0.428,1.3537,0.9628
1789343380.1017394,alert,0.0038,0.9928,0.0034,approach,0.465,1.7802,0.337
1789343380.3055863,alert,0.0032,0.991,0.0058,approach,0.464,1.781,0.3375
1789343380.5013325,alert,0.0025,0.9971,0.0004,approach,0.466,1.7793,0.3361
1789343380.6984818,alert,0.0032,0.9906,0.0062,approach,0.463,1.7811,0.3376
1789343380.9188247,alert,0.0029,0.9898,0.0073,approach,0.463,1.7815,0.3378
1789343381.106125,alert,0.0052,0.9802,0.0146,approach,0.46,1.7838,0.3398
1789343381.3040633,alert,0.0018,0.9886,0.0096,approach,0.462,1.7823,0.3383
1789343381.4985862,alert,0.0031,0.8915,0.1054,approach,0.419,1.8167,0.3613
1789343381.696543,empty,0.0019,0.4388,0.5593,retreat,0.48,1.3509,0.969
1789343381.90114,empty,0.0008,0.2226,0.7766,retreat,0.629,1.3453,0.9852
1789343382.1015995,empty,0.0009,0.3219,0.6772,retreat,0.56,1.3474,0.9778
1789343382.2982023,empty,0.0017,0.4328,0.5655,retreat,0.484,1.3506,0.9694
1789343382.5041535,empty,0.0032,0.4455,0.5513,retreat,0.475,1.3512,0.9684
1789343382.703626,alert,0.0038,0.6015,0.3947,retreat,0.38,1.3573,0.9567
1789343382.901133,alert,0.0067,0.8493,0.144,approach,0.401,1.8323,0.3708
1789343383.0977404,alert,0.0082,0.8643,0.1275,approach,0.409,1.8254,0.367
1789343383.3002024,alert,0.0412,0.8638,0.095,approach,0.429,1.8111,0.3618
1789343383.5023425,alert,0.0151,0.9783,0.0066,approach,0.465,1.7808,0.3386
1789343383.7058501,alert,0.0175,0.9762,0.0063,approach,0.465,1.7807,0.3387
1789343383.9035316,alert,0.0121,0.9336,0.0543,approach,0.443,1.7972,0.3498
1789343384.1222873,alert,0.0055,0.9633,0.0312,approach,0.453,1.7893,0.3437
1789343384.3020606,alert,0.0166,0.9772,0.0062,approach,0.465,1.7807,0.3386
1789343384.501699,alert,0.0057,0.9691,0.0252,approach,0.455,1.7873,0.3423
1789343384.7040577,alert,0.0094,0.9251,0.0655,approach,0.438,1.8013,0.3523
1789343384.9034126,alert,0.0111,0.5407,0.4482,retreat,0.411,1.3558,0.9608
1789343385.1044204,alert,0.0094,0.8138,0.1768,approach,0.386,1.8464,0.3789
1789343385.302652,alert,0.0015,0.9384,0.0601,approach,0.439,1.7997,0.3503
1789343385.50036,alert,0.002,0.9616,0.0364,approach,0.45,1.7912,0.3447
1789343385.696581,alert,0.0004,0.7885,0.2111,approach,0.369,1.8624,0.3864
1789343385.8968217,alert,0.0011,0.82,0.1789,approach,0.384,1.8477,0.3787
1789343386.100673,empty,0.0002,0.1442,0.8556,retreat,0.683,1.344,0.9911
1789343386.3011541,empty,0.0016,0.4267,0.5717,retreat,0.488,1.3504,0.9699
1789343386.4997187,alert,0.0049,0.8551,0.14,approach,0.403,1.8307,0.3697
1789343388.0345585,alert,0.0146,0.9222,0.0632,approach,0.44,1.8003,0.3521
1789343388.118854,alert,0.0474,0.6803,0.2723,approach,0.347,1.8895,0.4047
1789343388.3122272,alert,0.017,0.7349,0.2481,approach,0.354,1.8792,0.3965
1789343388.507879,alert,0.0159,0.9097,0.0744,approach,0.435,1.8043,0.3549
1789343388.7029138,alert,0.0237,0.9723,0.004,approach,0.467,1.7797,0.3387
1789343388.905299,alert,0.0186,0.9803,0.0011,approach,0.468,1.779,0.3376
1789343389.109133,alert,0.0109,0.9891,0.0,approach,0.467,1.7789,0.3367
1789343389.299803,alert,0.0104,0.9895,0.0001,approach,0.467,1.7789,0.3367
1789343389.5081801,alert,0.0029,0.9971,0.0,approach,0.466,1.7791,0.3361
1789343389.7119796,alert,0.0034,0.9963,0.0003,approach,0.466,1.7792,0.3362
1789343389.911419,alert,0.0076,0.9811,0.0113,approach,0.462,1.7826,0.3392
1789343390.1008153,alert,0.0106,0.9883,0.0011,approach,0.467,1.7792,0.3369
1789343390.2986233,alert,0.013,0.9831,0.0039,approach,0.466,1.78,0.3378
1789343390.503332,alert,0.0188,0.9807,0.0005,approach,0.468,1.7788,0.3374
1789343390.7022533,alert,0.0503,0.9398,0.0099,approach,0.468,1.7807,0.3422
1789343390.8987157,alert,0.0147,0.9816,0.0037,approach,0.466,1.7799,0.3379
1789343391.0967646,alert,0.0089,0.9911,0.0,approach,0.467,1.7789,0.3365
1789343391.3006427,alert,0.0018,0.998,0.0002,approach,0.466,1.7792,0.336
1789343391.4998417,alert,0.0009,0.9939,0.0052,approach,0.464,1.7809,0.3372
1789343391.7021153,alert,0.0016,0.9962,0.0022,approach,0.465,1.7799,0.3365
1789343391.9023345,alert,0.0033,0.9834,0.0133,approach,0.46,1.7834,0.3393
1789343392.1039443,alert,0.0061,0.9838,0.0101,approach,0.462,1.7823,0.3387
1789343392.3078501,empty,0.0161,0.4317,0.5522,retreat,0.477,1.3524,0.9687
1789343392.50191,empty,0.033,0.1823,0.7847,retreat,0.638,1.3483,0.9863
1789343392.7031682,alert,0.1146,0.7343,0.1511,approach,0.414,1.8303,0.381
1789343392.9024317,alert,0.1373,0.6379,0.2248,approach,0.383,1.8615,0.4004
1789343393.1100051,alert,0.0145,0.9825,0.003,approach,0.466,1.7797,0.3377
1789343393.309124,alert,0.0068,0.9165,0.0767,approach,0.432,1.8056,0.3547
1789343393.497898,alert,0.0046,0.9872,0.0082,approach,0.463,1.7817,0.3382
1789343393.6977892,alert,0.0002,0.9995,0.0003,approach,0.466,1.7793,0.3359
1789343393.9015446,alert,0.0007,0.9993,0.0,approach,0.466,1.7792,0.3359
1789343394.0977783,alert,0.0012,0.9988,0.0,approach,0.466,1.7792,0.3359
1789343394.297598,alert,0.0002,0.9998,0.0,approach,0.466,1.7792,0.3359
1789343394.497738,alert,0.0111,0.9828,0.0061,approach,0.464,1.7808,0.3382
1789343394.6985145,alert,0.0166,0.9799,0.0035,approach,0.466,1.7798,0.338
1789343394.8972077,alert,0.0037,0.9956,0.0007,approach,0.466,1.7793,0.3363
1789343395.0989804,alert,0.0029,0.9961,0.001,approach,0.466,1.7794,0.3363
1789343395.298821,alert,0.0009,0.9987,0.0004,approach,0.466,1.7793,0.336
1789343395.505012,alert,0.0022,0.9963,0.0015,approach,0.465,1.7796,0.3364
1789343395.9215355,empty,0.0,0.0026,0.9974,retreat,0.772,1.3429,1.0016
1789343396.1031563,empty,0.0002,0.0332,0.9666,retreat,0.754,1.3431,0.9994
1789343396.3022704,empty,0.0001,0.0022,0.9977,retreat,0.773,1.343,1.0017
1789343396.5016448,empty,0.0001,0.0021,0.9978,retreat,0.773,1.343,1.0017
1789343396.7041318,empty,0.0001,0.0031,0.9968,retreat,0.772,1.343,1.0016
1789343396.899995,empty,0.0001,0.0042,0.9957,retreat,0.771,1.343,1.0015
1789343397.103958,empty,0.0001,0.0086,0.9913,retreat,0.769,1.343,1.0012
1789343397.3152559,empty,0.0001,0.0054,0.9945,retreat,0.771,1.343,1.0014
1789343397.5030637,empty,0.0,0.0048,0.9952,retreat,0.771,1.343,1.0015
1789343397.6974154,empty,0.0001,0.0073,0.9926,retreat,0.77,1.343,1.0013
1789343397.897909,empty,0.0002,0.0113,0.9885,retreat,0.767,1.343,1.001
1789343398.0989347,empty,0.0001,0.0039,0.996,retreat,0.772,1.343,1.0015
1789343398.2986972,empty,0.0002,0.0152,0.9846,retreat,0.765,1.343,1.0007
1789343398.4972582,empty,0.0002,0.023,0.9768,retreat,0.76,1.343,1.0001
1789343398.697852,empty,0.0,0.0084,0.9916,retreat,0.769,1.343,1.0012
1789343398.904214,empty,0.0001,0.0155,0.9844,retreat,0.765,1.343,1.0007
1789343399.0988028,empty,0.0,0.0002,0.9998,retreat,0.774,1.3429,1.0018
1789343399.299057,empty,0.0,0.0002,0.9998,retreat,0.774,1.3429,1.0018
1789343399.497597,empty,0.0,0.0002,0.9998,retreat,0.774,1.3429,1.0018
1789343399.7034338,empty,0.0,0.0,1.0,retreat,0.774,1.3429,1.0018
1789343399.91215,empty,0.0,0.0002,0.9998,retreat,0.774,1.3429,1.0018
1789343400.0960622,empty,0.0,0.0002,0.9998,retreat,0.774,1.3429,1.0018
1789343400.3036058,empty,0.0,0.0066,0.9934,retreat,0.77,1.343,1.0013
1789343400.4984581,empty,0.0,0.0003,0.9997,retreat,0.774,1.3429,1.0018
1789343400.6972387,empty,0.0,0.002,0.998,retreat,0.773,1.3429,1.0017
1789343400.909996,empty,0.0,0.0082,0.9918,retreat,0.769,1.343,1.0012
1789343401.1067958,empty,0.0,0.0007,0.9993,retreat,0.773,1.3429,1.0018
1789343401.3100407,empty,0.0,0.0001,0.9999,retreat,0.774,1.3429,1.0018
1789343401.517646,empty,0.0,0.001,0.999,retreat,0.773,1.3429,1.0018
1789343401.7016268,empty,0.0,0.0114,0.9886,retreat,0.767,1.343,1.001
1789343401.897973,alert,0.0038,0.7879,0.2083,approach,0.371,1.861,0.386
1789343402.0993679,alert,0.0011,0.9974,0.0015,approach,0.465,1.7797,0.3363
1789343402.3046656,alert,0.0005,0.7944,0.2051,approach,0.372,1.8596,0.385
1789343402.4988008,alert,0.0006,0.9776,0.0218,approach,0.456,1.7863,0.3411
1789343402.729983,alert,0.0051,0.9752,0.0197,approach,0.458,1.7855,0.341
1789343402.9180708,alert,0.0014,0.9985,0.0001,approach,0.466,1.7792,0.336
1789343403.1100404,alert,0.0176,0.9824,0.0,approach,0.468,1.7786,0.3372
1789343403.304168,alert,0.0115,0.9885,0.0,approach,0.467,1.7788,0.3368
1789343403.4995291,alert,0.001,0.999,0.0,approach,0.466,1.7792,0.3359
1789343403.7022562,alert,0.0406,0.9594,0.0,approach,0.471,1.7779,0.339
1789343403.8976657,alert,0.0001,0.9999,0.0,approach,0.466,1.7792,0.3359
1789343404.0980098,alert,0.0004,0.9996,0.0,approach,0.466,1.7792,0.3359
1789343404.300608,alert,0.0001,0.9999,0.0,approach,0.466,1.7792,0.3359
1789343404.504049,alert,0.0001,0.9999,0.0,approach,0.466,1.7792,0.3359
1789343404.7073238,alert,0.0002,0.9998,0.0,approach,0.466,1.7792,0.3359
1789343404.9061596,alert,0.002,0.9977,0.0003,approach,0.466,1.7792,0.3361
1789343405.1064994,alert,0.0028,0.9969,0.0003,approach,0.466,1.7792,0.3361
1789343405.3100357,alert,0.0044,0.9955,0.0001,approach,0.466,1.7791,0.3362
1789343405.4985514,alert,0.0096,0.9903,0.0001,approach,0.467,1.7789,0.3366
1789343405.7094207,alert,0.0064,0.9936,0.0,approach,0.467,1.779,0.3364
1789343405.8997843,alert,0.0039,0.996,0.0001,approach,0.466,1.7791,0.3362
1789343406.1061432,alert,0.0059,0.9939,0.0002,approach,0.466,1.7791,0.3364
1789343406.3052945,alert,0.0102,0.9891,0.0007,approach,0.467,1.7791,0.3368
1789343406.4980054,alert,0.0038,0.9958,0.0004,approach,0.466,1.7792,0.3362
1789343406.709978,alert,0.0102,0.9571,0.0327,approach,0.453,1.7897,0.3445
1789343406.899996,alert,0.0082,0.9904,0.0014,approach,0.466,1.7794,0.3368
1789343407.0980954,alert,0.0194,0.9793,0.0013,approach,0.468,1.779,0.3377
1789343407.3046813,alert,0.0075,0.9607,0.0318,approach,0.453,1.7895,0.344
1789343407.5041664,alert,0.0096,0.8595,0.1309,approach,0.408,1.8267,0.3679
1789343407.7007,alert,0.0077,0.9439,0.0484,approach,0.445,1.7952,0.348
1789343407.9036727,alert,0.0027,0.7357,0.2616,approach,0.345,1.8867,0.3986
1789343408.098753,alert,0.0004,0.6283,0.3713,retreat,0.367,1.3581,0.9549
1789343408.3114464,empty,0.0004,0.3796,0.62,retreat,0.521,1.3489,0.9735
1789343408.5058186,alert,0.0019,0.7455,0.2526,approach,0.349,1.8823,0.3964
1789343408.7024856,alert,0.0008,0.8212,0.178,approach,0.385,1.8473,0.3785
1789343408.900342,alert,0.0055,0.8776,0.1169,approach,0.414,1.8212,0.3642
1789343409.0962665,alert,0.0054,0.9136,0.081,approach,0.43,1.8072,0.3557
1789343409.2966356,alert,0.0321,0.7528,0.2151,approach,0.372,1.8626,0.3898
1789343409.5073678,alert,0.0107,0.6949,0.2944,hold,0.342,1.6359,0.6655
1789343409.6975787,alert,0.0041,0.6866,0.3093,hold,0.343,1.6369,0.6687
1789343409.912927,alert,0.0049,0.7497,0.2454,approach,0.353,1.8786,0.3949
1789343410.106409,alert,0.0062,0.7675,0.2263,approach,0.362,1.8693,0.3905
1789343410.2960544,alert,0.0103,0.6825,0.3072,hold,0.342,1.6375,0.6689
1789343410.4965773,alert,0.0065,0.8106,0.1829,approach,0.383,1.8492,0.3801
1789343410.6966703,alert,0.0033,0.6024,0.3943,retreat,0.38,1.3573,0.9567
1789343410.8996012,empty,0.0012,0.3676,0.6312,retreat,0.528,1.3486,0.9743
1789343411.1011798,alert,0.0015,0.7676,0.2309,approach,0.359,1.8718,0.3912
1789343411.2974138,alert,0.0017,0.7862,0.2121,approach,0.368,1.8628,0.3867
1789343411.4974756,alert,0.0039,0.8655,0.1306,approach,0.407,1.8269,0.3674
1789343411.697422,alert,0.0041,0.5719,0.424,retreat,0.396,1.3561,0.9589
1789343411.896326,alert,0.0086,0.7092,0.2822,hold,0.342,1.634,0.662
1789343412.0982974,alert,0.0086,0.5759,0.4155,retreat,0.392,1.3569,0.9583
1789343412.3031538,alert,0.0028,0.7301,0.2671,hold,0.343,1.6314,0.6573
1789343412.5221047,empty,0.0009,0.2744,0.7247,retreat,0.593,1.3463,0.9813
1789343412.7255652,alert,0.0017,0.842,0.1563,approach,0.395,1.8378,0.3734
1789343412.9082942,alert,0.0032,0.8207,0.1761,approach,0.386,1.8464,0.3782
1789343413.1113656,empty,0.0007,0.4236,0.5757,retreat,0.491,1.3502,0.9702
1789343413.3051333,alert,0.0026,0.6943,0.3031,hold,0.343,1.6358,0.6668
1789343413.4983032,alert,0.0121,0.7886,0.1993,approach,0.376,1.8564,0.3845
1789343413.7308786,alert,0.0083,0.7893,0.2024,approach,0.374,1.858,0.3849
1789343413.9096713,alert,0.0048,0.6856,0.3096,hold,0.343,1.637,0.6689
1789343414.1065042,alert,0.005,0.843,0.152,approach,0.397,1.8358,0.3726
1789343414.3014112,alert,0.0067,0.9845,0.0088,approach,0.463,1.7818,0.3385
1789343414.5059092,alert,0.0039,0.6807,0.3154,hold,0.343,1.6377,0.6703
1789343414.6968014,alert,0.0098,0.8572,0.133,approach,0.407,1.8276,0.3684
1789343414.9100707,alert,0.0076,0.9299,0.0625,approach,0.439,1.8003,0.3514
1789343415.0977466,alert,0.0054,0.9652,0.0294,approach,0.453,1.7887,0.3433
1789343415.3140993,alert,0.0026,0.9713,0.0261,approach,0.455,1.7877,0.3423
1789343415.497503,alert,0.0014,0.9711,0.0275,approach,0.454,1.7882,0.3425
1789343415.7015057,alert,0.0009,0.9927,0.0064,approach,0.463,1.7812,0.3375
1789343415.8980768,alert,0.0005,0.9987,0.0008,approach,0.465,1.7795,0.3361
1789343416.107996,alert,0.0011,0.9989,0.0,approach,0.466,1.7792,0.3359
1789343416.2955222,alert,0.0006,0.9991,0.0003,approach,0.466,1.7793,0.336
1789343416.5345168,alert,0.0073,0.988,0.0047,approach,0.465,1.7805,0.3375
1789343416.7001493,alert,0.0054,0.9919,0.0027,approach,0.465,1.7799,0.3369
1789343416.8975909,alert,0.0041,0.9769,0.019,approach,0.458,1.7853,0.3407
1789343417.0981007,alert,0.0009,0.9977,0.0014,approach,0.465,1.7796,0.3363
1789343417.3056934,alert,0.0004,0.9996,0.0,approach,0.466,1.7792,0.3359
1789343417.5106623,alert,0.0,0.9999,0.0001,approach,0.466,1.7792,0.3359
1789343417.69774,alert,0.0001,0.9998,0.0001,approach,0.466,1.7792,0.3359
1789343417.9009593,alert,0.0006,0.9994,0.0,approach,0.466,1.7792,0.3359
1789343418.1026096,alert,0.0028,0.9971,0.0001,approach,0.466,1.7792,0.3361
1789343418.2988505,alert,0.0019,0.998,0.0001,approach,0.466,1.7792,0.336
1789343418.5019262,alert,0.0017,0.9982,0.0001,approach,0.466,1.7792,0.336
1789343418.7006319,alert,0.0013,0.9986,0.0001,approach,0.466,1.7792,0.336
1789343418.9106991,alert,0.0058,0.9941,0.0001,approach,0.466,1.7791,0.3363
1789343419.105997,alert,0.0027,0.9972,0.0001,approach,0.466,1.7792,0.3361
1789343419.301964,alert,0.0043,0.9957,0.0,approach,0.466,1.7791,0.3362
1789343419.497823,alert,0.002,0.998,0.0,approach,0.466,1.7792,0.336
1789343419.700299,alert,0.0011,0.9989,0.0,approach,0.466,1.7792,0.3359
1789343419.9027658,alert,0.0001,0.9999,0.0,approach,0.466,1.7792,0.3359
1789343420.1222417,alert,0.0065,0.9934,0.0001,approach,0.466,1.779,0.3364
1789343420.300176,alert,0.0025,0.9974,0.0001,approach,0.466,1.7792,0.3361
1789343420.495623,alert,0.0313,0.9687,0.0,approach,0.47,1.7782,0.3383
1789343420.6992934,alert,0.0163,0.9837,0.0,approach,0.468,1.7787,0.3371
1789343420.901768,alert,0.0007,0.9993,0.0,approach,0.466,1.7792,0.3359
1789343421.1046605,alert,0.0024,0.9973,0.0003,approach,0.466,1.7792,0.3361
1789343421.2976906,alert,0.0203,0.9772,0.0025,approach,0.467,1.7794,0.338
1789343421.4999456,alert,0.0112,0.9849,0.0039,approach,0.465,1.7801,0.3377
1789343421.7016852,alert,0.0027,0.9954,0.0019,approach,0.465,1.7797,0.3365
1789343421.9090154,alert,0.0015,0.9883,0.0102,approach,0.461,1.7825,0.3384
1789343422.1099205,alert,0.0005,0.9261,0.0734,approach,0.433,1.8046,0.3535
1789343422.305951,alert,0.0008,0.8728,0.1264,approach,0.409,1.8253,0.3662
1789343422.5082214,alert,0.0006,0.638,0.3614,retreat,0.361,1.3585,0.9542
1789343422.7050915,alert,0.0021,0.9925,0.0054,approach,0.464,1.7809,0.3373
1789343422.8974802,alert,0.0003,0.8889,0.1108,approach,0.416,1.819,0.3624
1789343423.1080358,empty,0.0002,0.1368,0.863,retreat,0.688,1.3439,0.9916
1789343423.3067877,alert,0.0005,0.8086,0.1909,approach,0.378,1.8531,0.3816
1789343423.5051584,alert,0.0005,0.9687,0.0308,approach,0.452,1.7894,0.3433
1789343423.6978261,alert,0.0001,0.8898,0.1101,approach,0.416,1.8187,0.3622
1789343423.8980303,alert,0.0002,0.9898,0.01,approach,0.461,1.7824,0.3383
1789343424.09857,alert,0.0001,0.992,0.0079,approach,0.462,1.7818,0.3378
1789343424.3124614,alert,0.0001,0.9978,0.0021,approach,0.465,1.7799,0.3364
1789343424.5060368,alert,0.0012,0.961,0.0378,approach,0.449,1.7918,0.345
1789343424.6981852,alert,0.0002,0.8325,0.1673,approach,0.389,1.8426,0.3759
1789343424.902483,empty,0.0002,0.3605,0.6393,retreat,0.534,1.3483,0.9749
1789343425.1100204,empty,0.0002,0.087,0.9128,retreat,0.72,1.3434,0.9953
1789343425.3087738,empty,0.0004,0.0852,0.9144,retreat,0.721,1.3434,0.9955
1789343425.5052338,empty,0.0012,0.365,0.6338,retreat,0.53,1.3485,0.9745
1789343425.695516,empty,0.001,0.421,0.578,retreat,0.492,1.3502,0.9704
1789343425.9002178,empty,0.001,0.3675,0.6315,retreat,0.528,1.3486,0.9744
1789343426.1058533,alert,0.0003,0.9989,0.0008,approach,0.465,1.7795,0.3361
1789343426.2982333,alert,0.0032,0.9968,0.0,approach,0.466,1.7791,0.3361
1789343426.5074975,alert,0.0006,0.9988,0.0006,approach,0.466,1.7794,0.336
1789343426.7015243,alert,0.0011,0.9988,0.0001,approach,0.466,1.7792,0.336
1789343426.898934,alert,0.0062,0.9938,0.0,approach,0.466,1.779,0.3363
1789343427.1212924,alert,0.0009,0.999,0.0001,approach,0.466,1.7792,0.3359
1789343427.3059409,alert,0.0006,0.999,0.0004,approach,0.466,1.7793,0.336
1789343427.5029864,alert,0.0008,0.9978,0.0014,approach,0.465,1.7796,0.3363
1789343427.6996112,alert,0.013,0.9865,0.0005,approach,0.467,1.779,0.337
1789343427.9079905,alert,0.004,0.9959,0.0001,approach,0.466,1.7791,0.3362
1789343428.0982141,alert,0.0011,0.9986,0.0003,approach,0.466,1.7793,0.336
1789343428.2987778,alert,0.0093,0.9865,0.0042,approach,0.465,1.7803,0.3376
1789343428.4985619,alert,0.0001,0.9998,0.0001,approach,0.466,1.7792,0.3359
1789343428.6979198,alert,0.0002,0.999,0.0008,approach,0.465,1.7795,0.3361
1789343428.8995202,alert,0.0,0.9988,0.0012,approach,0.465,1.7796,0.3361
1789343429.1025937,alert,0.0002,0.9956,0.0042,approach,0.464,1.7806,0.3369
1789343429.3026755,alert,0.0008,0.85,0.1492,approach,0.398,1.8348,0.3716
1789343429.5094953,alert,0.0004,0.9843,0.0153,approach,0.459,1.7842,0.3395
1789343429.697415,alert,0.0005,0.9818,0.0177,approach,0.458,1.785,0.3401
1789343429.8971472,alert,0.0004,0.9995,0.0001,approach,0.466,1.7792,0.3359
1789343430.1019087,alert,0.0002,0.9931,0.0067,approach,0.463,1.7814,0.3375
1789343430.29747,alert,0.0003,0.9869,0.0128,approach,0.46,1.7833,0.3389
1789343430.5000162,alert,0.0008,0.9908,0.0084,approach,0.462,1.7819,0.3379
1789343430.7028236,alert,0.0013,0.9669,0.0318,approach,0.452,1.7897,0.3436
1789343430.9071724,alert,0.0012,0.9972,0.0016,approach,0.465,1.7797,0.3363
1789343431.1015549,alert,0.0007,0.9918,0.0075,approach,0.463,1.7816,0.3377
1789343431.3011596,alert,0.0012,0.5219,0.4769,retreat,0.428,1.3537,0.9628
1789343431.497931,alert,0.0038,0.9928,0.0034,approach,0.465,1.7802,0.337
1789343431.696385,alert,0.0032,0.991,0.0058,approach,0.464,1.781,0.3375
1789343431.8981786,alert,0.0025,0.9971,0.0004,approach,0.466,1.7793,0.3361
1789343432.1057568,alert,0.0032,0.9906,0.0062,approach,0.463,1.7811,0.3376
1789343432.302522,alert,0.0029,0.9898,0.0073,approach,0.463,1.7815,0.3378
1789343432.498804,alert,0.0052,0.9802,0.0146,approach,0.46,1.7838,0.3398
1789343432.701643,alert,0.0018,0.9886,0.0096,approach,0.462,1.7823,0.3383
1789343432.8957055,alert,0.0031,0.8915,0.1054,approach,0.419,1.8167,0.3613
1789343433.0963368,empty,0.0019,0.4388,0.5593,retreat,0.48,1.3509,0.969
1789343433.2983887,empty,0.0008,0.2226,0.7766,retreat,0.629,1.3453,0.9852
1789343433.5105488,empty,0.0009,0.3219,0.6772,retreat,0.56,1.3474,0.9778
1789343433.6953762,empty,0.0017,0.4328,0.5655,retreat,0.484,1.3506,0.9694
1789343433.8987935,empty,0.0032,0.4455,0.5513,retreat,0.475,1.3512,0.9684
1789343434.0975358,alert,0.0038,0.6015,0.3947,retreat,0.38,1.3573,0.9567
1789343434.3004627,alert,0.0067,0.8493,0.144,approach,0.401,1.8323,0.3708
1789343434.5004177,alert,0.0082,0.8643,0.1275,approach,0.409,1.8254,0.367
1789343434.701889,alert,0.0412,0.8638,0.095,approach,0.429,1.8111,0.3618
1789343434.9001195,alert,0.0151,0.9783,0.0066,approach,0.465,1.7808,0.3386
1789343435.0971096,alert,0.0175,0.9762,0.0063,approach,0.465,1.7807,0.3387
1789343435.3016663,alert,0.0121,0.9336,0.0543,approach,0.443,1.7972,0.3498
1789343435.4974678,alert,0.0055,0.9633,0.0312,approach,0.453,1.7893,0.3437
1789343435.7034633,alert,0.0166,0.9772,0.0062,approach,0.465,1.7807,0.3386
1789343435.9020157,alert,0.0057,0.9691,0.0252,approach,0.455,1.7873,0.3423
1789343436.10577,alert,0.0094,0.9251,0.0655,approach,0.438,1.8013,0.3523
1789343436.302446,alert,0.0111,0.5407,0.4482,retreat,0.411,1.3558,0.9608
1789343436.5174856,alert,0.0094,0.8138,0.1768,approach,0.386,1.8464,0.3789
1789343436.6987875,alert,0.0015,0.9384,0.0601,approach,0.439,1.7997,0.3503
1789343436.8969655,alert,0.002,0.9616,0.0364,approach,0.45,1.7912,0.3447
1789343437.1012053,alert,0.0004,0.7885,0.2111,approach,0.369,1.8624,0.3864
1789343437.305068,alert,0.0011,0.82,0.1789,approach,0.384,1.8477,0.3787
1789343437.5099535,empty,0.0002,0.1442,0.8556,retreat,0.683,1.344,0.9911
1789343437.6969063,empty,0.0016,0.4267,0.5717,retreat,0.488,1.3504,0.9699
1789343437.8990648,alert,0.0049,0.8551,0.14,approach,0.403,1.8307,0.3697
1789343438.1038733,alert,0.0146,0.9222,0.0632,approach,0.44,1.8003,0.3521
1789343438.3037758,alert,0.0474,0.6803,0.2723,approach,0.347,1.8895,0.4047
1789343438.4951882,alert,0.017,0.7349,0.2481,approach,0.354,1.8792,0.3965
1789343438.696854,alert,0.0159,0.9097,0.0744,approach,0.435,1.8043,0.3549
1789343438.9013588,alert,0.0237,0.9723,0.004,approach,0.467,1.7797,0.3387
1789343439.0979862,alert,0.0186,0.9803,0.0011,approach,0.468,1.779,0.3376
1789343439.2981637,alert,0.0109,0.9891,0.0,approach,0.467,1.7789,0.3367
1789343439.4975383,alert,0.0104,0.9895,0.0001,approach,0.467,1.7789,0.3367
1789343439.6993785,alert,0.0029,0.9971,0.0,approach,0.466,1.7791,0.3361
1789343439.8975158,alert,0.0034,0.9963,0.0003,approach,0.466,1.7792,0.3362
1789343440.0969706,alert,0.0076,0.9811,0.0113,approach,0.462,1.7826,0.3392
1789343440.298478,alert,0.0106,0.9883,0.0011,approach,0.467,1.7792,0.3369
1789343440.4978018,alert,0.013,0.9831,0.0039,approach,0.466,1.78,0.3378
1789343440.7078934,alert,0.0188,0.9807,0.0005,approach,0.468,1.7788,0.3374
1789343440.9023037,alert,0.0503,0.9398,0.0099,approach,0.468,1.7807,0.3422
1789343441.0979397,alert,0.0147,0.9816,0.0037,approach,0.466,1.7799,0.3379
1789343441.3052258,alert,0.0089,0.9911,0.0,approach,0.467,1.7789,0.3365
1789343441.5018196,alert,0.0018,0.998,0.0002,approach,0.466,1.7792,0.336
1789343441.700161,alert,0.0009,0.9939,0.0052,approach,0.464,1.7809,0.3372
1789343441.8993435,alert,0.0016,0.9962,0.0022,approach,0.465,1.7799,0.3365
1789343442.0990894,alert,0.0033,0.9834,0.0133,approach,0.46,1.7834,0.3393
1789343442.3216474,alert,0.0061,0.9838,0.0101,approach,0.462,1.7823,0.3387
1789343442.5015938,empty,0.0161,0.4317,0.5522,retreat,0.477,1.3524,0.9687
1789343442.7134786,empty,0.033,0.1823,0.7847,retreat,0.638,1.3483,0.9863
1789343442.8962185,alert,0.1146,0.7343,0.1511,approach,0.414,1.8303,0.381
1789343443.1005151,alert,0.1373,0.6379,0.2248,approach,0.383,1.8615,0.4004
1789343443.3016326,alert,0.0145,0.9825,0.003,approach,0.466,1.7797,0.3377
1789343443.512221,alert,0.0068,0.9165,0.0767,approach,0.432,1.8056,0.3547
1789343443.698207,alert,0.0046,0.9872,0.0082,approach,0.463,1.7817,0.3382
1789343443.8981514,alert,0.0002,0.9995,0.0003,approach,0.466,1.7793,0.3359
1789343444.099973,alert,0.0007,0.9993,0.0,approach,0.466,1.7792,0.3359
1789343444.2998805,alert,0.0012,0.9988,0.0,approach,0.466,1.7792,0.3359
1789343444.5048904,alert,0.0002,0.9998,0.0,approach,0.466,1.7792,0.3359
1789343444.699565,alert,0.0111,0.9828,0.0061,approach,0.464,1.7808,0.3382
1789343444.8996549,alert,0.0166,0.9799,0.0035,approach,0.466,1.7798,0.338
1789343445.101339,alert,0.0037,0.9956,0.0007,approach,0.466,1.7793,0.3363
1789343445.3312407,alert,0.0029,0.9961,0.001,approach,0.466,1.7794,0.3363
1789343445.506212,alert,0.0009,0.9987,0.0004,approach,0.466,1.7793,0.336
1789343445.706276,alert,0.0022,0.9963,0.0015,approach,0.465,1.7796,0.3364
1789343446.1147928,empty,0.0,0.0026,0.9974,retreat,0.772,1.3429,1.0016
1789343446.2996888,empty,0.0002,0.0332,0.9666,retreat,0.754,1.3431,0.9994
1789343446.5010889,empty,0.0001,0.0022,0.9977,retreat,0.773,1.343,1.0017
1789343446.6971004,empty,0.0001,0.0021,0.9978,retreat,0.773,1.343,1.0017
1789343446.9091089,empty,0.0001,0.0031,0.9968,retreat,0.772,1.343,1.0016
1789343447.1040282,empty,0.0001,0.0042,0.9957,retreat,0.771,1.343,1.0015
1789343447.3104086,empty,0.0001,0.0086,0.9913,retreat,0.769,1.343,1.0012
1789343447.5131361,empty,0.0001,0.0054,0.9945,retreat,0.771,1.343,1.0014
1789343447.700008,empty,0.0,0.0048,0.9952,retreat,0.771,1.343,1.0015
1789343447.8993192,empty,0.0001,0.0073,0.9926,retreat,0.77,1.343,1.0013
1789343448.101048,empty,0.0002,0.0113,0.9885,retreat,0.767,1.343,1.001
1789343448.299811,empty,0.0001,0.0039,0.996,retreat,0.772,1.343,1.0015
1789343448.4987762,empty,0.0002,0.0152,0.9846,retreat,0.765,1.343,1.0007
1789343448.7019806,empty,0.0002,0.023,0.9768,retreat,0.76,1.343,1.0001
1789343448.8995457,empty,0.0,0.0084,0.9916,retreat,0.769,1.343,1.0012
1789343449.101809,empty,0.0001,0.0155,0.9844,retreat,0.765,1.343,1.0007
1789343449.3259244,empty,0.0,0.0002,0.9998,retreat,0.774,1.3429,1.0018
1789343449.5115964,empty,0.0,0.0002,0.9998,retreat,0.774,1.3429,1.0018
1789343449.7031949,empty,0.0,0.0002,0.9998,retreat,0.774,1.3429,1.0018
1789343449.9181979,empty,0.0,0.0,1.0,retreat,0.774,1.3429,1.0018
1789343450.102213,empty,0.0,0.0002,0.9998,retreat,0.774,1.3429,1.0018
1789343450.3042562,empty,0.0,0.0002,0.9998,retreat,0.774,1.3429,1.0018
1789343450.5060215,empty,0.0,0.0066,0.9934,retreat,0.77,1.343,1.0013
1789343450.6977007,empty,0.0,0.0003,0.9997,retreat,0.774,1.3429,1.0018
1789343450.8951812,empty,0.0,0.002,0.998,retreat,0.773,1.3429,1.0017
1789343451.0979426,empty,0.0,0.0082,0.9918,retreat,0.769,1.343,1.0012
1789343451.2991612,empty,0.0,0.0007,0.9993,retreat,0.773,1.3429,1.0018
1789343451.49861,empty,0.0,0.0001,0.9999,retreat,0.774,1.3429,1.0018
1789343451.699458,empty,0.0,0.001,0.999,retreat,0.773,1.3429,1.0018
1789343451.8981593,empty,0.0,0.0114,0.9886,retreat,0.767,1.343,1.001
1789343452.0978096,alert,0.0038,0.7879,0.2083,approach,0.371,1.861,0.386
1789343452.2991831,alert,0.0011,0.9974,0.0015,approach,0.465,1.7797,0.3363
1789343452.4988277,alert,0.0005,0.7944,0.2051,approach,0.372,1.8596,0.385
1789343452.6967103,alert,0.0006,0.9776,0.0218,approach,0.456,1.7863,0.3411
1789343452.9010856,alert,0.0051,0.9752,0.0197,approach,0.458,1.7855,0.341
1789343453.1027868,alert,0.0014,0.9985,0.0001,approach,0.466,1.7792,0.336
1789343453.298995,alert,0.0176,0.9824,0.0,approach,0.468,1.7786,0.3372
1789343453.499915,alert,0.0115,0.9885,0.0,approach,0.467,1.7788,0.3368
1789343453.69972,alert,0.001,0.999,0.0,approach,0.466,1.7792,0.3359
1789343453.9013796,alert,0.0406,0.9594,0.0,approach,0.471,1.7779,0.339
1789343454.0981576,alert,0.0001,0.9999,0.0,approach,0.466,1.7792,0.3359
1789343454.3048823,alert,0.0004,0.9996,0.0,approach,0.466,1.7792,0.3359
1789343454.504523,alert,0.0001,0.9999,0.0,approach,0.466,1.7792,0.3359
1789343454.697007,alert,0.0001,0.9999,0.0,approach,0.466,1.7792,0.3359
1789343454.9254024,alert,0.0002,0.9998,0.0,approach,0.466,1.7792,0.3359
1789343455.1099885,alert,0.002,0.9977,0.0003,approach,0.466,1.7792,0.3361
1789343455.2996757,alert,0.0028,0.9969,0.0003,approach,0.466,1.7792,0.3361
1789343455.502937,alert,0.0044,0.9955,0.0001,approach,0.466,1.7791,0.3362
1789343455.7003365,alert,0.0096,0.9903,0.0001,approach,0.467,1.7789,0.3366
1789343455.9113414,alert,0.0064,0.9936,0.0,approach,0.467,1.779,0.3364
1789343456.1025593,alert,0.0039,0.996,0.0001,approach,0.466,1.7791,0.3362
1789343456.2952642,alert,0.0059,0.9939,0.0002,approach,0.466,1.7791,0.3364
1789343456.5028186,alert,0.0102,0.9891,0.0007,approach,0.467,1.7791,0.3368
1789343456.6963613,alert,0.0038,0.9958,0.0004,approach,0.466,1.7792,0.3362
1789343456.9033475,alert,0.0102,0.9571,0.0327,approach,0.453,1.7897,0.3445
1789343457.111931,alert,0.0082,0.9904,0.0014,approach,0.466,1.7794,0.3368
1789343457.3013642,alert,0.0194,0.9793,0.0013,approach,0.468,1.779,0.3377
1789343457.5066438,alert,0.0075,0.9607,0.0318,approach,0.453,1.7895,0.344
1789343457.700006,alert,0.0096,0.8595,0.1309,approach,0.408,1.8267,0.3679
1789343457.9009397,alert,0.0077,0.9439,0.0484,approach,0.445,1.7952,0.348
1789343458.1068358,alert,0.0027,0.7357,0.2616,approach,0.345,1.8867,0.3986
1789343458.305688,alert,0.0004,0.6283,0.3713,retreat,0.367,1.3581,0.9549
1789343458.5083199,empty,0.0004,0.3796,0.62,retreat,0.521,1.3489,0.9735
1789343458.7017493,alert,0.0019,0.7455,0.2526,approach,0.349,1.8823,0.3964
1789343458.9018536,alert,0.0008,0.8212,0.178,approach,0.385,1.8473,0.3785
1789343459.1014478,alert,0.0055,0.8776,0.1169,approach,0.414,1.8212,0.3642
1789343459.3142495,alert,0.0054,0.9136,0.081,approach,0.43,1.8072,0.3557
1789343459.513172,alert,0.0321,0.7528,0.2151,approach,0.372,1.8626,0.3898
1789343459.714597,alert,0.0107,0.6949,0.2944,hold,0.342,1.6359,0.6655
1789343459.897314,alert,0.0041,0.6866,0.3093,hold,0.343,1.6369,0.6687
1789343460.0999248,alert,0.0049,0.7497,0.2454,approach,0.353,1.8786,0.3949
1789343460.3039808,alert,0.0062,0.7675,0.2263,approach,0.362,1.8693,0.3905
1789343460.5143118,alert,0.0103,0.6825,0.3072,hold,0.342,1.6375,0.6689
1789343460.7048438,alert,0.0065,0.8106,0.1829,approach,0.383,1.8492,0.3801
1789343460.9006789,alert,0.0033,0.6024,0.3943,retreat,0.38,1.3573,0.9567
1789343461.1015081,empty,0.0012,0.3676,0.6312,retreat,0.528,1.3486,0.9743
1789343461.2991686,alert,0.0015,0.7676,0.2309,approach,0.359,1.8718,0.3912
1789343461.5063925,alert,0.0017,0.7862,0.2121,approach,0.368,1.8628,0.3867
1789343461.7055933,alert,0.0039,0.8655,0.1306,approach,0.407,1.8269,0.3674
1789343461.9051797,alert,0.0041,0.5719,0.424,retreat,0.396,1.3561,0.9589
1789343462.0961406,alert,0.0086,0.7092,0.2822,hold,0.342,1.634,0.662
1789343462.2988524,alert,0.0086,0.5759,0.4155,retreat,0.392,1.3569,0.9583
1789343462.5023522,alert,0.0028,0.7301,0.2671,hold,0.343,1.6314,0.6573
1789343462.6996038,empty,0.0009,0.2744,0.7247,retreat,0.593,1.3463,0.9813
1789343462.8963299,alert,0.0017,0.842,0.1563,approach,0.395,1.8378,0.3734
1789343463.0964835,alert,0.0032,0.8207,0.1761,approach,0.386,1.8464,0.3782
1789343463.3007364,empty,0.0007,0.4236,0.5757,retreat,0.491,1.3502,0.9702
1789343463.50627,alert,0.0026,0.6943,0.3031,hold,0.343,1.6358,0.6668
1789343463.698591,alert,0.0121,0.7886,0.1993,approach,0.376,1.8564,0.3845
1789343463.8980503,alert,0.0083,0.7893,0.2024,approach,0.374,1.858,0.3849
1789343464.0977294,alert,0.0048,0.6856,0.3096,hold,0.343,1.637,0.6689
1789343464.3016057,alert,0.005,0.843,0.152,approach,0.397,1.8358,0.3726
1789343464.5210586,alert,0.0067,0.9845,0.0088,approach,0.463,1.7818,0.3385
1789343464.7089334,alert,0.0039,0.6807,0.3154,hold,0.343,1.6377,0.6703
1789343464.9056082,alert,0.0098,0.8572,0.133,approach,0.407,1.8276,0.3684
1789343465.1090264,alert,0.0076,0.9299,0.0625,approach,0.439,1.8003,0.3514
1789343465.2988207,alert,0.0054,0.9652,0.0294,approach,0.453,1.7887,0.3433
1789343465.4985318,alert,0.0026,0.9713,0.0261,approach,0.455,1.7877,0.3423
1789343465.714754,alert,0.0014,0.9711,0.0275,approach,0.454,1.7882,0.3425
1789343465.8973527,alert,0.0009,0.9927,0.0064,approach,0.463,1.7812,0.3375
1789343466.0985675,alert,0.0005,0.9987,0.0008,approach,0.465,1.7795,0.3361
1789343466.3021295,alert,0.0011,0.9989,0.0,approach,0.466,1.7792,0.3359
1789343466.5059185,alert,0.0006,0.9991,0.0003,approach,0.466,1.7793,0.336
1789343466.7025657,alert,0.0073,0.988,0.0047,approach,0.465,1.7805,0.3375
1789343466.900404,alert,0.0054,0.9919,0.0027,approach,0.465,1.7799,0.3369
1789343467.0976956,alert,0.0041,0.9769,0.019,approach,0.458,1.7853,0.3407
1789343467.2975764,alert,0.0009,0.9977,0.0014,approach,0.465,1.7796,0.3363
1789343467.5062017,alert,0.0004,0.9996,0.0,approach,0.466,1.7792,0.3359
1789343467.7020965,alert,0.0,0.9999,0.0001,approach,0.466,1.7792,0.3359
1789343467.8988223,alert,0.0001,0.9998,0.0001,approach,0.466,1.7792,0.3359
1789343468.0996087,alert,0.0006,0.9994,0.0,approach,0.466,1.7792,0.3359
1789343468.3036451,alert,0.0028,0.9971,0.0001,approach,0.466,1.7792,0.3361
1789343468.498441,alert,0.0019,0.998,0.0001,approach,0.466,1.7792,0.336
1789343468.704379,alert,0.0017,0.9982,0.0001,approach,0.466,1.7792,0.336
1789343468.914048,alert,0.0013,0.9986,0.0001,approach,0.466,1.7792,0.336
1789343469.1099787,alert,0.0058,0.9941,0.0001,approach,0.466,1.7791,0.3363
1789343469.3064954,alert,0.0027,0.9972,0.0001,approach,0.466,1.7792,0.3361
1789343469.5033782,alert,0.0043,0.9957,0.0,approach,0.466,1.7791,0.3362
1789343469.708497,alert,0.002,0.998,0.0,approach,0.466,1.7792,0.336
1789343469.8980217,alert,0.0011,0.9989,0.0,approach,0.466,1.7792,0.3359
1789343470.1011312,alert,0.0001,0.9999,0.0,approach,0.466,1.7792,0.3359
1789343470.3020597,alert,0.0065,0.9934,0.0001,approach,0.466,1.779,0.3364
1789343470.5004344,alert,0.0025,0.9974,0.0001,approach,0.466,1.7792,0.3361
1789343470.7092261,alert,0.0313,0.9687,0.0,approach,0.47,1.7782,0.3383
1789343470.8978171,alert,0.0163,0.9837,0.0,approach,0.468,1.7787,0.3371
1789343471.1044588,alert,0.0007,0.9993,0.0,approach,0.466,1.7792,0.3359
1789343471.300762,alert,0.0024,0.9973,0.0003,approach,0.466,1.7792,0.3361
1789343471.5022185,alert,0.0203,0.9772,0.0025,approach,0.467,1.7794,0.338
1789343471.7031748,alert,0.0112,0.9849,0.0039,approach,0.465,1.7801,0.3377
1789343471.8977394,alert,0.0027,0.9954,0.0019,approach,0.465,1.7797,0.3365
1789343472.0988615,alert,0.0015,0.9883,0.0102,approach,0.461,1.7825,0.3384
1789343472.3041675,alert,0.0005,0.9261,0.0734,approach,0.433,1.8046,0.3535
1789343472.495889,alert,0.0008,0.8728,0.1264,approach,0.409,1.8253,0.3662
1789343472.7068703,alert,0.0006,0.638,0.3614,retreat,0.361,1.3585,0.9542
1789343472.9004357,alert,0.0021,0.9925,0.0054,approach,0.464,1.7809,0.3373
1789343473.0960634,alert,0.0003,0.8889,0.1108,approach,0.416,1.819,0.3624
1789343473.2967243,empty,0.0002,0.1368,0.863,retreat,0.688,1.3439,0.9916
1789343473.5009718,alert,0.0005,0.8086,0.1909,approach,0.378,1.8531,0.3816
1789343473.6975935,alert,0.0005,0.9687,0.0308,approach,0.452,1.7894,0.3433
1789343473.9008503,alert,0.0001,0.8898,0.1101,approach,0.416,1.8187,0.3622
1789343474.102055,alert,0.0002,0.9898,0.01,approach,0.461,1.7824,0.3383
1789343474.2963903,alert,0.0001,0.992,0.0079,approach,0.462,1.7818,0.3378
1789343474.5040386,alert,0.0001,0.9978,0.0021,approach,0.465,1.7799,0.3364
1789343474.6967976,alert,0.0012,0.961,0.0378,approach,0.449,1.7918,0.345
1789343474.903815,alert,0.0002,0.8325,0.1673,approach,0.389,1.8426,0.3759
1789343475.1029015,empty,0.0002,0.3605,0.6393,retreat,0.534,1.3483,0.9749
1789343475.297552,empty,0.0002,0.087,0.9128,retreat,0.72,1.3434,0.9953
1789343475.4955788,empty,0.0004,0.0852,0.9144,retreat,0.721,1.3434,0.9955
1789343475.7006006,empty,0.0012,0.365,0.6338,retreat,0.53,1.3485,0.9745
1789343475.8991067,empty,0.001,0.421,0.578,retreat,0.492,1.3502,0.9704
1789343476.0986726,empty,0.001,0.3675,0.6315,retreat,0.528,1.3486,0.9744
1789343476.307794,alert,0.0003,0.9989,0.0008,approach,0.465,1.7795,0.3361
1789343476.5012121,alert,0.0032,0.9968,0.0,approach,0.466,1.7791,0.3361
1789343476.6970923,alert,0.0006,0.9988,0.0006,approach,0.466,1.7794,0.336
1789343476.898848,alert,0.0011,0.9988,0.0001,approach,0.466,1.7792,0.336
1789343477.1105773,alert,0.0062,0.9938,0.0,approach,0.466,1.779,0.3363
1789343477.3076403,alert,0.0009,0.999,0.0001,approach,0.466,1.7792,0.3359
1789343477.503654,alert,0.0006,0.999,0.0004,approach,0.466,1.7793,0.336
1789343477.7074358,alert,0.0008,0.9978,0.0014,approach,0.465,1.7796,0.3363
1789343477.8960118,alert,0.013,0.9865,0.0005,approach,0.467,1.779,0.337
1789343478.0997608,alert,0.004,0.9959,0.0001,approach,0.466,1.7791,0.3362
1789343478.3110971,alert,0.0011,0.9986,0.0003,approach,0.466,1.7793,0.336
1789343478.5015638,alert,0.0093,0.9865,0.0042,approach,0.465,1.7803,0.3376
1789343478.7067,alert,0.0001,0.9998,0.0001,approach,0.466,1.7792,0.3359
1789343478.9014816,alert,0.0002,0.999,0.0008,approach,0.465,1.7795,0.3361
1789343479.0992732,alert,0.0,0.9988,0.0012,approach,0.465,1.7796,0.3361
1789343479.3054,alert,0.0002,0.9956,0.0042,approach,0.464,1.7806,0.3369
1789343479.5037622,alert,0.0008,0.85,0.1492,approach,0.398,1.8348,0.3716
1789343479.7023811,alert,0.0004,0.9843,0.0153,approach,0.459,1.7842,0.3395
1789343479.931719,alert,0.0005,0.9818,0.0177,approach,0.458,1.785,0.3401
1789343480.1069946,alert,0.0004,0.9995,0.0001,approach,0.466,1.7792,0.3359
1789343480.3019123,alert,0.0002,0.9931,0.0067,approach,0.463,1.7814,0.3375
1789343480.508307,alert,0.0003,0.9869,0.0128,approach,0.46,1.7833,0.3389
1789343480.698727,alert,0.0008,0.9908,0.0084,approach,0.462,1.7819,0.3379
1789343480.8971677,alert,0.0013,0.9669,0.0318,approach,0.452,1.7897,0.3436
1789343481.1030703,alert,0.0012,0.9972,0.0016,approach,0.465,1.7797,0.3363
1789343481.2987142,alert,0.0007,0.9918,0.0075,approach,0.463,1.7816,0.3377
1789343481.5002143,alert,0.0012,0.5219,0.4769,retreat,0.428,1.3537,0.9628
1789343481.705125,alert,0.0038,0.9928,0.0034,approach,0.465,1.7802,0.337
1789343481.8992593,alert,0.0032,0.991,0.0058,approach,0.464,1.781,0.3375
1789343482.1045103,alert,0.0025,0.9971,0.0004,approach,0.466,1.7793,0.3361
1789343482.3213403,alert,0.0032,0.9906,0.0062,approach,0.463,1.7811,0.3376
1789343482.5016754,alert,0.0029,0.9898,0.0073,approach,0.463,1.7815,0.3378
1789343482.6962354,alert,0.0052,0.9802,0.0146,approach,0.46,1.7838,0.3398
1789343482.917628,alert,0.0018,0.9886,0.0096,approach,0.462,1.7823,0.3383
1789343483.1025953,alert,0.0031,0.8915,0.1054,approach,0.419,1.8167,0.3613
1789343483.3044665,empty,0.0019,0.4388,0.5593,retreat,0.48,1.3509,0.969
1789343483.5141823,empty,0.0008,0.2226,0.7766,retreat,0.629,1.3453,0.9852
1789343483.6970623,empty,0.0009,0.3219,0.6772,retreat,0.56,1.3474,0.9778
1789343483.906263,empty,0.0017,0.4328,0.5655,retreat,0.484,1.3506,0.9694
1789343484.1070035,empty,0.0032,0.4455,0.5513,retreat,0.475,1.3512,0.9684
1789343484.2978566,alert,0.0038,0.6015,0.3947,retreat,0.38,1.3573,0.9567
1789343484.4992883,alert,0.0067,0.8493,0.144,approach,0.401,1.8323,0.3708
1789343484.6995115,alert,0.0082,0.8643,0.1275,approach,0.409,1.8254,0.367
1789343484.9063892,alert,0.0412,0.8638,0.095,approach,0.429,1.8111,0.3618
1789343485.0975795,alert,0.0151,0.9783,0.0066,approach,0.465,1.7808,0.3386
1789343485.3006766,alert,0.0175,0.9762,0.0063,approach,0.465,1.7807,0.3387
1789343485.5024076,alert,0.0121,0.9336,0.0543,approach,0.443,1.7972,0.3498
1789343485.6963668,alert,0.0055,0.9633,0.0312,approach,0.453,1.7893,0.3437
1789343485.9211798,alert,0.0166,0.9772,0.0062,approach,0.465,1.7807,0.3386
1789343486.1069005,alert,0.0057,0.9691,0.0252,approach,0.455,1.7873,0.3423
1789343486.2979698,alert,0.0094,0.9251,0.0655,approach,0.438,1.8013,0.3523
1789343486.5042858,alert,0.0111,0.5407,0.4482,retreat,0.411,1.3558,0.9608
1789343486.713067,alert,0.0094,0.8138,0.1768,approach,0.386,1.8464,0.3789
1789343486.90185,alert,0.0015,0.9384,0.0601,approach,0.439,1.7997,0.3503
1789343487.1057055,alert,0.002,0.9616,0.0364,approach,0.45,1.7912,0.3447
1789343487.312766,alert,0.0004,0.7885,0.2111,approach,0.369,1.8624,0.3864
1789343487.503393,alert,0.0011,0.82,0.1789,approach,0.384,1.8477,0.3787
1789343487.7022402,empty,0.0002,0.1442,0.8556,retreat,0.683,1.344,0.9911
1789343487.9012163,empty,0.0016,0.4267,0.5717,retreat,0.488,1.3504,0.9699
1789343488.1004794,alert,0.0049,0.8551,0.14,approach,0.403,1.8307,0.3697
1789343488.3017676,alert,0.0146,0.9222,0.0632,approach,0.44,1.8003,0.3521
1789343488.5010676,alert,0.0474,0.6803,0.2723,approach,0.347,1.8895,0.4047
1789343488.6966586,alert,0.017,0.7349,0.2481,approach,0.354,1.8792,0.3965
1789343488.9070528,alert,0.0159,0.9097,0.0744,approach,0.435,1.8043,0.3549
1789343489.1139858,alert,0.0237,0.9723,0.004,approach,0.467,1.7797,0.3387
1789343489.2974117,alert,0.0186,0.9803,0.0011,approach,0.468,1.779,0.3376
1789343489.4983954,alert,0.0109,0.9891,0.0,approach,0.467,1.7789,0.3367
1789343489.7040682,alert,0.0104,0.9895,0.0001,approach,0.467,1.7789,0.3367
1789343489.8977206,alert,0.0029,0.9971,0.0,approach,0.466,1.7791,0.3361
1789343490.097317,alert,0.0034,0.9963,0.0003,approach,0.466,1.7792,0.3362
1789343490.3023233,alert,0.0076,0.9811,0.0113,approach,0.462,1.7826,0.3392
1789343490.5291798,alert,0.0106,0.9883,0.0011,approach,0.467,1.7792,0.3369
1789343490.7068775,alert,0.013,0.9831,0.0039,approach,0.466,1.78,0.3378
1789343490.905823,alert,0.0188,0.9807,0.0005,approach,0.468,1.7788,0.3374
1789343491.1044617,alert,0.0503,0.9398,0.0099,approach,0.468,1.7807,0.3422
1789343491.3020144,alert,0.0147,0.9816,0.0037,approach,0.466,1.7799,0.3379
1789343491.502081,alert,0.0089,0.9911,0.0,approach,0.467,1.7789,0.3365
1789343491.7023845,alert,0.0018,0.998,0.0002,approach,0.466,1.7792,0.336
1789343491.9094708,alert,0.0009,0.9939,0.0052,approach,0.464,1.7809,0.3372
1789343492.1166804,alert,0.0016,0.9962,0.0022,approach,0.465,1.7799,0.3365
1789343492.3141947,alert,0.0033,0.9834,0.0133,approach,0.46,1.7834,0.3393
1789343492.5122366,alert,0.0061,0.9838,0.0101,approach,0.462,1.7823,0.3387
1789343492.7149804,empty,0.0161,0.4317,0.5522,retreat,0.477,1.3524,0.9687
1789343492.9050074,empty,0.033,0.1823,0.7847,retreat,0.638,1.3483,0.9863
1789343493.10992,alert,0.1146,0.7343,0.1511,approach,0.414,1.8303,0.381
1789343493.3118346,alert,0.1373,0.6379,0.2248,approach,0.383,1.8615,0.4004
1789343493.516972,alert,0.0145,0.9825,0.003,approach,0.466,1.7797,0.3377
1789343493.7057886,alert,0.0068,0.9165,0.0767,approach,0.432,1.8056,0.3547
1789343493.8988519,alert,0.0046,0.9872,0.0082,approach,0.463,1.7817,0.3382
1789343494.1007397,alert,0.0002,0.9995,0.0003,approach,0.466,1.7793,0.3359
1789343494.3019433,alert,0.0007,0.9993,0.0,approach,0.466,1.7792,0.3359
1789343494.499112,alert,0.0012,0.9988,0.0,approach,0.466,1.7792,0.3359
1789343494.6963594,alert,0.0002,0.9998,0.0,approach,0.466,1.7792,0.3359
1789343494.900622,alert,0.0111,0.9828,0.0061,approach,0.464,1.7808,0.3382
1789343495.1026678,alert,0.0166,0.9799,0.0035,approach,0.466,1.7798,0.338
1789343495.2954946,alert,0.0037,0.9956,0.0007,approach,0.466,1.7793,0.3363
1789343495.497584,alert,0.0029,0.9961,0.001,approach,0.466,1.7794,0.3363
1789343495.7029467,alert,0.0009,0.9987,0.0004,approach,0.466,1.7793,0.336
1789343495.8979871,alert,0.0022,0.9963,0.0015,approach,0.465,1.7796,0.3364
1789343496.3241673,empty,0.0,0.0026,0.9974,retreat,0.772,1.3429,1.0016
1789343496.5065935,empty,0.0002,0.0332,0.9666,retreat,0.754,1.3431,0.9994
1789343496.6976085,empty,0.0001,0.0022,0.9977,retreat,0.773,1.343,1.0017
1789343496.906178,empty,0.0001,0.0021,0.9978,retreat,0.773,1.343,1.0017
1789343497.0988219,empty,0.0001,0.0031,0.9968,retreat,0.772,1.343,1.0016
1789343497.3024163,empty,0.0001,0.0042,0.9957,retreat,0.771,1.343,1.0015
1789343497.5013945,empty,0.0001,0.0086,0.9913,retreat,0.769,1.343,1.0012
1789343497.7023904,empty,0.0001,0.0054,0.9945,retreat,0.771,1.343,1.0014
1789343497.9059525,empty,0.0,0.0048,0.9952,retreat,0.771,1.343,1.0015
1789343498.103769,empty,0.0001,0.0073,0.9926,retreat,0.77,1.343,1.0013
1789343498.299648,empty,0.0002,0.0113,0.9885,retreat,0.767,1.343,1.001
1789343498.5066097,empty,0.0001,0.0039,0.996,retreat,0.772,1.343,1.0015
1789343498.7121227,empty,0.0002,0.0152,0.9846,retreat,0.765,1.343,1.0007
1789343498.9049911,empty,0.0002,0.023,0.9768,retreat,0.76,1.343,1.0001
1789343499.1043243,empty,0.0,0.0084,0.9916,retreat,0.769,1.343,1.0012
1789343499.2990463,empty,0.0001,0.0155,0.9844,retreat,0.765,1.343,1.0007
1789343499.505215,empty,0.0,0.0002,0.9998,retreat,0.774,1.3429,1.0018
1789343499.702211,empty,0.0,0.0002,0.9998,retreat,0.774,1.3429,1.0018
1789343499.8983505,empty,0.0,0.0002,0.9998,retreat,0.774,1.3429,1.0018
1789343500.1034155,empty,0.0,0.0,1.0,retreat,0.774,1.3429,1.0018
1789343500.2972057,empty,0.0,0.0002,0.9998,retreat,0.774,1.3429,1.0018
1789343500.5042667,empty,0.0,0.0002,0.9998,retreat,0.774,1.3429,1.0018
1789343500.7058,empty,0.0,0.0066,0.9934,retreat,0.77,1.343,1.0013
1789343500.9088356,empty,0.0,0.0003,0.9997,retreat,0.774,1.3429,1.0018
1789343501.0976112,empty,0.0,0.002,0.998,retreat,0.773,1.3429,1.0017
1789343501.303381,empty,0.0,0.0082,0.9918,retreat,0.769,1.343,1.0012
1789343501.4980772,empty,0.0,0.0007,0.9993,retreat,0.773,1.3429,1.0018
1789343501.706706,empty,0.0,0.0001,0.9999,retreat,0.774,1.3429,1.0018
1789343501.8958688,empty,0.0,0.001,0.999,retreat,0.773,1.3429,1.0018
1789343502.0997,empty,0.0,0.0114,0.9886,retreat,0.767,1.343,1.001
1789343502.3057966,alert,0.0038,0.7879,0.2083,approach,0.371,1.861,0.386
1789343502.501949,alert,0.0011,0.9974,0.0015,approach,0.465,1.7797,0.3363
1789343502.7064648,alert,0.0005,0.7944,0.2051,approach,0.372,1.8596,0.385
1789343502.9034111,alert,0.0006,0.9776,0.0218,approach,0.456,1.7863,0.3411
1789343503.0982006,alert,0.0051,0.9752,0.0197,approach,0.458,1.7855,0.341
1789343503.302167,alert,0.0014,0.9985,0.0001,approach,0.466,1.7792,0.336
1789343503.5149052,alert,0.0176,0.9824,0.0,approach,0.468,1.7786,0.3372
1789343503.7005723,alert,0.0115,0.9885,0.0,approach,0.467,1.7788,0.3368
1789343503.8971379,alert,0.001,0.999,0.0,approach,0.466,1.7792,0.3359
1789343504.098199,alert,0.0406,0.9594,0.0,approach,0.471,1.7779,0.339
1789343504.299556,alert,0.0001,0.9999,0.0,approach,0.466,1.7792,0.3359
1789343504.4990416,alert,0.0004,0.9996,0.0,approach,0.466,1.7792,0.3359
1789343504.701583,alert,0.0001,0.9999,0.0,approach,0.466,1.7792,0.3359
1789343504.8992116,alert,0.0001,0.9999,0.0,approach,0.466,1.7792,0.3359
1789343505.1009715,alert,0.0002,0.9998,0.0,approach,0.466,1.7792,0.3359
1789343505.3003678,alert,0.002,0.9977,0.0003,approach,0.466,1.7792,0.3361
1789343505.5049489,alert,0.0028,0.9969,0.0003,approach,0.466,1.7792,0.3361
1789343505.6976905,alert,0.0044,0.9955,0.0001,approach,0.466,1.7791,0.3362
1789343505.9058592,alert,0.0096,0.9903,0.0001,approach,0.467,1.7789,0.3366
1789343506.1011531,alert,0.0064,0.9936,0.0,approach,0.467,1.779,0.3364
1789343506.310516,alert,0.0039,0.996,0.0001,approach,0.466,1.7791,0.3362
1789343506.4989784,alert,0.0059,0.9939,0.0002,approach,0.466,1.7791,0.3364
1789343506.702508,alert,0.0102,0.9891,0.0007,approach,0.467,1.7791,0.3368
1789343506.8982587,alert,0.0038,0.9958,0.0004,approach,0.466,1.7792,0.3362
1789343507.0983994,alert,0.0102,0.9571,0.0327,approach,0.453,1.7897,0.3445
1789343507.2996771,alert,0.0082,0.9904,0.0014,approach,0.466,1.7794,0.3368
1789343507.505873,alert,0.0194,0.9793,0.0013,approach,0.468,1.779,0.3377
1789343507.6988895,alert,0.0075,0.9607,0.0318,approach,0.453,1.7895,0.344
1789343507.9112391,alert,0.0096,0.8595,0.1309,approach,0.408,1.8267,0.3679
1789343508.1028275,alert,0.0077,0.9439,0.0484,approach,0.445,1.7952,0.348
1789343508.2981005,alert,0.0027,0.7357,0.2616,approach,0.345,1.8867,0.3986
1789343508.499176,alert,0.0004,0.6283,0.3713,retreat,0.367,1.3581,0.9549
1789343509.9041197,empty,0.0004,0.3796,0.62,retreat,0.521,1.3489,0.9735
1789343510.1053612,alert,0.0019,0.7455,0.2526,approach,0.349,1.8823,0.3964
1789343510.3038266,alert,0.0008,0.8212,0.178,approach,0.385,1.8473,0.3785
1789343510.503812,alert,0.0055,0.8776,0.1169,approach,0.414,1.8212,0.3642
1789343510.6995158,alert,0.0054,0.9136,0.081,approach,0.43,1.8072,0.3557
1789343510.8975208,alert,0.0321,0.7528,0.2151,approach,0.372,1.8626,0.3898
1789343511.1008613,alert,0.0107,0.6949,0.2944,hold,0.342,1.6359,0.6655
1789343511.3016603,alert,0.0041,0.6866,0.3093,hold,0.343,1.6369,0.6687
1789343511.5007577,alert,0.0049,0.7497,0.2454,approach,0.353,1.8786,0.3949
1789343511.708315,alert,0.0062,0.7675,0.2263,approach,0.362,1.8693,0.3905
1789343511.8992543,alert,0.0103,0.6825,0.3072,hold,0.342,1.6375,0.6689
1789343512.100334,alert,0.0065,0.8106,0.1829,approach,0.383,1.8492,0.3801
1789343512.304421,alert,0.0033,0.6024,0.3943,retreat,0.38,1.3573,0.9567
1789343512.496482,empty,0.0012,0.3676,0.6312,retreat,0.528,1.3486,0.9743
1789343512.7083027,alert,0.0015,0.7676,0.2309,approach,0.359,1.8718,0.3912
1789343512.9072845,alert,0.0017,0.7862,0.2121,approach,0.368,1.8628,0.3867
1789343513.1085696,alert,0.0039,0.8655,0.1306,approach,0.407,1.8269,0.3674
1789343513.297917,alert,0.0041,0.5719,0.424,retreat,0.396,1.3561,0.9589
1789343513.5016398,alert,0.0086,0.7092,0.2822,hold,0.342,1.634,0.662
1789343513.711493,alert,0.0086,0.5759,0.4155,retreat,0.392,1.3569,0.9583
1789343513.9065828,alert,0.0028,0.7301,0.2671,hold,0.343,1.6314,0.6573
1789343514.1132402,empty,0.0009,0.2744,0.7247,retreat,0.593,1.3463,0.9813
1789343514.3001323,alert,0.0017,0.842,0.1563,approach,0.395,1.8378,0.3734
1789343514.503086,alert,0.0032,0.8207,0.1761,approach,0.386,1.8464,0.3782
1789343514.709679,empty,0.0007,0.4236,0.5757,retreat,0.491,1.3502,0.9702
1789343514.9113562,alert,0.0026,0.6943,0.3031,hold,0.343,1.6358,0.6668
1789343515.1079376,alert,0.0121,0.7886,0.1993,approach,0.376,1.8564,0.3845
1789343515.3090668,alert,0.0083,0.7893,0.2024,approach,0.374,1.858,0.3849
1789343515.5148091,alert,0.0048,0.6856,0.3096,hold,0.343,1.637,0.6689
1789343515.7004454,alert,0.005,0.843,0.152,approach,0.397,1.8358,0.3726
1789343515.8983564,alert,0.0067,0.9845,0.0088,approach,0.463,1.7818,0.3385
1789343516.1003664,alert,0.0039,0.6807,0.3154,hold,0.343,1.6377,0.6703
1789343516.3067179,alert,0.0098,0.8572,0.133,approach,0.407,1.8276,0.3684
1789343516.524879,alert,0.0076,0.9299,0.0625,approach,0.439,1.8003,0.3514
1789343516.7060084,alert,0.0054,0.9652,0.0294,approach,0.453,1.7887,0.3433
1789343516.8998764,alert,0.0026,0.9713,0.0261,approach,0.455,1.7877,0.3423
1789343517.104146,alert,0.0014,0.9711,0.0275,approach,0.454,1.7882,0.3425
1789343517.3031745,alert,0.0009,0.9927,0.0064,approach,0.463,1.7812,0.3375
1789343517.5009723,alert,0.0005,0.9987,0.0008,approach,0.465,1.7795,0.3361
1789343517.7023988,alert,0.0011,0.9989,0.0,approach,0.466,1.7792,0.3359
1789343517.903614,alert,0.0006,0.9991,0.0003,approach,0.466,1.7793,0.336
1789343518.1218255,alert,0.0073,0.988,0.0047,approach,0.465,1.7805,0.3375
1789343518.3033006,alert,0.0054,0.9919,0.0027,approach,0.465,1.7799,0.3369
1789343518.497283,alert,0.0041,0.9769,0.019,approach,0.458,1.7853,0.3407
1789343518.703519,alert,0.0009,0.9977,0.0014,approach,0.465,1.7796,0.3363
1789343518.9098368,alert,0.0004,0.9996,0.0,approach,0.466,1.7792,0.3359
1789343519.0977724,alert,0.0,0.9999,0.0001,approach,0.466,1.7792,0.3359
1789343519.2995265,alert,0.0001,0.9998,0.0001,approach,0.466,1.7792,0.3359
1789343519.5108557,alert,0.0006,0.9994,0.0,approach,0.466,1.7792,0.3359
1789343519.700786,alert,0.0028,0.9971,0.0001,approach,0.466,1.7792,0.3361
1789343519.9037302,alert,0.0019,0.998,0.0001,approach,0.466,1.7792,0.336
1789343520.1099908,alert,0.0017,0.9982,0.0001,approach,0.466,1.7792,0.336
1789343520.306325,alert,0.0013,0.9986,0.0001,approach,0.466,1.7792,0.336
1789343520.5028338,alert,0.0058,0.9941,0.0001,approach,0.466,1.7791,0.3363
1789343520.6992931,alert,0.0027,0.9972,0.0001,approach,0.466,1.7792,0.3361
1789343520.9169064,alert,0.0043,0.9957,0.0,approach,0.466,1.7791,0.3362
1789343521.1127014,alert,0.002,0.998,0.0,approach,0.466,1.7792,0.336
1789343521.3031123,alert,0.0011,0.9989,0.0,approach,0.466,1.7792,0.3359
1789343521.5158658,alert,0.0001,0.9999,0.0,approach,0.466,1.7792,0.3359
1789343521.7136545,alert,0.0065,0.9934,0.0001,approach,0.466,1.779,0.3364
1789343521.9063358,alert,0.0025,0.9974,0.0001,approach,0.466,1.7792,0.3361
1789343522.1261375,alert,0.0313,0.9687,0.0,approach,0.47,1.7782,0.3383
1789343522.335703,alert,0.0163,0.9837,0.0,approach,0.468,1.7787,0.3371
1789343522.5025103,alert,0.0007,0.9993,0.0,approach,0.466,1.7792,0.3359
1789343522.719428,alert,0.0024,0.9973,0.0003,approach,0.466,1.7792,0.3361
1789343522.9100208,alert,0.0203,0.9772,0.0025,approach,0.467,1.7794,0.338
1789343523.0986445,alert,0.0112,0.9849,0.0039,approach,0.465,1.7801,0.3377
1789343523.3061078,alert,0.0027,0.9954,0.0019,approach,0.465,1.7797,0.3365
1789343523.4977508,alert,0.0015,0.9883,0.0102,approach,0.461,1.7825,0.3384
1789343523.7035277,alert,0.0005,0.9261,0.0734,approach,0.433,1.8046,0.3535
1789343523.9055152,alert,0.0008,0.8728,0.1264,approach,0.409,1.8253,0.3662
1789343524.1081307,alert,0.0006,0.638,0.3614,retreat,0.361,1.3585,0.9542
1789343524.3201888,alert,0.0021,0.9925,0.0054,approach,0.464,1.7809,0.3373
1789343524.5188472,alert,0.0003,0.8889,0.1108,approach,0.416,1.819,0.3624
1789343524.705904,empty,0.0002,0.1368,0.863,retreat,0.688,1.3439,0.9916
1789343524.9061954,alert,0.0005,0.8086,0.1909,approach,0.378,1.8531,0.3816
1789343525.105275,alert,0.0005,0.9687,0.0308,approach,0.452,1.7894,0.3433
1789343525.3042557,alert,0.0001,0.8898,0.1101,approach,0.416,1.8187,0.3622
1789343525.498954,alert,0.0002,0.9898,0.01,approach,0.461,1.7824,0.3383
1789343525.699633,alert,0.0001,0.992,0.0079,approach,0.462,1.7818,0.3378
1789343525.8974051,alert,0.0001,0.9978,0.0021,approach,0.465,1.7799,0.3364
1789343526.1111972,alert,0.0012,0.961,0.0378,approach,0.449,1.7918,0.345
1789343526.30504,alert,0.0002,0.8325,0.1673,approach,0.389,1.8426,0.3759
1789343526.4967632,empty,0.0002,0.3605,0.6393,retreat,0.534,1.3483,0.9749
1789343526.7005756,empty,0.0002,0.087,0.9128,retreat,0.72,1.3434,0.9953
1789343526.898942,empty,0.0004,0.0852,0.9144,retreat,0.721,1.3434,0.9955
1789343527.106607,empty,0.0012,0.365,0.6338,retreat,0.53,1.3485,0.9745
1789343527.3014908,empty,0.001,0.421,0.578,retreat,0.492,1.3502,0.9704
1789343527.4989002,empty,0.001,0.3675,0.6315,retreat,0.528,1.3486,0.9744
1789343527.697325,alert,0.0003,0.9989,0.0008,approach,0.465,1.7795,0.3361
1789343527.9117892,alert,0.0032,0.9968,0.0,approach,0.466,1.7791,0.3361
1789343528.104349,alert,0.0006,0.9988,0.0006,approach,0.466,1.7794,0.336
1789343528.3020163,alert,0.0011,0.9988,0.0001,approach,0.466,1.7792,0.336
1789343528.507127,alert,0.0062,0.9938,0.0,approach,0.466,1.779,0.3363
1789343528.7066467,alert,0.0009,0.999,0.0001,approach,0.466,1.7792,0.3359
1789343528.8961976,alert,0.0006,0.999,0.0004,approach,0.466,1.7793,0.336
1789343529.1060686,alert,0.0008,0.9978,0.0014,approach,0.465,1.7796,0.3363
1789343529.2963789,alert,0.013,0.9865,0.0005,approach,0.467,1.779,0.337
1789343529.5007136,alert,0.004,0.9959,0.0001,approach,0.466,1.7791,0.3362
1789343529.6996655,alert,0.0011,0.9986,0.0003,approach,0.466,1.7793,0.336
1789343529.8977387,alert,0.0093,0.9865,0.0042,approach,0.465,1.7803,0.3376
1789343530.0999522,alert,0.0001,0.9998,0.0001,approach,0.466,1.7792,0.3359
1789343530.3039806,alert,0.0002,0.999,0.0008,approach,0.465,1.7795,0.3361
1789343530.4954534,alert,0.0,0.9988,0.0012,approach,0.465,1.7796,0.3361
1789343530.7011044,alert,0.0002,0.9956,0.0042,approach,0.464,1.7806,0.3369
1789343530.8980107,alert,0.0008,0.85,0.1492,approach,0.398,1.8348,0.3716
1789343531.1089087,alert,0.0004,0.9843,0.0153,approach,0.459,1.7842,0.3395
1789343531.3092456,alert,0.0005,0.9818,0.0177,approach,0.458,1.785,0.3401
1789343531.5035992,alert,0.0004,0.9995,0.0001,approach,0.466,1.7792,0.3359
1789343531.6990356,alert,0.0002,0.9931,0.0067,approach,0.463,1.7814,0.3375
1789343531.9011152,alert,0.0003,0.9869,0.0128,approach,0.46,1.7833,0.3389
1789343532.1097414,alert,0.0008,0.9908,0.0084,approach,0.462,1.7819,0.3379
1789343532.3108425,alert,0.0013,0.9669,0.0318,approach,0.452,1.7897,0.3436
1789343532.4990563,alert,0.0012,0.9972,0.0016,approach,0.465,1.7797,0.3363
1789343532.6977062,alert,0.0007,0.9918,0.0075,approach,0.463,1.7816,0.3377
1789343532.896666,alert,0.0012,0.5219,0.4769,retreat,0.428,1.3537,0.9628
1789343533.0988383,alert,0.0038,0.9928,0.0034,approach,0.465,1.7802,0.337
1789343533.296732,alert,0.0032,0.991,0.0058,approach,0.464,1.781,0.3375
1789343533.5025775,alert,0.0025,0.9971,0.0004,approach,0.466,1.7793,0.3361
1789343533.7042983,alert,0.0032,0.9906,0.0062,approach,0.463,1.7811,0.3376
1789343533.9063272,alert,0.0029,0.9898,0.0073,approach,0.463,1.7815,0.3378
1789343534.0981648,alert,0.0052,0.9802,0.0146,approach,0.46,1.7838,0.3398
1789343534.300276,alert,0.0018,0.9886,0.0096,approach,0.462,1.7823,0.3383
1789343534.499849,alert,0.0031,0.8915,0.1054,approach,0.419,1.8167,0.3613
1789343534.6973538,empty,0.0019,0.4388,0.5593,retreat,0.48,1.3509,0.969
1789343534.8978155,empty,0.0008,0.2226,0.7766,retreat,0.629,1.3453,0.9852
1789343535.1027756,empty,0.0009,0.3219,0.6772,retreat,0.56,1.3474,0.9778
1789343535.3109272,empty,0.0017,0.4328,0.5655,retreat,0.484,1.3506,0.9694
1789343535.4977608,empty,0.0032,0.4455,0.5513,retreat,0.475,1.3512,0.9684
1789343535.6974485,alert,0.0038,0.6015,0.3947,retreat,0.38,1.3573,0.9567
1789343535.9016054,alert,0.0067,0.8493,0.144,approach,0.401,1.8323,0.3708
1789343536.0990205,alert,0.0082,0.8643,0.1275,approach,0.409,1.8254,0.367
1789343536.3024757,alert,0.0412,0.8638,0.095,approach,0.429,1.8111,0.3618
1789343536.5033872,alert,0.0151,0.9783,0.0066,approach,0.465,1.7808,0.3386
1789343536.7035632,alert,0.0175,0.9762,0.0063,approach,0.465,1.7807,0.3387
1789343536.908085,alert,0.0121,0.9336,0.0543,approach,0.443,1.7972,0.3498
1789343537.1243463,alert,0.0055,0.9633,0.0312,approach,0.453,1.7893,0.3437
1789343537.3264437,alert,0.0166,0.9772,0.0062,approach,0.465,1.7807,0.3386
1789343537.4982505,alert,0.0057,0.9691,0.0252,approach,0.455,1.7873,0.3423
1789343537.6986144,alert,0.0094,0.9251,0.0655,approach,0.438,1.8013,0.3523
1789343537.9019399,alert,0.0111,0.5407,0.4482,retreat,0.411,1.3558,0.9608
1789343538.1022294,alert,0.0094,0.8138,0.1768,approach,0.386,1.8464,0.3789
1789343538.3067758,alert,0.0015,0.9384,0.0601,approach,0.439,1.7997,0.3503
1789343538.5025318,alert,0.002,0.9616,0.0364,approach,0.45,1.7912,0.3447
1789343538.6992893,alert,0.0004,0.7885,0.2111,approach,0.369,1.8624,0.3864
1789343538.903679,alert,0.0011,0.82,0.1789,approach,0.384,1.8477,0.3787
1789343539.1157818,empty,0.0002,0.1442,0.8556,retreat,0.683,1.344,0.9911
1789343539.301935,empty,0.0016,0.4267,0.5717,retreat,0.488,1.3504,0.9699
1789343539.5063837,alert,0.0049,0.8551,0.14,approach,0.403,1.8307,0.3697
1789343539.7046866,alert,0.0146,0.9222,0.0632,approach,0.44,1.8003,0.3521
1789343539.8991027,alert,0.0474,0.6803,0.2723,approach,0.347,1.8895,0.4047
1789343540.0958552,alert,0.017,0.7349,0.2481,approach,0.354,1.8792,0.3965
1789343540.3135846,alert,0.0159,0.9097,0.0744,approach,0.435,1.8043,0.3549
1789343540.5071971,alert,0.0237,0.9723,0.004,approach,0.467,1.7797,0.3387
1789343540.704962,alert,0.0186,0.9803,0.0011,approach,0.468,1.779,0.3376
1789343540.898527,alert,0.0109,0.9891,0.0,approach,0.467,1.7789,0.3367
1789343541.0996332,alert,0.0104,0.9895,0.0001,approach,0.467,1.7789,0.3367
1789343541.2983136,alert,0.0029,0.9971,0.0,approach,0.466,1.7791,0.3361
1789343541.4981925,alert,0.0034,0.9963,0.0003,approach,0.466,1.7792,0.3362
1789343541.6976461,alert,0.0076,0.9811,0.0113,approach,0.462,1.7826,0.3392
1789343541.8970115,alert,0.0106,0.9883,0.0011,approach,0.467,1.7792,0.3369
1789343543.1862671,alert,0.013,0.9831,0.0039,approach,0.466,1.78,0.3378
1789343543.3154085,alert,0.0188,0.9807,0.0005,approach,0.468,1.7788,0.3374
1789343543.5072668,alert,0.0503,0.9398,0.0099,approach,0.468,1.7807,0.3422
1789343543.7088852,alert,0.0147,0.9816,0.0037,approach,0.466,1.7799,0.3379
1789343543.9028382,alert,0.0089,0.9911,0.0,approach,0.467,1.7789,0.3365
1789343544.1136694,alert,0.0018,0.998,0.0002,approach,0.466,1.7792,0.336
1789343544.3022854,alert,0.0009,0.9939,0.0052,approach,0.464,1.7809,0.3372
1789343544.5018063,alert,0.0016,0.9962,0.0022,approach,0.465,1.7799,0.3365
1789343544.7057533,alert,0.0033,0.9834,0.0133,approach,0.46,1.7834,0.3393
1789343544.9005795,alert,0.0061,0.9838,0.0101,approach,0.462,1.7823,0.3387
1789343545.1071944,empty,0.0161,0.4317,0.5522,retreat,0.477,1.3524,0.9687
1789343545.3016362,empty,0.033,0.1823,0.7847,retreat,0.638,1.3483,0.9863
1789343545.4964726,alert,0.1146,0.7343,0.1511,approach,0.414,1.8303,0.381
1789343545.6987972,alert,0.1373,0.6379,0.2248,approach,0.383,1.8615,0.4004
1789343545.9064305,alert,0.0145,0.9825,0.003,approach,0.466,1.7797,0.3377
1789343546.11541,alert,0.0068,0.9165,0.0767,approach,0.432,1.8056,0.3547
1789343546.3033013,alert,0.0046,0.9872,0.0082,approach,0.463,1.7817,0.3382
1789343546.5001807,alert,0.0002,0.9995,0.0003,approach,0.466,1.7793,0.3359
1789343546.698835,alert,0.0007,0.9993,0.0,approach,0.466,1.7792,0.3359
1789343546.9008496,alert,0.0012,0.9988,0.0,approach,0.466,1.7792,0.3359
1789343547.101182,alert,0.0002,0.9998,0.0,approach,0.466,1.7792,0.3359
1789343547.297214,alert,0.0111,0.9828,0.0061,approach,0.464,1.7808,0.3382
1789343547.499333,alert,0.0166,0.9799,0.0035,approach,0.466,1.7798,0.338
1789343547.6988328,alert,0.0037,0.9956,0.0007,approach,0.466,1.7793,0.3363
1789343547.8964248,alert,0.0029,0.9961,0.001,approach,0.466,1.7794,0.3363
1789343548.0962536,alert,0.0009,0.9987,0.0004,approach,0.466,1.7793,0.336
1789343548.2989585,alert,0.0022,0.9963,0.0015,approach,0.465,1.7796,0.3364
1789343548.712477,empty,0.0,0.0026,0.9974,retreat,0.772,1.3429,1.0016
1789343548.904205,empty,0.0002,0.0332,0.9666,retreat,0.754,1.3431,0.9994
1789343549.103083,empty,0.0001,0.0022,0.9977,retreat,0.773,1.343,1.0017
1789343549.3074148,empty,0.0001,0.0021,0.9978,retreat,0.773,1.343,1.0017
1789343549.501784,empty,0.0001,0.0031,0.9968,retreat,0.772,1.343,1.0016
1789343549.7026556,empty,0.0001,0.0042,0.9957,retreat,0.771,1.343,1.0015
1789343549.9054072,empty,0.0001,0.0086,0.9913,retreat,0.769,1.343,1.0012
1789343550.1098063,empty,0.0001,0.0054,0.9945,retreat,0.771,1.343,1.0014
1789343550.3015826,empty,0.0,0.0048,0.9952,retreat,0.771,1.343,1.0015
1789343550.4974391,empty,0.0001,0.0073,0.9926,retreat,0.77,1.343,1.0013
1789343550.706167,empty,0.0002,0.0113,0.9885,retreat,0.767,1.343,1.001
1789343550.8989105,empty,0.0001,0.0039,0.996,retreat,0.772,1.343,1.0015
1789343551.112116,empty,0.0002,0.0152,0.9846,retreat,0.765,1.343,1.0007
1789343551.296966,empty,0.0002,0.023,0.9768,retreat,0.76,1.343,1.0001
1789343551.5035634,empty,0.0,0.0084,0.9916,retreat,0.769,1.343,1.0012
1789343551.7027626,empty,0.0001,0.0155,0.9844,retreat,0.765,1.343,1.0007
1789343551.9003177,empty,0.0,0.0002,0.9998,retreat,0.774,1.3429,1.0018
1789343552.096369,empty,0.0,0.0002,0.9998,retreat,0.774,1.3429,1.0018
1789343552.300736,empty,0.0,0.0002,0.9998,retreat,0.774,1.3429,1.0018
1789343552.5032077,empty,0.0,0.0,1.0,retreat,0.774,1.3429,1.0018
1789343552.7071283,empty,0.0,0.0002,0.9998,retreat,0.774,1.3429,1.0018
1789343552.9110725,empty,0.0,0.0002,0.9998,retreat,0.774,1.3429,1.0018
1789343553.0978918,empty,0.0,0.0066,0.9934,retreat,0.77,1.343,1.0013
1789343553.3042974,empty,0.0,0.0003,0.9997,retreat,0.774,1.3429,1.0018
1789343553.5022175,empty,0.0,0.002,0.998,retreat,0.773,1.3429,1.0017
1789343553.697716,empty,0.0,0.0082,0.9918,retreat,0.769,1.343,1.0012
1789343553.8971012,empty,0.0,0.0007,0.9993,retreat,0.773,1.3429,1.0018
1789343554.1028187,empty,0.0,0.0001,0.9999,retreat,0.774,1.3429,1.0018
1789343554.3000357,empty,0.0,0.001,0.999,retreat,0.773,1.3429,1.0018
1789343554.5060525,empty,0.0,0.0114,0.9886,retreat,0.767,1.343,1.001
1789343554.6991286,alert,0.0038,0.7879,0.2083,approach,0.371,1.861,0.386
1789343554.8955896,alert,0.0011,0.9974,0.0015,approach,0.465,1.7797,0.3363
1789343555.1027741,alert,0.0005,0.7944,0.2051,approach,0.372,1.8596,0.385
1789343555.2984784,alert,0.0006,0.9776,0.0218,approach,0.456,1.7863,0.3411
1789343555.495243,alert,0.0051,0.9752,0.0197,approach,0.458,1.7855,0.341
1789343555.699138,alert,0.0014,0.9985,0.0001,approach,0.466,1.7792,0.336
1789343555.9001637,alert,0.0176,0.9824,0.0,approach,0.468,1.7786,0.3372
1789343556.1042073,alert,0.0115,0.9885,0.0,approach,0.467,1.7788,0.3368
1789343556.2990088,alert,0.001,0.999,0.0,approach,0.466,1.7792,0.3359
1789343556.5065026,alert,0.0406,0.9594,0.0,approach,0.471,1.7779,0.339
1789343556.703242,alert,0.0001,0.9999,0.0,approach,0.466,1.7792,0.3359
1789343556.9005399,alert,0.0004,0.9996,0.0,approach,0.466,1.7792,0.3359
1789343557.1116369,alert,0.0001,0.9999,0.0,approach,0.466,1.7792,0.3359
1789343557.3029096,alert,0.0001,0.9999,0.0,approach,0.466,1.7792,0.3359
1789343557.4968762,alert,0.0002,0.9998,0.0,approach,0.466,1.7792,0.3359
1789343557.7075224,alert,0.002,0.9977,0.0003,approach,0.466,1.7792,0.3361
1789343557.9019322,alert,0.0028,0.9969,0.0003,approach,0.466,1.7792,0.3361
1789343558.0976102,alert,0.0044,0.9955,0.0001,approach,0.466,1.7791,0.3362
1789343558.2975693,alert,0.0096,0.9903,0.0001,approach,0.467,1.7789,0.3366
1789343558.4988158,alert,0.0064,0.9936,0.0,approach,0.467,1.779,0.3364
1789343558.6997685,alert,0.0039,0.996,0.0001,approach,0.466,1.7791,0.3362
1789343558.8965173,alert,0.0059,0.9939,0.0002,approach,0.466,1.7791,0.3364
1789343559.1052508,alert,0.0102,0.9891,0.0007,approach,0.467,1.7791,0.3368
1789343559.3028402,alert,0.0038,0.9958,0.0004,approach,0.466,1.7792,0.3362
1789343559.5015302,alert,0.0102,0.9571,0.0327,approach,0.453,1.7897,0.3445
1789343559.699024,alert,0.0082,0.9904,0.0014,approach,0.466,1.7794,0.3368
1789343559.8999994,alert,0.0194,0.9793,0.0013,approach,0.468,1.779,0.3377
1789343560.1049256,alert,0.0075,0.9607,0.0318,approach,0.453,1.7895,0.344
1789343560.3050356,alert,0.0096,0.8595,0.1309,approach,0.408,1.8267,0.3679
1789343560.4996412,alert,0.0077,0.9439,0.0484,approach,0.445,1.7952,0.348
1789343560.70397,alert,0.0027,0.7357,0.2616,approach,0.345,1.8867,0.3986
1789343560.8988016,alert,0.0004,0.6283,0.3713,retreat,0.367,1.3581,0.9549
1789343561.1001465,empty,0.0004,0.3796,0.62,retreat,0.521,1.3489,0.9735
1789343561.3049324,alert,0.0019,0.7455,0.2526,approach,0.349,1.8823,0.3964
1789343561.501061,alert,0.0008,0.8212,0.178,approach,0.385,1.8473,0.3785
1789343561.7083645,alert,0.0055,0.8776,0.1169,approach,0.414,1.8212,0.3642
1789343561.9055982,alert,0.0054,0.9136,0.081,approach,0.43,1.8072,0.3557
1789343562.101759,alert,0.0321,0.7528,0.2151,approach,0.372,1.8626,0.3898
1789343562.3010745,alert,0.0107,0.6949,0.2944,hold,0.342,1.6359,0.6655
1789343562.4977944,alert,0.0041,0.6866,0.3093,hold,0.343,1.6369,0.6687
1789343562.697836,alert,0.0049,0.7497,0.2454,approach,0.353,1.8786,0.3949
1789343562.9115183,alert,0.0062,0.7675,0.2263,approach,0.362,1.8693,0.3905
1789343563.1034117,alert,0.0103,0.6825,0.3072,hold,0.342,1.6375,0.6689
1789343563.2982037,alert,0.0065,0.8106,0.1829,approach,0.383,1.8492,0.3801
1789343563.504038,alert,0.0033,0.6024,0.3943,retreat,0.38,1.3573,0.9567
1789343563.70488,empty,0.0012,0.3676,0.6312,retreat,0.528,1.3486,0.9743
1789343563.8994331,alert,0.0015,0.7676,0.2309,approach,0.359,1.8718,0.3912
1789343564.1053982,alert,0.0017,0.7862,0.2121,approach,0.368,1.8628,0.3867
1789343564.302722,alert,0.0039,0.8655,0.1306,approach,0.407,1.8269,0.3674
1789343564.5002723,alert,0.0041,0.5719,0.424,retreat,0.396,1.3561,0.9589
1789343564.707331,alert,0.0086,0.7092,0.2822,hold,0.342,1.634,0.662
1789343564.8988059,alert,0.0086,0.5759,0.4155,retreat,0.392,1.3569,0.9583
1789343565.1030095,alert,0.0028,0.7301,0.2671,hold,0.343,1.6314,0.6573
1789343565.308621,empty,0.0009,0.2744,0.7247,retreat,0.593,1.3463,0.9813
1789343565.4988043,alert,0.0017,0.842,0.1563,approach,0.395,1.8378,0.3734
1789343565.699199,alert,0.0032,0.8207,0.1761,approach,0.386,1.8464,0.3782
1789343565.9091935,empty,0.0007,0.4236,0.5757,retreat,0.491,1.3502,0.9702
1789343566.1047661,alert,0.0026,0.6943,0.3031,hold,0.343,1.6358,0.6668
1789343566.3091705,alert,0.0121,0.7886,0.1993,approach,0.376,1.8564,0.3845
1789343566.4965477,alert,0.0083,0.7893,0.2024,approach,0.374,1.858,0.3849
1789343566.698079,alert,0.0048,0.6856,0.3096,hold,0.343,1.637,0.6689
1789343566.903414,alert,0.005,0.843,0.152,approach,0.397,1.8358,0.3726
1789343567.1017973,alert,0.0067,0.9845,0.0088,approach,0.463,1.7818,0.3385
1789343567.296596,alert,0.0039,0.6807,0.3154,hold,0.343,1.6377,0.6703
1789343567.4989262,alert,0.0098,0.8572,0.133,approach,0.407,1.8276,0.3684
1789343567.7055402,alert,0.0076,0.9299,0.0625,approach,0.439,1.8003,0.3514
1789343567.9072235,alert,0.0054,0.9652,0.0294,approach,0.453,1.7887,0.3433
1789343568.1034687,alert,0.0026,0.9713,0.0261,approach,0.455,1.7877,0.3423
1789343568.3048434,alert,0.0014,0.9711,0.0275,approach,0.454,1.7882,0.3425
1789343568.510367,alert,0.0009,0.9927,0.0064,approach,0.463,1.7812,0.3375
1789343568.7242846,alert,0.0005,0.9987,0.0008,approach,0.465,1.7795,0.3361
1789343568.921967,alert,0.0011,0.9989,0.0,approach,0.466,1.7792,0.3359
1789343569.0968926,alert,0.0006,0.9991,0.0003,approach,0.466,1.7793,0.336
1789343569.3017237,alert,0.0073,0.988,0.0047,approach,0.465,1.7805,0.3375
1789343569.5026588,alert,0.0054,0.9919,0.0027,approach,0.465,1.7799,0.3369
1789343569.7041411,alert,0.0041,0.9769,0.019,approach,0.458,1.7853,0.3407
1789343569.9038138,alert,0.0009,0.9977,0.0014,approach,0.465,1.7796,0.3363
1789343570.1037023,alert,0.0004,0.9996,0.0,approach,0.466,1.7792,0.3359
1789343570.2968156,alert,0.0,0.9999,0.0001,approach,0.466,1.7792,0.3359
1789343570.508649,alert,0.0001,0.9998,0.0001,approach,0.466,1.7792,0.3359
1789343570.7169867,alert,0.0006,0.9994,0.0,approach,0.466,1.7792,0.3359
1789343570.9264066,alert,0.0028,0.9971,0.0001,approach,0.466,1.7792,0.3361
1789343571.1068776,alert,0.0019,0.998,0.0001,approach,0.466,1.7792,0.336
1789343571.3037658,alert,0.0017,0.9982,0.0001,approach,0.466,1.7792,0.336
1789343571.4972198,alert,0.0013,0.9986,0.0001,approach,0.466,1.7792,0.336
1789343571.718168,alert,0.0058,0.9941,0.0001,approach,0.466,1.7791,0.3363
1789343571.9116828,alert,0.0027,0.9972,0.0001,approach,0.466,1.7792,0.3361
1789343572.154227,alert,0.0043,0.9957,0.0,approach,0.466,1.7791,0.3362
1789343572.3132389,alert,0.002,0.998,0.0,approach,0.466,1.7792,0.336
1789343572.509991,alert,0.0011,0.9989,0.0,approach,0.466,1.7792,0.3359
1789343572.7026904,alert,0.0001,0.9999,0.0,approach,0.466,1.7792,0.3359
1789343572.9188874,alert,0.0065,0.9934,0.0001,approach,0.466,1.779,0.3364
1789343573.0954928,alert,0.0025,0.9974,0.0001,approach,0.466,1.7792,0.3361
1789343573.3139656,alert,0.0313,0.9687,0.0,approach,0.47,1.7782,0.3383
1789343573.5146863,alert,0.0163,0.9837,0.0,approach,0.468,1.7787,0.3371
1789343573.7130947,alert,0.0007,0.9993,0.0,approach,0.466,1.7792,0.3359
1789343573.8993733,alert,0.0024,0.9973,0.0003,approach,0.466,1.7792,0.3361
1789343574.1030526,alert,0.0203,0.9772,0.0025,approach,0.467,1.7794,0.338
1789343574.2981887,alert,0.0112,0.9849,0.0039,approach,0.465,1.7801,0.3377
1789343574.5084372,alert,0.0027,0.9954,0.0019,approach,0.465,1.7797,0.3365
1789343574.701172,alert,0.0015,0.9883,0.0102,approach,0.461,1.7825,0.3384
1789343574.8972285,alert,0.0005,0.9261,0.0734,approach,0.433,1.8046,0.3535
1789343575.1008217,alert,0.0008,0.8728,0.1264,approach,0.409,1.8253,0.3662
1789343575.2992823,alert,0.0006,0.638,0.3614,retreat,0.361,1.3585,0.9542
1789343575.499712,alert,0.0021,0.9925,0.0054,approach,0.464,1.7809,0.3373
1789343575.7049413,alert,0.0003,0.8889,0.1108,approach,0.416,1.819,0.3624
1789343575.909898,empty,0.0002,0.1368,0.863,retreat,0.688,1.3439,0.9916
1789343576.1003115,alert,0.0005,0.8086,0.1909,approach,0.378,1.8531,0.3816
1789343576.3001528,alert,0.0005,0.9687,0.0308,approach,0.452,1.7894,0.3433
1789343576.4982755,alert,0.0001,0.8898,0.1101,approach,0.416,1.8187,0.3622
1789343576.6974335,alert,0.0002,0.9898,0.01,approach,0.461,1.7824,0.3383
1789343576.8971076,alert,0.0001,0.992,0.0079,approach,0.462,1.7818,0.3378
1789343577.1032774,alert,0.0001,0.9978,0.0021,approach,0.465,1.7799,0.3364
1789343577.2992096,alert,0.0012,0.961,0.0378,approach,0.449,1.7918,0.345
1789343577.5023637,alert,0.0002,0.8325,0.1673,approach,0.389,1.8426,0.3759
1789343577.7015631,empty,0.0002,0.3605,0.6393,retreat,0.534,1.3483,0.9749
1789343577.9010608,empty,0.0002,0.087,0.9128,retreat,0.72,1.3434,0.9953
1789343578.1039245,empty,0.0004,0.0852,0.9144,retreat,0.721,1.3434,0.9955
1789343578.3019774,empty,0.0012,0.365,0.6338,retreat,0.53,1.3485,0.9745
1789343578.4982257,empty,0.001,0.421,0.578,retreat,0.492,1.3502,0.9704
1789343578.699063,empty,0.001,0.3675,0.6315,retreat,0.528,1.3486,0.9744
1789343578.8964047,alert,0.0003,0.9989,0.0008,approach,0.465,1.7795,0.3361
1789343579.100505,alert,0.0032,0.9968,0.0,approach,0.466,1.7791,0.3361
1789343579.3082385,alert,0.0006,0.9988,0.0006,approach,0.466,1.7794,0.336
1789343579.5205069,alert,0.0011,0.9988,0.0001,approach,0.466,1.7792,0.336
1789343579.7053463,alert,0.0062,0.9938,0.0,approach,0.466,1.779,0.3363
1789343579.9046156,alert,0.0009,0.999,0.0001,approach,0.466,1.7792,0.3359
1789343580.1144452,alert,0.0006,0.999,0.0004,approach,0.466,1.7793,0.336
1789343580.3173773,alert,0.0008,0.9978,0.0014,approach,0.465,1.7796,0.3363
1789343580.5074747,alert,0.013,0.9865,0.0005,approach,0.467,1.779,0.337
1789343580.7568622,alert,0.004,0.9959,0.0001,approach,0.466,1.7791,0.3362
1789343580.9094925,alert,0.0011,0.9986,0.0003,approach,0.466,1.7793,0.336
1789343581.107937,alert,0.0093,0.9865,0.0042,approach,0.465,1.7803,0.3376
1789343581.320126,alert,0.0001,0.9998,0.0001,approach,0.466,1.7792,0.3359
1789343581.539771,alert,0.0002,0.999,0.0008,approach,0.465,1.7795,0.3361
1789343581.699606,alert,0.0,0.9988,0.0012,approach,0.465,1.7796,0.3361
1789343581.911204,alert,0.0002,0.9956,0.0042,approach,0.464,1.7806,0.3369
1789343582.1078181,alert,0.0008,0.85,0.1492,approach,0.398,1.8348,0.3716
1789343582.3166249,alert,0.0004,0.9843,0.0153,approach,0.459,1.7842,0.3395
1789343582.5101204,alert,0.0005,0.9818,0.0177,approach,0.458,1.785,0.3401
1789343582.727286,alert,0.0004,0.9995,0.0001,approach,0.466,1.7792,0.3359
1789343582.905842,alert,0.0002,0.9931,0.0067,approach,0.463,1.7814,0.3375
1789343583.104905,alert,0.0003,0.9869,0.0128,approach,0.46,1.7833,0.3389
1789343583.3073244,alert,0.0008,0.9908,0.0084,approach,0.462,1.7819,0.3379
1789343583.5273182,alert,0.0013,0.9669,0.0318,approach,0.452,1.7897,0.3436
1789343583.7118044,alert,0.0012,0.9972,0.0016,approach,0.465,1.7797,0.3363
1789343583.8994012,alert,0.0007,0.9918,0.0075,approach,0.463,1.7816,0.3377
1789343584.0997052,alert,0.0012,0.5219,0.4769,retreat,0.428,1.3537,0.9628
1789343584.2995493,alert,0.0038,0.9928,0.0034,approach,0.465,1.7802,0.337
1789343584.499403,alert,0.0032,0.991,0.0058,approach,0.464,1.781,0.3375
1789343584.7054818,alert,0.0025,0.9971,0.0004,approach,0.466,1.7793,0.3361
1789343584.9076345,alert,0.0032,0.9906,0.0062,approach,0.463,1.7811,0.3376
1789343585.103369,alert,0.0029,0.9898,0.0073,approach,0.463,1.7815,0.3378
1789343585.2991076,alert,0.0052,0.9802,0.0146,approach,0.46,1.7838,0.3398
1789343585.5045824,alert,0.0018,0.9886,0.0096,approach,0.462,1.7823,0.3383
1789343585.7075047,alert,0.0031,0.8915,0.1054,approach,0.419,1.8167,0.3613
1789343585.9191976,empty,0.0019,0.4388,0.5593,retreat,0.48,1.3509,0.969
1789343586.1084898,empty,0.0008,0.2226,0.7766,retreat,0.629,1.3453,0.9852
1789343586.3198397,empty,0.0009,0.3219,0.6772,retreat,0.56,1.3474,0.9778
1789343586.5027168,empty,0.0017,0.4328,0.5655,retreat,0.484,1.3506,0.9694
1789343586.7076838,empty,0.0032,0.4455,0.5513,retreat,0.475,1.3512,0.9684
1789343586.9039447,alert,0.0038,0.6015,0.3947,retreat,0.38,1.3573,0.9567
1789343587.115685,alert,0.0067,0.8493,0.144,approach,0.401,1.8323,0.3708
1789343587.3077855,alert,0.0082,0.8643,0.1275,approach,0.409,1.8254,0.367
1789343587.5115526,alert,0.0412,0.8638,0.095,approach,0.429,1.8111,0.3618
1789343587.7000906,alert,0.0151,0.9783,0.0066,approach,0.465,1.7808,0.3386
1789343587.901352,alert,0.0175,0.9762,0.0063,approach,0.465,1.7807,0.3387
1789343588.099954,alert,0.0121,0.9336,0.0543,approach,0.443,1.7972,0.3498
1789343588.3075657,alert,0.0055,0.9633,0.0312,approach,0.453,1.7893,0.3437
1789343588.504122,alert,0.0166,0.9772,0.0062,approach,0.465,1.7807,0.3386
1789343588.6975713,alert,0.0057,0.9691,0.0252,approach,0.455,1.7873,0.3423
1789343588.9008527,alert,0.0094,0.9251,0.0655,approach,0.438,1.8013,0.3523
1789343589.0988212,alert,0.0111,0.5407,0.4482,retreat,0.411,1.3558,0.9608
1789343589.3002546,alert,0.0094,0.8138,0.1768,approach,0.386,1.8464,0.3789
1789343589.5027075,alert,0.0015,0.9384,0.0601,approach,0.439,1.7997,0.3503
1789343589.7082493,alert,0.002,0.9616,0.0364,approach,0.45,1.7912,0.3447
1789343589.9034536,alert,0.0004,0.7885,0.2111,approach,0.369,1.8624,0.3864
1789343590.0984013,alert,0.0011,0.82,0.1789,approach,0.384,1.8477,0.3787
1789343590.30071,empty,0.0002,0.1442,0.8556,retreat,0.683,1.344,0.9911
1789343590.4983141,empty,0.0016,0.4267,0.5717,retreat,0.488,1.3504,0.9699
1789343590.704815,alert,0.0049,0.8551,0.14,approach,0.403,1.8307,0.3697
1789343590.9025683,alert,0.0146,0.9222,0.0632,approach,0.44,1.8003,0.3521
1789343591.1149733,alert,0.0474,0.6803,0.2723,approach,0.347,1.8895,0.4047
1789343591.306936,alert,0.017,0.7349,0.2481,approach,0.354,1.8792,0.3965
1789343591.504188,alert,0.0159,0.9097,0.0744,approach,0.435,1.8043,0.3549
1789343591.699764,alert,0.0237,0.9723,0.004,approach,0.467,1.7797,0.3387
1789343591.9023914,alert,0.0186,0.9803,0.0011,approach,0.468,1.779,0.3376
1789343592.1080692,alert,0.0109,0.9891,0.0,approach,0.467,1.7789,0.3367
1789343592.3111677,alert,0.0104,0.9895,0.0001,approach,0.467,1.7789,0.3367
1789343592.496986,alert,0.0029,0.9971,0.0,approach,0.466,1.7791,0.3361
1789343592.7002633,alert,0.0034,0.9963,0.0003,approach,0.466,1.7792,0.3362
1789343592.8993492,alert,0.0076,0.9811,0.0113,approach,0.462,1.7826,0.3392
1789343593.103531,alert,0.0106,0.9883,0.0011,approach,0.467,1.7792,0.3369
1789343593.3062413,alert,0.013,0.9831,0.0039,approach,0.466,1.78,0.3378
1789343593.498839,alert,0.0188,0.9807,0.0005,approach,0.468,1.7788,0.3374
1789343593.7000942,alert,0.0503,0.9398,0.0099,approach,0.468,1.7807,0.3422
1789343593.9002378,alert,0.0147,0.9816,0.0037,approach,0.466,1.7799,0.3379
1789343594.0974166,alert,0.0089,0.9911,0.0,approach,0.467,1.7789,0.3365
1789343594.3035219,alert,0.0018,0.998,0.0002,approach,0.466,1.7792,0.336
1789343594.5032067,alert,0.0009,0.9939,0.0052,approach,0.464,1.7809,0.3372
1789343594.6966405,alert,0.0016,0.9962,0.0022,approach,0.465,1.7799,0.3365
1789343594.899066,alert,0.0033,0.9834,0.0133,approach,0.46,1.7834,0.3393
1789343595.0987818,alert,0.0061,0.9838,0.0101,approach,0.462,1.7823,0.3387
1789343595.296702,empty,0.0161,0.4317,0.5522,retreat,0.477,1.3524,0.9687
1789343595.5001445,empty,0.033,0.1823,0.7847,retreat,0.638,1.3483,0.9863
1789343595.70486,alert,0.1146,0.7343,0.1511,approach,0.414,1.8303,0.381
1789343595.9001565,alert,0.1373,0.6379,0.2248,approach,0.383,1.8615,0.4004
1789343596.105786,alert,0.0145,0.9825,0.003,approach,0.466,1.7797,0.3377
1789343596.2994366,alert,0.0068,0.9165,0.0767,approach,0.432,1.8056,0.3547
1789343596.5047622,alert,0.0046,0.9872,0.0082,approach,0.463,1.7817,0.3382
1789343596.7006826,alert,0.0002,0.9995,0.0003,approach,0.466,1.7793,0.3359
1789343596.8961217,alert,0.0007,0.9993,0.0,approach,0.466,1.7792,0.3359
1789343597.0970538,alert,0.0012,0.9988,0.0,approach,0.466,1.7792,0.3359
1789343597.29809,alert,0.0002,0.9998,0.0,approach,0.466,1.7792,0.3359
1789343597.4971852,alert,0.0111,0.9828,0.0061,approach,0.464,1.7808,0.3382
1789343597.699963,alert,0.0166,0.9799,0.0035,approach,0.466,1.7798,0.338
1789343597.8967216,alert,0.0037,0.9956,0.0007,approach,0.466,1.7793,0.3363
1789343598.099646,alert,0.0029,0.9961,0.001,approach,0.466,1.7794,0.3363
1789343598.3011615,alert,0.0009,0.9987,0.0004,approach,0.466,1.7793,0.336
1789343598.5003536,alert,0.0022,0.9963,0.0015,approach,0.465,1.7796,0.3364
1789343598.9274461,empty,0.0,0.0026,0.9974,retreat,0.772,1.3429,1.0016
1789343599.11533,empty,0.0002,0.0332,0.9666,retreat,0.754,1.3431,0.9994
1789343599.2971969,empty,0.0001,0.0022,0.9977,retreat,0.773,1.343,1.0017
1789343599.498711,empty,0.0001,0.0021,0.9978,retreat,0.773,1.343,1.0017
1789343599.6973648,empty,0.0001,0.0031,0.9968,retreat,0.772,1.343,1.0016
1789343599.8981147,empty,0.0001,0.0042,0.9957,retreat,0.771,1.343,1.0015
1789343600.1024644,empty,0.0001,0.0086,0.9913,retreat,0.769,1.343,1.0012
1789343600.3059897,empty,0.0001,0.0054,0.9945,retreat,0.771,1.343,1.0014
1789343600.4988942,empty,0.0,0.0048,0.9952,retreat,0.771,1.343,1.0015
1789343600.710094,empty,0.0001,0.0073,0.9926,retreat,0.77,1.343,1.0013
1789343600.8994422,empty,0.0002,0.0113,0.9885,retreat,0.767,1.343,1.001
1789343601.1070063,empty,0.0001,0.0039,0.996,retreat,0.772,1.343,1.0015
1789343601.3000183,empty,0.0002,0.0152,0.9846,retreat,0.765,1.343,1.0007
1789343601.5158563,empty,0.0002,0.023,0.9768,retreat,0.76,1.343,1.0001
1789343601.7026103,empty,0.0,0.0084,0.9916,retreat,0.769,1.343,1.0012
1789343601.9012764,empty,0.0001,0.0155,0.9844,retreat,0.765,1.343,1.0007
1789343602.1084359,empty,0.0,0.0002,0.9998,retreat,0.774,1.3429,1.0018
1789343602.3190322,empty,0.0,0.0002,0.9998,retreat,0.774,1.3429,1.0018
1789343602.4999585,empty,0.0,0.0002,0.9998,retreat,0.774,1.3429,1.0018
1789343602.6978638,empty,0.0,0.0,1.0,retreat,0.774,1.3429,1.0018
1789343602.910293,empty,0.0,0.0002,0.9998,retreat,0.774,1.3429,1.0018
1789343603.0979192,empty,0.0,0.0002,0.9998,retreat,0.774,1.3429,1.0018
1789343603.297002,empty,0.0,0.0066,0.9934,retreat,0.77,1.343,1.0013
1789343603.4963849,empty,0.0,0.0003,0.9997,retreat,0.774,1.3429,1.0018
1789343603.700515,empty,0.0,0.002,0.998,retreat,0.773,1.3429,1.0017
1789343603.8964348,empty,0.0,0.0082,0.9918,retreat,0.769,1.343,1.0012
1789343604.1092265,empty,0.0,0.0007,0.9993,retreat,0.773,1.3429,1.0018
1789343604.3104484,empty,0.0,0.0001,0.9999,retreat,0.774,1.3429,1.0018
1789343604.5023787,empty,0.0,0.001,0.999,retreat,0.773,1.3429,1.0018
1789343604.712057,empty,0.0,0.0114,0.9886,retreat,0.767,1.343,1.001
1789343604.9176517,alert,0.0038,0.7879,0.2083,approach,0.371,1.861,0.386
1789343605.1020896,alert,0.0011,0.9974,0.0015,approach,0.465,1.7797,0.3363
1789343605.2981253,alert,0.0005,0.7944,0.2051,approach,0.372,1.8596,0.385
1789343605.497247,alert,0.0006,0.9776,0.0218,approach,0.456,1.7863,0.3411
1789343605.6997573,alert,0.0051,0.9752,0.0197,approach,0.458,1.7855,0.341
1789343605.9176369,alert,0.0014,0.9985,0.0001,approach,0.466,1.7792,0.336
1789343606.1111293,alert,0.0176,0.9824,0.0,approach,0.468,1.7786,0.3372
1789343606.2959437,alert,0.0115,0.9885,0.0,approach,0.467,1.7788,0.3368
1789343606.4995244,alert,0.001,0.999,0.0,approach,0.466,1.7792,0.3359
1789343606.6969545,alert,0.0406,0.9594,0.0,approach,0.471,1.7779,0.339
1789343606.8978517,alert,0.0001,0.9999,0.0,approach,0.466,1.7792,0.3359
1789343607.0964985,alert,0.0004,0.9996,0.0,approach,0.466,1.7792,0.3359
1789343607.3016317,alert,0.0001,0.9999,0.0,approach,0.466,1.7792,0.3359
1789343607.5042486,alert,0.0001,0.9999,0.0,approach,0.466,1.7792,0.3359
1789343607.6986222,alert,0.0002,0.9998,0.0,approach,0.466,1.7792,0.3359
1789343607.8979597,alert,0.002,0.9977,0.0003,approach,0.466,1.7792,0.3361
1789343608.1039531,alert,0.0028,0.9969,0.0003,approach,0.466,1.7792,0.3361
1789343608.3104196,alert,0.0044,0.9955,0.0001,approach,0.466,1.7791,0.3362
1789343608.5152183,alert,0.0096,0.9903,0.0001,approach,0.467,1.7789,0.3366
1789343608.7033458,alert,0.0064,0.9936,0.0,approach,0.467,1.779,0.3364
1789343608.9026856,alert,0.0039,0.996,0.0001,approach,0.466,1.7791,0.3362
1789343609.1018193,alert,0.0059,0.9939,0.0002,approach,0.466,1.7791,0.3364
1789343609.3037825,alert,0.0102,0.9891,0.0007,approach,0.467,1.7791,0.3368
1789343609.4993095,alert,0.0038,0.9958,0.0004,approach,0.466,1.7792,0.3362
1789343609.6970344,alert,0.0102,0.9571,0.0327,approach,0.453,1.7897,0.3445
1789343609.904186,alert,0.0082,0.9904,0.0014,approach,0.466,1.7794,0.3368
1789343610.1070666,alert,0.0194,0.9793,0.0013,approach,0.468,1.779,0.3377
1789343610.299905,alert,0.0075,0.9607,0.0318,approach,0.453,1.7895,0.344
1789343610.5040746,alert,0.0096,0.8595,0.1309,approach,0.408,1.8267,0.3679
1789343610.7041993,alert,0.0077,0.9439,0.0484,approach,0.445,1.7952,0.348
1789343610.8992376,alert,0.0027,0.7357,0.2616,approach,0.345,1.8867,0.3986
1789343611.1116529,alert,0.0004,0.6283,0.3713,retreat,0.367,1.3581,0.9549
1789343611.3118045,empty,0.0004,0.3796,0.62,retreat,0.521,1.3489,0.9735
1789343611.506328,alert,0.0019,0.7455,0.2526,approach,0.349,1.8823,0.3964
1789343611.7018654,alert,0.0008,0.8212,0.178,approach,0.385,1.8473,0.3785
1789343611.9069886,alert,0.0055,0.8776,0.1169,approach,0.414,1.8212,0.3642
1789343612.09696,alert,0.0054,0.9136,0.081,approach,0.43,1.8072,0.3557
1789343612.2960615,alert,0.0321,0.7528,0.2151,approach,0.372,1.8626,0.3898
1789343612.5017197,alert,0.0107,0.6949,0.2944,hold,0.342,1.6359,0.6655
1789343612.6990833,alert,0.0041,0.6866,0.3093,hold,0.343,1.6369,0.6687
1789343612.9010935,alert,0.0049,0.7497,0.2454,approach,0.353,1.8786,0.3949
1789343613.1022334,alert,0.0062,0.7675,0.2263,approach,0.362,1.8693,0.3905
1789343613.299751,alert,0.0103,0.6825,0.3072,hold,0.342,1.6375,0.6689
1789343613.4978793,alert,0.0065,0.8106,0.1829,approach,0.383,1.8492,0.3801
1789343613.6998272,alert,0.0033,0.6024,0.3943,retreat,0.38,1.3573,0.9567
1789343613.897903,empty,0.0012,0.3676,0.6312,retreat,0.528,1.3486,0.9743
1789343614.1009784,alert,0.0015,0.7676,0.2309,approach,0.359,1.8718,0.3912
1789343614.2965782,alert,0.0017,0.7862,0.2121,approach,0.368,1.8628,0.3867
1789343614.4957793,alert,0.0039,0.8655,0.1306,approach,0.407,1.8269,0.3674
1789343614.6996636,alert,0.0041,0.5719,0.424,retreat,0.396,1.3561,0.9589
1789343614.9031339,alert,0.0086,0.7092,0.2822,hold,0.342,1.634,0.662
1789343615.0994353,alert,0.0086,0.5759,0.4155,retreat,0.392,1.3569,0.9583
1789343615.3004646,alert,0.0028,0.7301,0.2671,hold,0.343,1.6314,0.6573
1789343615.500433,empty,0.0009,0.2744,0.7247,retreat,0.593,1.3463,0.9813
1789343615.6994905,alert,0.0017,0.842,0.1563,approach,0.395,1.8378,0.3734
1789343615.8981931,alert,0.0032,0.8207,0.1761,approach,0.386,1.8464,0.3782
1789343616.1036417,empty,0.0007,0.4236,0.5757,retreat,0.491,1.3502,0.9702
1789343616.2967985,alert,0.0026,0.6943,0.3031,hold,0.343,1.6358,0.6668
1789343616.4976373,alert,0.0121,0.7886,0.1993,approach,0.376,1.8564,0.3845
1789343616.7030656,alert,0.0083,0.7893,0.2024,approach,0.374,1.858,0.3849
1789343616.9070766,alert,0.0048,0.6856,0.3096,hold,0.343,1.637,0.6689
1789343617.099661,alert,0.005,0.843,0.152,approach,0.397,1.8358,0.3726
1789343617.2972877,alert,0.0067,0.9845,0.0088,approach,0.463,1.7818,0.3385
1789343617.4996762,alert,0.0039,0.6807,0.3154,hold,0.343,1.6377,0.6703
1789343617.6970842,alert,0.0098,0.8572,0.133,approach,0.407,1.8276,0.3684
1789343617.898463,alert,0.0076,0.9299,0.0625,approach,0.439,1.8003,0.3514
1789343618.103141,alert,0.0054,0.9652,0.0294,approach,0.453,1.7887,0.3433
1789343618.2988203,alert,0.0026,0.9713,0.0261,approach,0.455,1.7877,0.3423
1789343618.4976175,alert,0.0014,0.9711,0.0275,approach,0.454,1.7882,0.3425
1789343618.6964586,alert,0.0009,0.9927,0.0064,approach,0.463,1.7812,0.3375
1789343618.897392,alert,0.0005,0.9987,0.0008,approach,0.465,1.7795,0.3361
1789343619.100615,alert,0.0011,0.9989,0.0,approach,0.466,1.7792,0.3359
1789343619.2975216,alert,0.0006,0.9991,0.0003,approach,0.466,1.7793,0.336
1789343619.5040014,alert,0.0073,0.988,0.0047,approach,0.465,1.7805,0.3375
1789343619.7075965,alert,0.0054,0.9919,0.0027,approach,0.465,1.7799,0.3369
1789343619.9109418,alert,0.0041,0.9769,0.019,approach,0.458,1.7853,0.3407
1789343620.102916,alert,0.0009,0.9977,0.0014,approach,0.465,1.7796,0.3363
1789343620.297374,alert,0.0004,0.9996,0.0,approach,0.466,1.7792,0.3359
1789343620.5062938,alert,0.0,0.9999,0.0001,approach,0.466,1.7792,0.3359
1789343620.7015505,alert,0.0001,0.9998,0.0001,approach,0.466,1.7792,0.3359
1789343620.8984976,alert,0.0006,0.9994,0.0,approach,0.466,1.7792,0.3359
1789343622.3086267,alert,0.0028,0.9971,0.0001,approach,0.466,1.7792,0.3361
1789343622.499746,alert,0.0019,0.998,0.0001,approach,0.466,1.7792,0.336
1789343622.6968145,alert,0.0017,0.9982,0.0001,approach,0.466,1.7792,0.336
1789343622.8965561,alert,0.0013,0.9986,0.0001,approach,0.466,1.7792,0.336
1789343623.1106765,alert,0.0058,0.9941,0.0001,approach,0.466,1.7791,0.3363
1789343623.3072805,alert,0.0027,0.9972,0.0001,approach,0.466,1.7792,0.3361
1789343623.4971359,alert,0.0043,0.9957,0.0,approach,0.466,1.7791,0.3362
1789343623.700987,alert,0.002,0.998,0.0,approach,0.466,1.7792,0.336
1789343623.904706,alert,0.0011,0.9989,0.0,approach,0.466,1.7792,0.3359
1789343624.1038065,alert,0.0001,0.9999,0.0,approach,0.466,1.7792,0.3359
1789343624.2986426,alert,0.0065,0.9934,0.0001,approach,0.466,1.779,0.3364
1789343624.4991407,alert,0.0025,0.9974,0.0001,approach,0.466,1.7792,0.3361
1789343624.7082918,alert,0.0313,0.9687,0.0,approach,0.47,1.7782,0.3383
1789343624.898029,alert,0.0163,0.9837,0.0,approach,0.468,1.7787,0.3371
1789343625.1063428,alert,0.0007,0.9993,0.0,approach,0.466,1.7792,0.3359
1789343625.3002608,alert,0.0024,0.9973,0.0003,approach,0.466,1.7792,0.3361
1789343625.501865,alert,0.0203,0.9772,0.0025,approach,0.467,1.7794,0.338
1789343625.6980114,alert,0.0112,0.9849,0.0039,approach,0.465,1.7801,0.3377
1789343625.898097,alert,0.0027,0.9954,0.0019,approach,0.465,1.7797,0.3365
1789343626.1013737,alert,0.0015,0.9883,0.0102,approach,0.461,1.7825,0.3384
1789343626.3047006,alert,0.0005,0.9261,0.0734,approach,0.433,1.8046,0.3535
1789343626.4963615,alert,0.0008,0.8728,0.1264,approach,0.409,1.8253,0.3662
1789343626.7034903,alert,0.0006,0.638,0.3614,retreat,0.361,1.3585,0.9542
1789343626.899362,alert,0.0021,0.9925,0.0054,approach,0.464,1.7809,0.3373
1789343627.1082106,alert,0.0003,0.8889,0.1108,approach,0.416,1.819,0.3624
1789343627.3019445,empty,0.0002,0.1368,0.863,retreat,0.688,1.3439,0.9916
1789343627.5013206,alert,0.0005,0.8086,0.1909,approach,0.378,1.8531,0.3816
1789343627.7005234,alert,0.0005,0.9687,0.0308,approach,0.452,1.7894,0.3433
1789343627.895278,alert,0.0001,0.8898,0.1101,approach,0.416,1.8187,0.3622
1789343628.0997462,alert,0.0002,0.9898,0.01,approach,0.461,1.7824,0.3383
1789343628.3035934,alert,0.0001,0.992,0.0079,approach,0.462,1.7818,0.3378
1789343628.4958055,alert,0.0001,0.9978,0.0021,approach,0.465,1.7799,0.3364
1789343628.701746,alert,0.0012,0.961,0.0378,approach,0.449,1.7918,0.345
1789343628.8985643,alert,0.0002,0.8325,0.1673,approach,0.389,1.8426,0.3759
1789343629.1028082,empty,0.0002,0.3605,0.6393,retreat,0.534,1.3483,0.9749
1789343629.3024595,empty,0.0002,0.087,0.9128,retreat,0.72,1.3434,0.9953
1789343629.5027,empty,0.0004,0.0852,0.9144,retreat,0.721,1.3434,0.9955
1789343629.7245963,empty,0.0012,0.365,0.6338,retreat,0.53,1.3485,0.9745
1789343629.8957508,empty,0.001,0.421,0.578,retreat,0.492,1.3502,0.9704
1789343630.1007187,empty,0.001,0.3675,0.6315,retreat,0.528,1.3486,0.9744
1789343630.3010716,alert,0.0003,0.9989,0.0008,approach,0.465,1.7795,0.3361
1789343630.499643,alert,0.0032,0.9968,0.0,approach,0.466,1.7791,0.3361
1789343630.7002661,alert,0.0006,0.9988,0.0006,approach,0.466,1.7794,0.336
1789343630.9330502,alert,0.0011,0.9988,0.0001,approach,0.466,1.7792,0.336
1789343631.132503,alert,0.0062,0.9938,0.0,approach,0.466,1.779,0.3363
1789343631.3510742,alert,0.0009,0.999,0.0001,approach,0.466,1.7792,0.3359
1789343631.5114615,alert,0.0006,0.999,0.0004,approach,0.466,1.7793,0.336
1789343631.7166445,alert,0.0008,0.9978,0.0014,approach,0.465,1.7796,0.3363
1789343631.9019647,alert,0.013,0.9865,0.0005,approach,0.467,1.779,0.337
1789343632.0988019,alert,0.004,0.9959,0.0001,approach,0.466,1.7791,0.3362
1789343632.298484,alert,0.0011,0.9986,0.0003,approach,0.466,1.7793,0.336
1789343632.4989166,alert,0.0093,0.9865,0.0042,approach,0.465,1.7803,0.3376
1789343632.7010703,alert,0.0001,0.9998,0.0001,approach,0.466,1.7792,0.3359
1789343632.9004772,alert,0.0002,0.999,0.0008,approach,0.465,1.7795,0.3361
1789343633.1064253,alert,0.0,0.9988,0.0012,approach,0.465,1.7796,0.3361
1789343633.3392518,alert,0.0002,0.9956,0.0042,approach,0.464,1.7806,0.3369
1789343633.553079,alert,0.0008,0.85,0.1492,approach,0.398,1.8348,0.3716
1789343633.7077594,alert,0.0004,0.9843,0.0153,approach,0.459,1.7842,0.3395
1789343633.9090025,alert,0.0005,0.9818,0.0177,approach,0.458,1.785,0.3401
1789343634.127653,alert,0.0004,0.9995,0.0001,approach,0.466,1.7792,0.3359
1789343634.3621678,alert,0.0002,0.9931,0.0067,approach,0.463,1.7814,0.3375
1789343634.5020702,alert,0.0003,0.9869,0.0128,approach,0.46,1.7833,0.3389
1789343634.7001474,alert,0.0008,0.9908,0.0084,approach,0.462,1.7819,0.3379
1789343634.9049368,alert,0.0013,0.9669,0.0318,approach,0.452,1.7897,0.3436
1789343635.099687,alert,0.0012,0.9972,0.0016,approach,0.465,1.7797,0.3363
1789343635.3073008,alert,0.0007,0.9918,0.0075,approach,0.463,1.7816,0.3377
1789343635.4978538,alert,0.0012,0.5219,0.4769,retreat,0.428,1.3537,0.9628
1789343635.7040033,alert,0.0038,0.9928,0.0034,approach,0.465,1.7802,0.337
1789343635.91743,alert,0.0032,0.991,0.0058,approach,0.464,1.781,0.3375
1789343636.1004107,alert,0.0025,0.9971,0.0004,approach,0.466,1.7793,0.3361
1789343636.2961826,alert,0.0032,0.9906,0.0062,approach,0.463,1.7811,0.3376
1789343636.4975946,alert,0.0029,0.9898,0.0073,approach,0.463,1.7815,0.3378
1789343636.7158322,alert,0.0052,0.9802,0.0146,approach,0.46,1.7838,0.3398
1789343636.912899,alert,0.0018,0.9886,0.0096,approach,0.462,1.7823,0.3383
1789343637.0976558,alert,0.0031,0.8915,0.1054,approach,0.419,1.8167,0.3613
1789343637.3064206,empty,0.0019,0.4388,0.5593,retreat,0.48,1.3509,0.969
1789343637.519898,empty,0.0008,0.2226,0.7766,retreat,0.629,1.3453,0.9852
1789343637.703507,empty,0.0009,0.3219,0.6772,retreat,0.56,1.3474,0.9778
1789343637.9037623,empty,0.0017,0.4328,0.5655,retreat,0.484,1.3506,0.9694
1789343638.1007555,empty,0.0032,0.4455,0.5513,retreat,0.475,1.3512,0.9684
1789343638.3011923,alert,0.0038,0.6015,0.3947,retreat,0.38,1.3573,0.9567
1789343638.5014753,alert,0.0067,0.8493,0.144,approach,0.401,1.8323,0.3708
1789343638.7174053,alert,0.0082,0.8643,0.1275,approach,0.409,1.8254,0.367
1789343638.915014,alert,0.0412,0.8638,0.095,approach,0.429,1.8111,0.3618
1789343639.1114702,alert,0.0151,0.9783,0.0066,approach,0.465,1.7808,0.3386
1789343639.3049932,alert,0.0175,0.9762,0.0063,approach,0.465,1.7807,0.3387
1789343639.5040534,alert,0.0121,0.9336,0.0543,approach,0.443,1.7972,0.3498
1789343639.6963127,alert,0.0055,0.9633,0.0312,approach,0.453,1.7893,0.3437
1789343639.896393,alert,0.0166,0.9772,0.0062,approach,0.465,1.7807,0.3386
1789343640.097989,alert,0.0057,0.9691,0.0252,approach,0.455,1.7873,0.3423
1789343640.3012652,alert,0.0094,0.9251,0.0655,approach,0.438,1.8013,0.3523
1789343640.4992642,alert,0.0111,0.5407,0.4482,retreat,0.411,1.3558,0.9608
1789343640.6991472,alert,0.0094,0.8138,0.1768,approach,0.386,1.8464,0.3789
1789343640.8962688,alert,0.0015,0.9384,0.0601,approach,0.439,1.7997,0.3503
1789343641.0964205,alert,0.002,0.9616,0.0364,approach,0.45,1.7912,0.3447
1789343641.2989924,alert,0.0004,0.7885,0.2111,approach,0.369,1.8624,0.3864
1789343641.4974554,alert,0.0011,0.82,0.1789,approach,0.384,1.8477,0.3787
1789343641.7058287,empty,0.0002,0.1442,0.8556,retreat,0.683,1.344,0.9911
1789343641.903977,empty,0.0016,0.4267,0.5717,retreat,0.488,1.3504,0.9699
1789343642.097401,alert,0.0049,0.8551,0.14,approach,0.403,1.8307,0.3697
1789343642.3089416,alert,0.0146,0.9222,0.0632,approach,0.44,1.8003,0.3521
1789343642.5229104,alert,0.0474,0.6803,0.2723,approach,0.347,1.8895,0.4047
1789343642.700228,alert,0.017,0.7349,0.2481,approach,0.354,1.8792,0.3965
1789343642.8968897,alert,0.0159,0.9097,0.0744,approach,0.435,1.8043,0.3549
1789343643.097373,alert,0.0237,0.9723,0.004,approach,0.467,1.7797,0.3387
1789343643.300238,alert,0.0186,0.9803,0.0011,approach,0.468,1.779,0.3376
1789343643.498539,alert,0.0109,0.9891,0.0,approach,0.467,1.7789,0.3367
1789343643.7051308,alert,0.0104,0.9895,0.0001,approach,0.467,1.7789,0.3367
1789343643.9007366,alert,0.0029,0.9971,0.0,approach,0.466,1.7791,0.3361
1789343644.1007497,alert,0.0034,0.9963,0.0003,approach,0.466,1.7792,0.3362
1789343644.3146229,alert,0.0076,0.9811,0.0113,approach,0.462,1.7826,0.3392
1789343644.5041554,alert,0.0106,0.9883,0.0011,approach,0.467,1.7792,0.3369
1789343644.7048154,alert,0.013,0.9831,0.0039,approach,0.466,1.78,0.3378
1789343644.8971298,alert,0.0188,0.9807,0.0005,approach,0.468,1.7788,0.3374
1789343645.0959399,alert,0.0503,0.9398,0.0099,approach,0.468,1.7807,0.3422
1789343645.2952106,alert,0.0147,0.9816,0.0037,approach,0.466,1.7799,0.3379
1789343645.499363,alert,0.0089,0.9911,0.0,approach,0.467,1.7789,0.3365
1789343645.6987767,alert,0.0018,0.998,0.0002,approach,0.466,1.7792,0.336
1789343645.9013658,alert,0.0009,0.9939,0.0052,approach,0.464,1.7809,0.3372
1789343646.0982563,alert,0.0016,0.9962,0.0022,approach,0.465,1.7799,0.3365
1789343646.3048112,alert,0.0033,0.9834,0.0133,approach,0.46,1.7834,0.3393
1789343646.5005102,alert,0.0061,0.9838,0.0101,approach,0.462,1.7823,0.3387
1789343646.6964974,empty,0.0161,0.4317,0.5522,retreat,0.477,1.3524,0.9687
1789343646.9040055,empty,0.033,0.1823,0.7847,retreat,0.638,1.3483,0.9863
1789343647.0998912,alert,0.1146,0.7343,0.1511,approach,0.414,1.8303,0.381
1789343647.3008327,alert,0.1373,0.6379,0.2248,approach,0.383,1.8615,0.4004
1789343647.4984362,alert,0.0145,0.9825,0.003,approach,0.466,1.7797,0.3377
1789343647.7046747,alert,0.0068,0.9165,0.0767,approach,0.432,1.8056,0.3547
1789343647.8980417,alert,0.0046,0.9872,0.0082,approach,0.463,1.7817,0.3382
1789343648.0987816,alert,0.0002,0.9995,0.0003,approach,0.466,1.7793,0.3359
1789343648.3034537,alert,0.0007,0.9993,0.0,approach,0.466,1.7792,0.3359
1789343648.507329,alert,0.0012,0.9988,0.0,approach,0.466,1.7792,0.3359
1789343648.711023,alert,0.0002,0.9998,0.0,approach,0.466,1.7792,0.3359
1789343648.9021358,alert,0.0111,0.9828,0.0061,approach,0.464,1.7808,0.3382
1789343649.1015797,alert,0.0166,0.9799,0.0035,approach,0.466,1.7798,0.338
1789343649.29841,alert,0.0037,0.9956,0.0007,approach,0.466,1.7793,0.3363
1789343649.500995,alert,0.0029,0.9961,0.001,approach,0.466,1.7794,0.3363
1789343649.7112741,alert,0.0009,0.9987,0.0004,approach,0.466,1.7793,0.336
1789343649.8995404,alert,0.0022,0.9963,0.0015,approach,0.465,1.7796,0.3364
1789343650.318036,empty,0.0,0.0026,0.9974,retreat,0.772,1.3429,1.0016
1789343650.4989574,empty,0.0002,0.0332,0.9666,retreat,0.754,1.3431,0.9994
1789343650.6967702,empty,0.0001,0.0022,0.9977,retreat,0.773,1.343,1.0017
1789343650.896237,empty,0.0001,0.0021,0.9978,retreat,0.773,1.343,1.0017
1789343651.0970194,empty,0.0001,0.0031,0.9968,retreat,0.772,1.343,1.0016
1789343651.2959642,empty,0.0001,0.0042,0.9957,retreat,0.771,1.343,1.0015
1789343651.49909,empty,0.0001,0.0086,0.9913,retreat,0.769,1.343,1.0012
1789343651.6963038,empty,0.0001,0.0054,0.9945,retreat,0.771,1.343,1.0014
1789343651.898343,empty,0.0,0.0048,0.9952,retreat,0.771,1.343,1.0015
1789343652.0966852,empty,0.0001,0.0073,0.9926,retreat,0.77,1.343,1.0013
1789343652.297831,empty,0.0002,0.0113,0.9885,retreat,0.767,1.343,1.001
1789343652.494706,empty,0.0001,0.0039,0.996,retreat,0.772,1.343,1.0015
1789343652.699737,empty,0.0002,0.0152,0.9846,retreat,0.765,1.343,1.0007
1789343652.9007306,empty,0.0002,0.023,0.9768,retreat,0.76,1.343,1.0001
1789343653.0994925,empty,0.0,0.0084,0.9916,retreat,0.769,1.343,1.0012
1789343653.2974615,empty,0.0001,0.0155,0.9844,retreat,0.765,1.343,1.0007
1789343653.495891,empty,0.0,0.0002,0.9998,retreat,0.774,1.3429,1.0018
1789343653.6966605,empty,0.0,0.0002,0.9998,retreat,0.774,1.3429,1.0018
1789343653.8996387,empty,0.0,0.0002,0.9998,retreat,0.774,1.3429,1.0018
1789343654.10955,empty,0.0,0.0,1.0,retreat,0.774,1.3429,1.0018
1789343654.2964883,empty,0.0,0.0002,0.9998,retreat,0.774,1.3429,1.0018
1789343655.806496,empty,0.0,0.0002,0.9998,retreat,0.774,1.3429,1.0018
1789343655.936348,empty,0.0,0.0066,0.9934,retreat,0.77,1.343,1.0013
1789343656.1001775,empty,0.0,0.0003,0.9997,retreat,0.774,1.3429,1.0018
1789343656.295399,empty,0.0,0.002,0.998,retreat,0.773,1.3429,1.0017
1789343656.5020285,empty,0.0,0.0082,0.9918,retreat,0.769,1.343,1.0012
1789343656.7015452,empty,0.0,0.0007,0.9993,retreat,0.773,1.3429,1.0018
1789343656.9037006,empty,0.0,0.0001,0.9999,retreat,0.774,1.3429,1.0018
1789343657.0974982,empty,0.0,0.001,0.999,retreat,0.773,1.3429,1.0018
1789343657.2952664,empty,0.0,0.0114,0.9886,retreat,0.767,1.343,1.001
1789343657.5013218,alert,0.0038,0.7879,0.2083,approach,0.371,1.861,0.386
1789343657.6972926,alert,0.0011,0.9974,0.0015,approach,0.465,1.7797,0.3363
1789343657.9059424,alert,0.0005,0.7944,0.2051,approach,0.372,1.8596,0.385
1789343658.1054285,alert,0.0006,0.9776,0.0218,approach,0.456,1.7863,0.3411
1789343658.2962935,alert,0.0051,0.9752,0.0197,approach,0.458,1.7855,0.341
1789343658.5023255,alert,0.0014,0.9985,0.0001,approach,0.466,1.7792,0.336
1789343658.7010276,alert,0.0176,0.9824,0.0,approach,0.468,1.7786,0.3372
1789343658.9023426,alert,0.0115,0.9885,0.0,approach,0.467,1.7788,0.3368
1789343659.1131928,alert,0.001,0.999,0.0,approach,0.466,1.7792,0.3359
1789343659.302086,alert,0.0406,0.9594,0.0,approach,0.471,1.7779,0.339
1789343659.5041492,alert,0.0001,0.9999,0.0,approach,0.466,1.7792,0.3359
1789343659.6993806,alert,0.0004,0.9996,0.0,approach,0.466,1.7792,0.3359
1789343659.8988292,alert,0.0001,0.9999,0.0,approach,0.466,1.7792,0.3359
1789343660.0983841,alert,0.0001,0.9999,0.0,approach,0.466,1.7792,0.3359
1789343660.304086,alert,0.0002,0.9998,0.0,approach,0.466,1.7792,0.3359
1789343660.500263,alert,0.002,0.9977,0.0003,approach,0.466,1.7792,0.3361
1789343660.6972697,alert,0.0028,0.9969,0.0003,approach,0.466,1.7792,0.3361
1789343660.9028172,alert,0.0044,0.9955,0.0001,approach,0.466,1.7791,0.3362
1789343661.0993044,alert,0.0096,0.9903,0.0001,approach,0.467,1.7789,0.3366
1789343661.2995396,alert,0.0064,0.9936,0.0,approach,0.467,1.779,0.3364
1789343661.496626,alert,0.0039,0.996,0.0001,approach,0.466,1.7791,0.3362
1789343661.6999898,alert,0.0059,0.9939,0.0002,approach,0.466,1.7791,0.3364
1789343661.9099832,alert,0.0102,0.9891,0.0007,approach,0.467,1.7791,0.3368
1789343662.102429,alert,0.0038,0.9958,0.0004,approach,0.466,1.7792,0.3362
1789343662.299864,alert,0.0102,0.9571,0.0327,approach,0.453,1.7897,0.3445
1789343662.497296,alert,0.0082,0.9904,0.0014,approach,0.466,1.7794,0.3368
1789343662.7095945,alert,0.0194,0.9793,0.0013,approach,0.468,1.779,0.3377
1789343662.9033086,alert,0.0075,0.9607,0.0318,approach,0.453,1.7895,0.344
1789343663.0962741,alert,0.0096,0.8595,0.1309,approach,0.408,1.8267,0.3679
1789343663.2969089,alert,0.0077,0.9439,0.0484,approach,0.445,1.7952,0.348
1789343663.5017903,alert,0.0027,0.7357,0.2616,approach,0.345,1.8867,0.3986
1789343663.6969738,alert,0.0004,0.6283,0.3713,retreat,0.367,1.3581,0.9549
1789343663.898964,empty,0.0004,0.3796,0.62,retreat,0.521,1.3489,0.9735
1789343664.099259,alert,0.0019,0.7455,0.2526,approach,0.349,1.8823,0.3964
1789343664.2987318,alert,0.0008,0.8212,0.178,approach,0.385,1.8473,0.3785
1789343664.507294,alert,0.0055,0.8776,0.1169,approach,0.414,1.8212,0.3642
1789343664.6977694,alert,0.0054,0.9136,0.081,approach,0.43,1.8072,0.3557
1789343664.8971753,alert,0.0321,0.7528,0.2151,approach,0.372,1.8626,0.3898
1789343665.099276,alert,0.0107,0.6949,0.2944,hold,0.342,1.6359,0.6655
1789343665.3040822,alert,0.0041,0.6866,0.3093,hold,0.343,1.6369,0.6687
1789343665.4983416,alert,0.0049,0.7497,0.2454,approach,0.353,1.8786,0.3949
1789343665.6959112,alert,0.0062,0.7675,0.2263,approach,0.362,1.8693,0.3905
1789343665.8994186,alert,0.0103,0.6825,0.3072,hold,0.342,1.6375,0.6689
1789343666.0993867,alert,0.0065,0.8106,0.1829,approach,0.383,1.8492,0.3801
1789343666.2966151,alert,0.0033,0.6024,0.3943,retreat,0.38,1.3573,0.9567
1789343666.4975793,empty,0.0012,0.3676,0.6312,retreat,0.528,1.3486,0.9743
1789343666.7081716,alert,0.0015,0.7676,0.2309,approach,0.359,1.8718,0.3912
1789343666.901404,alert,0.0017,0.7862,0.2121,approach,0.368,1.8628,0.3867
1789343667.0954716,alert,0.0039,0.8655,0.1306,approach,0.407,1.8269,0.3674
1789343667.300503,alert,0.0041,0.5719,0.424,retreat,0.396,1.3561,0.9589
1789343667.4995108,alert,0.0086,0.7092,0.2822,hold,0.342,1.634,0.662
1789343667.7082787,alert,0.0086,0.5759,0.4155,retreat,0.392,1.3569,0.9583
1789343667.9030802,alert,0.0028,0.7301,0.2671,hold,0.343,1.6314,0.6573
1789343668.100645,empty,0.0009,0.2744,0.7247,retreat,0.593,1.3463,0.9813
1789343668.2968364,alert,0.0017,0.842,0.1563,approach,0.395,1.8378,0.3734
1789343668.4969578,alert,0.0032,0.8207,0.1761,approach,0.386,1.8464,0.3782
1789343668.7038405,empty,0.0007,0.4236,0.5757,retreat,0.491,1.3502,0.9702
1789343668.9047923,alert,0.0026,0.6943,0.3031,hold,0.343,1.6358,0.6668
1789343669.101203,alert,0.0121,0.7886,0.1993,approach,0.376,1.8564,0.3845
1789343669.3029392,alert,0.0083,0.7893,0.2024,approach,0.374,1.858,0.3849
1789343669.5036514,alert,0.0048,0.6856,0.3096,hold,0.343,1.637,0.6689
1789343669.6976767,alert,0.005,0.843,0.152,approach,0.397,1.8358,0.3726
1789343669.900529,alert,0.0067,0.9845,0.0088,approach,0.463,1.7818,0.3385
1789343670.1022954,alert,0.0039,0.6807,0.3154,hold,0.343,1.6377,0.6703
1789343670.2980113,alert,0.0098,0.8572,0.133,approach,0.407,1.8276,0.3684
1789343670.4963312,alert,0.0076,0.9299,0.0625,approach,0.439,1.8003,0.3514
1789343670.6959212,alert,0.0054,0.9652,0.0294,approach,0.453,1.7887,0.3433
1789343670.9167552,alert,0.0026,0.9713,0.0261,approach,0.455,1.7877,0.3423
1789343671.0969718,alert,0.0014,0.9711,0.0275,approach,0.454,1.7882,0.3425
1789343671.2961564,alert,0.0009,0.9927,0.0064,approach,0.463,1.7812,0.3375
1789343671.4962168,alert,0.0005,0.9987,0.0008,approach,0.465,1.7795,0.3361
1789343671.6961534,alert,0.0011,0.9989,0.0,approach,0.466,1.7792,0.3359
1789343671.9012911,alert,0.0006,0.9991,0.0003,approach,0.466,1.7793,0.336
1789343672.096015,alert,0.0073,0.988,0.0047,approach,0.465,1.7805,0.3375
1789343672.2965207,alert,0.0054,0.9919,0.0027,approach,0.465,1.7799,0.3369
1789343672.498215,alert,0.0041,0.9769,0.019,approach,0.458,1.7853,0.3407
1789343672.6990016,alert,0.0009,0.9977,0.0014,approach,0.465,1.7796,0.3363
1789343672.8963137,alert,0.0004,0.9996,0.0,approach,0.466,1.7792,0.3359
1789343673.0952363,alert,0.0,0.9999,0.0001,approach,0.466,1.7792,0.3359
1789343673.2969456,alert,0.0001,0.9998,0.0001,approach,0.466,1.7792,0.3359
1789343673.497228,alert,0.0006,0.9994,0.0,approach,0.466,1.7792,0.3359
1789343673.6986847,alert,0.0028,0.9971,0.0001,approach,0.466,1.7792,0.3361
1789343673.8967025,alert,0.0019,0.998,0.0001,approach,0.466,1.7792,0.336
1789343674.0967133,alert,0.0017,0.9982,0.0001,approach,0.466,1.7792,0.336
1789343674.2955737,alert,0.0013,0.9986,0.0001,approach,0.466,1.7792,0.336
1789343674.504733,alert,0.0058,0.9941,0.0001,approach,0.466,1.7791,0.3363
1789343674.6977432,alert,0.0027,0.9972,0.0001,approach,0.466,1.7792,0.3361
1789343674.897434,alert,0.0043,0.9957,0.0,approach,0.466,1.7791,0.3362
1789343675.095965,alert,0.002,0.998,0.0,approach,0.466,1.7792,0.336
1789343675.2980957,alert,0.0011,0.9989,0.0,approach,0.466,1.7792,0.3359
1789343675.496914,alert,0.0001,0.9999,0.0,approach,0.466,1.7792,0.3359
1789343675.699649,alert,0.0065,0.9934,0.0001,approach,0.466,1.779,0.3364
1789343675.9003234,alert,0.0025,0.9974,0.0001,approach,0.466,1.7792,0.3361
1789343676.0999806,alert,0.0313,0.9687,0.0,approach,0.47,1.7782,0.3383
1789343676.2979264,alert,0.0163,0.9837,0.0,approach,0.468,1.7787,0.3371
1789343676.49706,alert,0.0007,0.9993,0.0,approach,0.466,1.7792,0.3359
1789343676.705069,alert,0.0024,0.9973,0.0003,approach,0.466,1.7792,0.3361
1789343676.8970466,alert,0.0203,0.9772,0.0025,approach,0.467,1.7794,0.338
1789343677.0988955,alert,0.0112,0.9849,0.0039,approach,0.465,1.7801,0.3377
1789343677.3064017,alert,0.0027,0.9954,0.0019,approach,0.465,1.7797,0.3365
1789343677.4962149,alert,0.0015,0.9883,0.0102,approach,0.461,1.7825,0.3384
1789343677.7091498,alert,0.0005,0.9261,0.0734,approach,0.433,1.8046,0.3535
1789343677.9070232,alert,0.0008,0.8728,0.1264,approach,0.409,1.8253,0.3662
1789343678.0969486,alert,0.0006,0.638,0.3614,retreat,0.361,1.3585,0.9542
1789343678.2968094,alert,0.0021,0.9925,0.0054,approach,0.464,1.7809,0.3373
1789343678.5012548,alert,0.0003,0.8889,0.1108,approach,0.416,1.819,0.3624
1789343678.7029517,empty,0.0002,0.1368,0.863,retreat,0.688,1.3439,0.9916
1789343678.8963356,alert,0.0005,0.8086,0.1909,approach,0.378,1.8531,0.3816
1789343679.103713,alert,0.0005,0.9687,0.0308,approach,0.452,1.7894,0.3433
1789343679.2973726,alert,0.0001,0.8898,0.1101,approach,0.416,1.8187,0.3622
1789343679.4996128,alert,0.0002,0.9898,0.01,approach,0.461,1.7824,0.3383
1789343679.6961882,alert,0.0001,0.992,0.0079,approach,0.462,1.7818,0.3378
1789343679.9002604,alert,0.0001,0.9978,0.0021,approach,0.465,1.7799,0.3364
1789343680.0969994,alert,0.0012,0.961,0.0378,approach,0.449,1.7918,0.345
1789343680.2964954,alert,0.0002,0.8325,0.1673,approach,0.389,1.8426,0.3759
1789343680.4970772,empty,0.0002,0.3605,0.6393,retreat,0.534,1.3483,0.9749
1789343680.7021427,empty,0.0002,0.087,0.9128,retreat,0.72,1.3434,0.9953
1789343680.8985224,empty,0.0004,0.0852,0.9144,retreat,0.721,1.3434,0.9955
1789343681.0954967,empty,0.0012,0.365,0.6338,retreat,0.53,1.3485,0.9745
1789343681.301481,empty,0.001,0.421,0.578,retreat,0.492,1.3502,0.9704
1789343681.496388,empty,0.001,0.3675,0.6315,retreat,0.528,1.3486,0.9744
1789343681.6967142,alert,0.0003,0.9989,0.0008,approach,0.465,1.7795,0.3361
1789343681.900118,alert,0.0032,0.9968,0.0,approach,0.466,1.7791,0.3361
1789343682.100661,alert,0.0006,0.9988,0.0006,approach,0.466,1.7794,0.336
1789343682.2967062,alert,0.0011,0.9988,0.0001,approach,0.466,1.7792,0.336
1789343682.5009732,alert,0.0062,0.9938,0.0,approach,0.466,1.779,0.3363
1789343682.6968918,alert,0.0009,0.999,0.0001,approach,0.466,1.7792,0.3359
1789343682.8996959,alert,0.0006,0.999,0.0004,approach,0.466,1.7793,0.336
1789343683.095343,alert,0.0008,0.9978,0.0014,approach,0.465,1.7796,0.3363
1789343683.301753,alert,0.013,0.9865,0.0005,approach,0.467,1.779,0.337
1789343683.5002065,alert,0.004,0.9959,0.0001,approach,0.466,1.7791,0.3362
1789343683.6961029,alert,0.0011,0.9986,0.0003,approach,0.466,1.7793,0.336
1789343683.8969538,alert,0.0093,0.9865,0.0042,approach,0.465,1.7803,0.3376
1789343684.1005347,alert,0.0001,0.9998,0.0001,approach,0.466,1.7792,0.3359
1789343684.3014321,alert,0.0002,0.999,0.0008,approach,0.465,1.7795,0.3361
1789343684.4971585,alert,0.0,0.9988,0.0012,approach,0.465,1.7796,0.3361
1789343684.6970642,alert,0.0002,0.9956,0.0042,approach,0.464,1.7806,0.3369
1789343684.8971307,alert,0.0008,0.85,0.1492,approach,0.398,1.8348,0.3716
1789343685.097917,alert,0.0004,0.9843,0.0153,approach,0.459,1.7842,0.3395
1789343685.3024557,alert,0.0005,0.9818,0.0177,approach,0.458,1.785,0.3401
1789343685.505934,alert,0.0004,0.9995,0.0001,approach,0.466,1.7792,0.3359
1789343685.698245,alert,0.0002,0.9931,0.0067,approach,0.463,1.7814,0.3375
1789343685.8971741,alert,0.0003,0.9869,0.0128,approach,0.46,1.7833,0.3389
1789343686.1018808,alert,0.0008,0.9908,0.0084,approach,0.462,1.7819,0.3379
1789343686.3041825,alert,0.0013,0.9669,0.0318,approach,0.452,1.7897,0.3436
1789343686.4961164,alert,0.0012,0.9972,0.0016,approach,0.465,1.7797,0.3363
1789343686.7037392,alert,0.0007,0.9918,0.0075,approach,0.463,1.7816,0.3377
1789343686.902677,alert,0.0012,0.5219,0.4769,retreat,0.428,1.3537,0.9628
1789343687.0989435,alert,0.0038,0.9928,0.0034,approach,0.465,1.7802,0.337
1789343687.3026567,alert,0.0032,0.991,0.0058,approach,0.464,1.781,0.3375
1789343687.4985738,alert,0.0025,0.9971,0.0004,approach,0.466,1.7793,0.3361
1789343687.701223,alert,0.0032,0.9906,0.0062,approach,0.463,1.7811,0.3376
1789343687.9105244,alert,0.0029,0.9898,0.0073,approach,0.463,1.7815,0.3378
1789343688.1088576,alert,0.0052,0.9802,0.0146,approach,0.46,1.7838,0.3398
1789343688.301929,alert,0.0018,0.9886,0.0096,approach,0.462,1.7823,0.3383
1789343688.4969316,alert,0.0031,0.8915,0.1054,approach,0.419,1.8167,0.3613
1789343688.6991498,empty,0.0019,0.4388,0.5593,retreat,0.48,1.3509,0.969
1789343688.8964372,empty,0.0008,0.2226,0.7766,retreat,0.629,1.3453,0.9852
1789343689.1054108,empty,0.0009,0.3219,0.6772,retreat,0.56,1.3474,0.9778
1789343689.3029041,empty,0.0017,0.4328,0.5655,retreat,0.484,1.3506,0.9694
1789343689.5099568,empty,0.0032,0.4455,0.5513,retreat,0.475,1.3512,0.9684
1789343689.7132747,alert,0.0038,0.6015,0.3947,retreat,0.38,1.3573,0.9567
1789343689.899448,alert,0.0067,0.8493,0.144,approach,0.401,1.8323,0.3708
1789343690.096831,alert,0.0082,0.8643,0.1275,approach,0.409,1.8254,0.367
1789343690.3065884,alert,0.0412,0.8638,0.095,approach,0.429,1.8111,0.3618
1789343690.497862,alert,0.0151,0.9783,0.0066,approach,0.465,1.7808,0.3386
1789343690.6991987,alert,0.0175,0.9762,0.0063,approach,0.465,1.7807,0.3387
1789343690.8984582,alert,0.0121,0.9336,0.0543,approach,0.443,1.7972,0.3498
1789343691.0985138,alert,0.0055,0.9633,0.0312,approach,0.453,1.7893,0.3437
1789343691.3000603,alert,0.0166,0.9772,0.0062,approach,0.465,1.7807,0.3386
1789343691.508188,alert,0.0057,0.9691,0.0252,approach,0.455,1.7873,0.3423
1789343691.6969638,alert,0.0094,0.9251,0.0655,approach,0.438,1.8013,0.3523
1789343691.900643,alert,0.0111,0.5407,0.4482,retreat,0.411,1.3558,0.9608
1789343692.1054966,alert,0.0094,0.8138,0.1768,approach,0.386,1.8464,0.3789
1789343692.3044088,alert,0.0015,0.9384,0.0601,approach,0.439,1.7997,0.3503
1789343692.5089617,alert,0.002,0.9616,0.0364,approach,0.45,1.7912,0.3447
1789343692.7055464,alert,0.0004,0.7885,0.2111,approach,0.369,1.8624,0.3864
1789343692.9056187,alert,0.0011,0.82,0.1789,approach,0.384,1.8477,0.3787
1789343693.107241,empty,0.0002,0.1442,0.8556,retreat,0.683,1.344,0.9911
1789343693.3249414,empty,0.0016,0.4267,0.5717,retreat,0.488,1.3504,0.9699
1789343693.5004249,alert,0.0049,0.8551,0.14,approach,0.403,1.8307,0.3697
1789343693.6989584,alert,0.0146,0.9222,0.0632,approach,0.44,1.8003,0.3521
1789343693.916754,alert,0.0474,0.6803,0.2723,approach,0.347,1.8895,0.4047
1789343694.102142,alert,0.017,0.7349,0.2481,approach,0.354,1.8792,0.3965
1789343694.3119454,alert,0.0159,0.9097,0.0744,approach,0.435,1.8043,0.3549
1789343694.5004861,alert,0.0237,0.9723,0.004,approach,0.467,1.7797,0.3387
1789343694.7005742,alert,0.0186,0.9803,0.0011,approach,0.468,1.779,0.3376
1789343694.8967988,alert,0.0109,0.9891,0.0,approach,0.467,1.7789,0.3367
1789343695.1004958,alert,0.0104,0.9895,0.0001,approach,0.467,1.7789,0.3367
1789343695.3045328,alert,0.0029,0.9971,0.0,approach,0.466,1.7791,0.3361
1789343695.507509,alert,0.0034,0.9963,0.0003,approach,0.466,1.7792,0.3362
1789343695.7021575,alert,0.0076,0.9811,0.0113,approach,0.462,1.7826,0.3392
1789343695.9055061,alert,0.0106,0.9883,0.0011,approach,0.467,1.7792,0.3369
1789343696.099834,alert,0.013,0.9831,0.0039,approach,0.466,1.78,0.3378
1789343696.2983563,alert,0.0188,0.9807,0.0005,approach,0.468,1.7788,0.3374
1789343696.4973388,alert,0.0503,0.9398,0.0099,approach,0.468,1.7807,0.3422
1789343696.7091205,alert,0.0147,0.9816,0.0037,approach,0.466,1.7799,0.3379
1789343696.9044304,alert,0.0089,0.9911,0.0,approach,0.467,1.7789,0.3365
1789343697.1016712,alert,0.0018,0.998,0.0002,approach,0.466,1.7792,0.336
1789343697.302811,alert,0.0009,0.9939,0.0052,approach,0.464,1.7809,0.3372
1789343697.499754,alert,0.0016,0.9962,0.0022,approach,0.465,1.7799,0.3365
1789343697.69906,alert,0.0033,0.9834,0.0133,approach,0.46,1.7834,0.3393
1789343697.904541,alert,0.0061,0.9838,0.0101,approach,0.462,1.7823,0.3387
1789343698.1051881,empty,0.0161,0.4317,0.5522,retreat,0.477,1.3524,0.9687
1789343698.306077,empty,0.033,0.1823,0.7847,retreat,0.638,1.3483,0.9863
1789343698.4996881,alert,0.1146,0.7343,0.1511,approach,0.414,1.8303,0.381
1789343698.7017186,alert,0.1373,0.6379,0.2248,approach,0.383,1.8615,0.4004
1789343698.9006639,alert,0.0145,0.9825,0.003,approach,0.466,1.7797,0.3377
1789343699.1051588,alert,0.0068,0.9165,0.0767,approach,0.432,1.8056,0.3547
1789343699.302883,alert,0.0046,0.9872,0.0082,approach,0.463,1.7817,0.3382
1789343699.499439,alert,0.0002,0.9995,0.0003,approach,0.466,1.7793,0.3359
1789343699.7014973,alert,0.0007,0.9993,0.0,approach,0.466,1.7792,0.3359
1789343699.9022775,alert,0.0012,0.9988,0.0,approach,0.466,1.7792,0.3359
1789343700.099244,alert,0.0002,0.9998,0.0,approach,0.466,1.7792,0.3359
1789343700.305475,alert,0.0111,0.9828,0.0061,approach,0.464,1.7808,0.3382
1789343700.496484,alert,0.0166,0.9799,0.0035,approach,0.466,1.7798,0.338
1789343700.6990767,alert,0.0037,0.9956,0.0007,approach,0.466,1.7793,0.3363
1789343700.897277,alert,0.0029,0.9961,0.001,approach,0.466,1.7794,0.3363
1789343701.1046214,alert,0.0009,0.9987,0.0004,approach,0.466,1.7793,0.336
1789343701.299799,alert,0.0022,0.9963,0.0015,approach,0.465,1.7796,0.3364
1789343701.7148983,empty,0.0,0.0026,0.9974,retreat,0.772,1.3429,1.0016
1789343701.915573,empty,0.0002,0.0332,0.9666,retreat,0.754,1.3431,0.9994
1789343702.0964565,empty,0.0001,0.0022,0.9977,retreat,0.773,1.343,1.0017
1789343702.2968898,empty,0.0001,0.0021,0.9978,retreat,0.773,1.343,1.0017
1789343702.5011718,empty,0.0001,0.0031,0.9968,retreat,0.772,1.343,1.0016
1789343702.6966586,empty,0.0001,0.0042,0.9957,retreat,0.771,1.343,1.0015
1789343702.9005418,empty,0.0001,0.0086,0.9913,retreat,0.769,1.343,1.0012
1789343703.098144,empty,0.0001,0.0054,0.9945,retreat,0.771,1.343,1.0014
1789343703.300601,empty,0.0,0.0048,0.9952,retreat,0.771,1.343,1.0015
1789343703.5039892,empty,0.0001,0.0073,0.9926,retreat,0.77,1.343,1.0013
1789343703.7011013,empty,0.0002,0.0113,0.9885,retreat,0.767,1.343,1.001
1789343703.9003031,empty,0.0001,0.0039,0.996,retreat,0.772,1.343,1.0015
1789343704.1093323,empty,0.0002,0.0152,0.9846,retreat,0.765,1.343,1.0007
1789343704.3021982,empty,0.0002,0.023,0.9768,retreat,0.76,1.343,1.0001
1789343704.5002367,empty,0.0,0.0084,0.9916,retreat,0.769,1.343,1.0012
1789343704.7165794,empty,0.0001,0.0155,0.9844,retreat,0.765,1.343,1.0007
1789343704.905984,empty,0.0,0.0002,0.9998,retreat,0.774,1.3429,1.0018
1789343705.1122487,empty,0.0,0.0002,0.9998,retreat,0.774,1.3429,1.0018
1789343705.2965431,empty,0.0,0.0002,0.9998,retreat,0.774,1.3429,1.0018
1789343705.5036428,empty,0.0,0.0,1.0,retreat,0.774,1.3429,1.0018
1789343705.699513,empty,0.0,0.0002,0.9998,retreat,0.774,1.3429,1.0018
1789343705.9088957,empty,0.0,0.0002,0.9998,retreat,0.774,1.3429,1.0018
1789343706.1029859,empty,0.0,0.0066,0.9934,retreat,0.77,1.343,1.0013
1789343706.3012822,empty,0.0,0.0003,0.9997,retreat,0.774,1.3429,1.0018
1789343706.4961898,empty,0.0,0.002,0.998,retreat,0.773,1.3429,1.0017
1789343706.7130113,empty,0.0,0.0082,0.9918,retreat,0.769,1.343,1.0012
1789343706.905932,empty,0.0,0.0007,0.9993,retreat,0.773,1.3429,1.0018
1789343707.0962887,empty,0.0,0.0001,0.9999,retreat,0.774,1.3429,1.0018
1789343707.2996182,empty,0.0,0.001,0.999,retreat,0.773,1.3429,1.0018
1789343707.4962595,empty,0.0,0.0114,0.9886,retreat,0.767,1.343,1.001
1789343707.698615,alert,0.0038,0.7879,0.2083,approach,0.371,1.861,0.386
1789343707.8966103,alert,0.0011,0.9974,0.0015,approach,0.465,1.7797,0.3363
1789343708.0972488,alert,0.0005,0.7944,0.2051,approach,0.372,1.8596,0.385
1789343708.3099635,alert,0.0006,0.9776,0.0218,approach,0.456,1.7863,0.3411
1789343708.4996994,alert,0.0051,0.9752,0.0197,approach,0.458,1.7855,0.341
1789343708.7005434,alert,0.0014,0.9985,0.0001,approach,0.466,1.7792,0.336
1789343708.9013462,alert,0.0176,0.9824,0.0,approach,0.468,1.7786,0.3372
1789343709.1134071,alert,0.0115,0.9885,0.0,approach,0.467,1.7788,0.3368
1789343709.3040957,alert,0.001,0.999,0.0,approach,0.466,1.7792,0.3359
1789343709.494779,alert,0.0406,0.9594,0.0,approach,0.471,1.7779,0.339
1789343709.7109258,alert,0.0001,0.9999,0.0,approach,0.466,1.7792,0.3359
1789343709.9026513,alert,0.0004,0.9996,0.0,approach,0.466,1.7792,0.3359
1789343710.1124835,alert,0.0001,0.9999,0.0,approach,0.466,1.7792,0.3359
1789343710.3106172,alert,0.0001,0.9999,0.0,approach,0.466,1.7792,0.3359
1789343710.505537,alert,0.0002,0.9998,0.0,approach,0.466,1.7792,0.3359
1789343710.7088337,alert,0.002,0.9977,0.0003,approach,0.466,1.7792,0.3361
1789343710.9093568,alert,0.0028,0.9969,0.0003,approach,0.466,1.7792,0.3361
1789343711.100813,alert,0.0044,0.9955,0.0001,approach,0.466,1.7791,0.3362
1789343711.3046296,alert,0.0096,0.9903,0.0001,approach,0.467,1.7789,0.3366
1789343711.5077076,alert,0.0064,0.9936,0.0,approach,0.467,1.779,0.3364
1789343711.6996207,alert,0.0039,0.996,0.0001,approach,0.466,1.7791,0.3362
1789343711.898558,alert,0.0059,0.9939,0.0002,approach,0.466,1.7791,0.3364
1789343712.1095893,alert,0.0102,0.9891,0.0007,approach,0.467,1.7791,0.3368
1789343712.3008118,alert,0.0038,0.9958,0.0004,approach,0.466,1.7792,0.3362
1789343712.500395,alert,0.0102,0.9571,0.0327,approach,0.453,1.7897,0.3445
1789343712.70849,alert,0.0082,0.9904,0.0014,approach,0.466,1.7794,0.3368
1789343712.9018726,alert,0.0194,0.9793,0.0013,approach,0.468,1.779,0.3377
1789343713.095928,alert,0.0075,0.9607,0.0318,approach,0.453,1.7895,0.344
1789343713.300058,alert,0.0096,0.8595,0.1309,approach,0.408,1.8267,0.3679
1789343713.4975703,alert,0.0077,0.9439,0.0484,approach,0.445,1.7952,0.348
1789343713.6957746,alert,0.0027,0.7357,0.2616,approach,0.345,1.8867,0.3986
1789343713.8967648,alert,0.0004,0.6283,0.3713,retreat,0.367,1.3581,0.9549
1789343714.096345,empty,0.0004,0.3796,0.62,retreat,0.521,1.3489,0.9735
1789343714.2998772,alert,0.0019,0.7455,0.2526,approach,0.349,1.8823,0.3964
1789343714.5012002,alert,0.0008,0.8212,0.178,approach,0.385,1.8473,0.3785
1789343714.69706,alert,0.0055,0.8776,0.1169,approach,0.414,1.8212,0.3642
1789343714.903159,alert,0.0054,0.9136,0.081,approach,0.43,1.8072,0.3557
1789343715.1059246,alert,0.0321,0.7528,0.2151,approach,0.372,1.8626,0.3898
1789343715.2983704,alert,0.0107,0.6949,0.2944,hold,0.342,1.6359,0.6655
1789343715.4957857,alert,0.0041,0.6866,0.3093,hold,0.343,1.6369,0.6687
1789343715.699,alert,0.0049,0.7497,0.2454,approach,0.353,1.8786,0.3949
1789343715.9189837,alert,0.0062,0.7675,0.2263,approach,0.362,1.8693,0.3905
1789343716.0991063,alert,0.0103,0.6825,0.3072,hold,0.342,1.6375,0.6689
1789343716.3166904,alert,0.0065,0.8106,0.1829,approach,0.383,1.8492,0.3801
1789343716.5132277,alert,0.0033,0.6024,0.3943,retreat,0.38,1.3573,0.9567
1789343716.700663,empty,0.0012,0.3676,0.6312,retreat,0.528,1.3486,0.9743
1789343716.9006844,alert,0.0015,0.7676,0.2309,approach,0.359,1.8718,0.3912
1789343717.0998385,alert,0.0017,0.7862,0.2121,approach,0.368,1.8628,0.3867
1789343717.2969894,alert,0.0039,0.8655,0.1306,approach,0.407,1.8269,0.3674
1789343717.5043874,alert,0.0041,0.5719,0.424,retreat,0.396,1.3561,0.9589
1789343717.6976967,alert,0.0086,0.7092,0.2822,hold,0.342,1.634,0.662
1789343717.9007409,alert,0.0086,0.5759,0.4155,retreat,0.392,1.3569,0.9583
1789343718.098659,alert,0.0028,0.7301,0.2671,hold,0.343,1.6314,0.6573
1789343718.309628,empty,0.0009,0.2744,0.7247,retreat,0.593,1.3463,0.9813
1789343718.4983563,alert,0.0017,0.842,0.1563,approach,0.395,1.8378,0.3734
1789343718.7043364,alert,0.0032,0.8207,0.1761,approach,0.386,1.8464,0.3782
1789343718.9005105,empty,0.0007,0.4236,0.5757,retreat,0.491,1.3502,0.9702
1789343719.119522,alert,0.0026,0.6943,0.3031,hold,0.343,1.6358,0.6668
1789343719.3205843,alert,0.0121,0.7886,0.1993,approach,0.376,1.8564,0.3845
1789343719.504844,alert,0.0083,0.7893,0.2024,approach,0.374,1.858,0.3849
1789343719.6971016,alert,0.0048,0.6856,0.3096,hold,0.343,1.637,0.6689
1789343719.9168415,alert,0.005,0.843,0.152,approach,0.397,1.8358,0.3726
1789343720.1136382,alert,0.0067,0.9845,0.0088,approach,0.463,1.7818,0.3385
1789343720.3130703,alert,0.0039,0.6807,0.3154,hold,0.343,1.6377,0.6703
1789343720.5003126,alert,0.0098,0.8572,0.133,approach,0.407,1.8276,0.3684
1789343720.7120905,alert,0.0076,0.9299,0.0625,approach,0.439,1.8003,0.3514
1789343720.9018059,alert,0.0054,0.9652,0.0294,approach,0.453,1.7887,0.3433
1789343721.1090775,alert,0.0026,0.9713,0.0261,approach,0.455,1.7877,0.3423
1789343721.3057516,alert,0.0014,0.9711,0.0275,approach,0.454,1.7882,0.3425
1789343721.4992285,alert,0.0009,0.9927,0.0064,approach,0.463,1.7812,0.3375
1789343721.7001305,alert,0.0005,0.9987,0.0008,approach,0.465,1.7795,0.3361
1789343721.9083412,alert,0.0011,0.9989,0.0,approach,0.466,1.7792,0.3359
1789343722.1126707,alert,0.0006,0.9991,0.0003,approach,0.466,1.7793,0.336
1789343722.301541,alert,0.0073,0.988,0.0047,approach,0.465,1.7805,0.3375
1789343722.5248835,alert,0.0054,0.9919,0.0027,approach,0.465,1.7799,0.3369
1789343722.7021818,alert,0.0041,0.9769,0.019,approach,0.458,1.7853,0.3407
1789343722.910328,alert,0.0009,0.9977,0.0014,approach,0.465,1.7796,0.3363
1789343723.0963492,alert,0.0004,0.9996,0.0,approach,0.466,1.7792,0.3359
1789343723.3010833,alert,0.0,0.9999,0.0001,approach,0.466,1.7792,0.3359
1789343723.5044367,alert,0.0001,0.9998,0.0001,approach,0.466,1.7792,0.3359
1789343723.699523,alert,0.0006,0.9994,0.0,approach,0.466,1.7792,0.3359
1789343723.8996458,alert,0.0028,0.9971,0.0001,approach,0.466,1.7792,0.3361
1789343724.1123278,alert,0.0019,0.998,0.0001,approach,0.466,1.7792,0.336
1789343724.3091674,alert,0.0017,0.9982,0.0001,approach,0.466,1.7792,0.336
1789343724.5174408,alert,0.0013,0.9986,0.0001,approach,0.466,1.7792,0.336
1789343724.7067158,alert,0.0058,0.9941,0.0001,approach,0.466,1.7791,0.3363
1789343724.9109967,alert,0.0027,0.9972,0.0001,approach,0.466,1.7792,0.3361
1789343725.1001313,alert,0.0043,0.9957,0.0,approach,0.466,1.7791,0.3362
1789343725.315176,alert,0.002,0.998,0.0,approach,0.466,1.7792,0.336
1789343725.5223181,alert,0.0011,0.9989,0.0,approach,0.466,1.7792,0.3359
1789343725.7135117,alert,0.0001,0.9999,0.0,approach,0.466,1.7792,0.3359
1789343725.9070501,alert,0.0065,0.9934,0.0001,approach,0.466,1.779,0.3364
1789343726.1056402,alert,0.0025,0.9974,0.0001,approach,0.466,1.7792,0.3361
1789343726.3181155,alert,0.0313,0.9687,0.0,approach,0.47,1.7782,0.3383
1789343726.5172744,alert,0.0163,0.9837,0.0,approach,0.468,1.7787,0.3371
1789343726.701133,alert,0.0007,0.9993,0.0,approach,0.466,1.7792,0.3359
1789343726.9015245,alert,0.0024,0.9973,0.0003,approach,0.466,1.7792,0.3361
1789343727.1018345,alert,0.0203,0.9772,0.0025,approach,0.467,1.7794,0.338
1789343727.328082,alert,0.0112,0.9849,0.0039,approach,0.465,1.7801,0.3377
1789343727.5193343,alert,0.0027,0.9954,0.0019,approach,0.465,1.7797,0.3365
1789343727.7302523,alert,0.0015,0.9883,0.0102,approach,0.461,1.7825,0.3384
1789343727.9076064,alert,0.0005,0.9261,0.0734,approach,0.433,1.8046,0.3535
1789343728.105147,alert,0.0008,0.8728,0.1264,approach,0.409,1.8253,0.3662
1789343728.3406568,alert,0.0006,0.638,0.3614,retreat,0.361,1.3585,0.9542
1789343728.5209525,alert,0.0021,0.9925,0.0054,approach,0.464,1.7809,0.3373
1789343728.714111,alert,0.0003,0.8889,0.1108,approach,0.416,1.819,0.3624
1789343728.90356,empty,0.0002,0.1368,0.863,retreat,0.688,1.3439,0.9916
1789343729.1088614,alert,0.0005,0.8086,0.1909,approach,0.378,1.8531,0.3816
1789343729.3024511,alert,0.0005,0.9687,0.0308,approach,0.452,1.7894,0.3433
1789343729.53102,alert,0.0001,0.8898,0.1101,approach,0.416,1.8187,0.3622
1789343729.7009149,alert,0.0002,0.9898,0.01,approach,0.461,1.7824,0.3383
1789343729.908553,alert,0.0001,0.992,0.0079,approach,0.462,1.7818,0.3378
1789343730.1212175,alert,0.0001,0.9978,0.0021,approach,0.465,1.7799,0.3364
1789343730.3005283,alert,0.0012,0.961,0.0378,approach,0.449,1.7918,0.345
1789343730.4972086,alert,0.0002,0.8325,0.1673,approach,0.389,1.8426,0.3759
1789343730.6983995,empty,0.0002,0.3605,0.6393,retreat,0.534,1.3483,0.9749
1789343730.903382,empty,0.0002,0.087,0.9128,retreat,0.72,1.3434,0.9953
1789343731.1085126,empty,0.0004,0.0852,0.9144,retreat,0.721,1.3434,0.9955
1789343731.298455,empty,0.0012,0.365,0.6338,retreat,0.53,1.3485,0.9745
1789343731.515066,empty,0.001,0.421,0.578,retreat,0.492,1.3502,0.9704
1789343731.7046325,empty,0.001,0.3675,0.6315,retreat,0.528,1.3486,0.9744
1789343731.9042342,alert,0.0003,0.9989,0.0008,approach,0.465,1.7795,0.3361
1789343732.1080306,alert,0.0032,0.9968,0.0,approach,0.466,1.7791,0.3361
1789343732.3088171,alert,0.0006,0.9988,0.0006,approach,0.466,1.7794,0.336
1789343732.4978282,alert,0.0011,0.9988,0.0001,approach,0.466,1.7792,0.336
1789343732.699598,alert,0.0062,0.9938,0.0,approach,0.466,1.779,0.3363
1789343732.9009647,alert,0.0009,0.999,0.0001,approach,0.466,1.7792,0.3359
1789343733.100463,alert,0.0006,0.999,0.0004,approach,0.466,1.7793,0.336
1789343733.3191125,alert,0.0008,0.9978,0.0014,approach,0.465,1.7796,0.3363
1789343733.5020413,alert,0.013,0.9865,0.0005,approach,0.467,1.779,0.337
1789343733.7020957,alert,0.004,0.9959,0.0001,approach,0.466,1.7791,0.3362
1789343733.9011314,alert,0.0011,0.9986,0.0003,approach,0.466,1.7793,0.336
1789343734.095797,alert,0.0093,0.9865,0.0042,approach,0.465,1.7803,0.3376
1789343734.3018339,alert,0.0001,0.9998,0.0001,approach,0.466,1.7792,0.3359
1789343734.5044007,alert,0.0002,0.999,0.0008,approach,0.465,1.7795,0.3361
1789343734.6993244,alert,0.0,0.9988,0.0012,approach,0.465,1.7796,0.3361
1789343734.8992913,alert,0.0002,0.9956,0.0042,approach,0.464,1.7806,0.3369
1789343735.116074,alert,0.0008,0.85,0.1492,approach,0.398,1.8348,0.3716
1789343735.305446,alert,0.0004,0.9843,0.0153,approach,0.459,1.7842,0.3395
1789343735.5030646,alert,0.0005,0.9818,0.0177,approach,0.458,1.785,0.3401
1789343735.6971061,alert,0.0004,0.9995,0.0001,approach,0.466,1.7792,0.3359
1789343735.9003837,alert,0.0002,0.9931,0.0067,approach,0.463,1.7814,0.3375
1789343736.1106036,alert,0.0003,0.9869,0.0128,approach,0.46,1.7833,0.3389
1789343736.3232956,alert,0.0008,0.9908,0.0084,approach,0.462,1.7819,0.3379
1789343736.500722,alert,0.0013,0.9669,0.0318,approach,0.452,1.7897,0.3436
1789343736.699689,alert,0.0012,0.9972,0.0016,approach,0.465,1.7797,0.3363
1789343736.9136846,alert,0.0007,0.9918,0.0075,approach,0.463,1.7816,0.3377
1789343737.1002288,alert,0.0012,0.5219,0.4769,retreat,0.428,1.3537,0.9628
1789343737.30267,alert,0.0038,0.9928,0.0034,approach,0.465,1.7802,0.337
1789343737.5,alert,0.0032,0.991,0.0058,approach,0.464,1.781,0.3375
1789343737.7042077,alert,0.0025,0.9971,0.0004,approach,0.466,1.7793,0.3361
1789343737.907978,alert,0.0032,0.9906,0.0062,approach,0.463,1.7811,0.3376
1789343738.1017263,alert,0.0029,0.9898,0.0073,approach,0.463,1.7815,0.3378
1789343738.298672,alert,0.0052,0.9802,0.0146,approach,0.46,1.7838,0.3398
1789343738.4999218,alert,0.0018,0.9886,0.0096,approach,0.462,1.7823,0.3383
1789343738.7101033,alert,0.0031,0.8915,0.1054,approach,0.419,1.8167,0.3613
1789343738.9038012,empty,0.0019,0.4388,0.5593,retreat,0.48,1.3509,0.969
1789343739.0965846,empty,0.0008,0.2226,0.7766,retreat,0.629,1.3453,0.9852
1789343739.2999344,empty,0.0009,0.3219,0.6772,retreat,0.56,1.3474,0.9778
1789343739.4994133,empty,0.0017,0.4328,0.5655,retreat,0.484,1.3506,0.9694
1789343739.704227,empty,0.0032,0.4455,0.5513,retreat,0.475,1.3512,0.9684
1789343739.9034781,alert,0.0038,0.6015,0.3947,retreat,0.38,1.3573,0.9567
1789343740.104188,alert,0.0067,0.8493,0.144,approach,0.401,1.8323,0.3708
1789343740.3058074,alert,0.0082,0.8643,0.1275,approach,0.409,1.8254,0.367
1789343740.5042775,alert,0.0412,0.8638,0.095,approach,0.429,1.8111,0.3618
1789343740.6968126,alert,0.0151,0.9783,0.0066,approach,0.465,1.7808,0.3386
1789343740.9103093,alert,0.0175,0.9762,0.0063,approach,0.465,1.7807,0.3387
1789343741.1121063,alert,0.0121,0.9336,0.0543,approach,0.443,1.7972,0.3498
1789343741.3082674,alert,0.0055,0.9633,0.0312,approach,0.453,1.7893,0.3437
1789343741.511988,alert,0.0166,0.9772,0.0062,approach,0.465,1.7807,0.3386
1789343741.7164867,alert,0.0057,0.9691,0.0252,approach,0.455,1.7873,0.3423
1789343741.9063365,alert,0.0094,0.9251,0.0655,approach,0.438,1.8013,0.3523
1789343742.110369,alert,0.0111,0.5407,0.4482,retreat,0.411,1.3558,0.9608
1789343742.296756,alert,0.0094,0.8138,0.1768,approach,0.386,1.8464,0.3789
1789343742.5123904,alert,0.0015,0.9384,0.0601,approach,0.439,1.7997,0.3503
1789343742.7124624,alert,0.002,0.9616,0.0364,approach,0.45,1.7912,0.3447
1789343742.897325,alert,0.0004,0.7885,0.2111,approach,0.369,1.8624,0.3864
1789343743.1141553,alert,0.0011,0.82,0.1789,approach,0.384,1.8477,0.3787
1789343743.3376992,empty,0.0002,0.1442,0.8556,retreat,0.683,1.344,0.9911
1789343743.5154884,empty,0.0016,0.4267,0.5717,retreat,0.488,1.3504,0.9699
1789343743.6986487,alert,0.0049,0.8551,0.14,approach,0.403,1.8307,0.3697
1789343743.901359,alert,0.0146,0.9222,0.0632,approach,0.44,1.8003,0.3521
1789343745.3102727,alert,0.0474,0.6803,0.2723,approach,0.347,1.8895,0.4047
1789343745.4981637,alert,0.017,0.7349,0.2481,approach,0.354,1.8792,0.3965
1789343745.704263,alert,0.0159,0.9097,0.0744,approach,0.435,1.8043,0.3549
1789343745.917238,alert,0.0237,0.9723,0.004,approach,0.467,1.7797,0.3387
1789343746.107416,alert,0.0186,0.9803,0.0011,approach,0.468,1.779,0.3376
1789343746.3030076,alert,0.0109,0.9891,0.0,approach,0.467,1.7789,0.3367
1789343746.5016882,alert,0.0104,0.9895,0.0001,approach,0.467,1.7789,0.3367
1789343746.7065823,alert,0.0029,0.9971,0.0,approach,0.466,1.7791,0.3361
1789343746.8999033,alert,0.0034,0.9963,0.0003,approach,0.466,1.7792,0.3362
1789343747.100596,alert,0.0076,0.9811,0.0113,approach,0.462,1.7826,0.3392
1789343747.2994087,alert,0.0106,0.9883,0.0011,approach,0.467,1.7792,0.3369
1789343747.507395,alert,0.013,0.9831,0.0039,approach,0.466,1.78,0.3378
1789343747.7053397,alert,0.0188,0.9807,0.0005,approach,0.468,1.7788,0.3374
1789343747.9035003,alert,0.0503,0.9398,0.0099,approach,0.468,1.7807,0.3422
1789343748.1088111,alert,0.0147,0.9816,0.0037,approach,0.466,1.7799,0.3379
1789343748.2995348,alert,0.0089,0.9911,0.0,approach,0.467,1.7789,0.3365
1789343748.5051808,alert,0.0018,0.998,0.0002,approach,0.466,1.7792,0.336
1789343748.7164848,alert,0.0009,0.9939,0.0052,approach,0.464,1.7809,0.3372
1789343748.9123158,alert,0.0016,0.9962,0.0022,approach,0.465,1.7799,0.3365
1789343749.0965168,alert,0.0033,0.9834,0.0133,approach,0.46,1.7834,0.3393
1789343749.2963595,alert,0.0061,0.9838,0.0101,approach,0.462,1.7823,0.3387
1789343749.5122921,empty,0.0161,0.4317,0.5522,retreat,0.477,1.3524,0.9687
1789343749.7070491,empty,0.033,0.1823,0.7847,retreat,0.638,1.3483,0.9863
1789343749.909675,alert,0.1146,0.7343,0.1511,approach,0.414,1.8303,0.381
1789343750.100296,alert,0.1373,0.6379,0.2248,approach,0.383,1.8615,0.4004
1789343750.303005,alert,0.0145,0.9825,0.003,approach,0.466,1.7797,0.3377
1789343750.4997985,alert,0.0068,0.9165,0.0767,approach,0.432,1.8056,0.3547
1789343750.6983912,alert,0.0046,0.9872,0.0082,approach,0.463,1.7817,0.3382
1789343750.9011889,alert,0.0002,0.9995,0.0003,approach,0.466,1.7793,0.3359
1789343751.100066,alert,0.0007,0.9993,0.0,approach,0.466,1.7792,0.3359
1789343751.3118305,alert,0.0012,0.9988,0.0,approach,0.466,1.7792,0.3359
1789343751.5010588,alert,0.0002,0.9998,0.0,approach,0.466,1.7792,0.3359
1789343751.70251,alert,0.0111,0.9828,0.0061,approach,0.464,1.7808,0.3382
1789343751.9018602,alert,0.0166,0.9799,0.0035,approach,0.466,1.7798,0.338
1789343752.103953,alert,0.0037,0.9956,0.0007,approach,0.466,1.7793,0.3363
1789343752.307881,alert,0.0029,0.9961,0.001,approach,0.466,1.7794,0.3363
1789343752.497671,alert,0.0009,0.9987,0.0004,approach,0.466,1.7793,0.336
1789343752.7070067,alert,0.0022,0.9963,0.0015,approach,0.465,1.7796,0.3364
1789343753.1284318,empty,0.0,0.0026,0.9974,retreat,0.772,1.3429,1.0016
1789343753.3033528,empty,0.0002,0.0332,0.9666,retreat,0.754,1.3431,0.9994
1789343753.5086057,empty,0.0001,0.0022,0.9977,retreat,0.773,1.343,1.0017
1789343753.70891,empty,0.0001,0.0021,0.9978,retreat,0.773,1.343,1.0017
1789343753.9042964,empty,0.0001,0.0031,0.9968,retreat,0.772,1.343,1.0016
1789343754.105886,empty,0.0001,0.0042,0.9957,retreat,0.771,1.343,1.0015
1789343754.2971885,empty,0.0001,0.0086,0.9913,retreat,0.769,1.343,1.0012
1789343754.5002372,empty,0.0001,0.0054,0.9945,retreat,0.771,1.343,1.0014
1789343754.7076128,empty,0.0,0.0048,0.9952,retreat,0.771,1.343,1.0015
1789343754.9041388,empty,0.0001,0.0073,0.9926,retreat,0.77,1.343,1.0013
1789343755.098875,empty,0.0002,0.0113,0.9885,retreat,0.767,1.343,1.001
1789343755.299712,empty,0.0001,0.0039,0.996,retreat,0.772,1.343,1.0015
1789343755.507961,empty,0.0002,0.0152,0.9846,retreat,0.765,1.343,1.0007
1789343755.7123694,empty,0.0002,0.023,0.9768,retreat,0.76,1.343,1.0001
1789343755.902089,empty,0.0,0.0084,0.9916,retreat,0.769,1.343,1.0012
1789343756.103925,empty,0.0001,0.0155,0.9844,retreat,0.765,1.343,1.0007
1789343756.316186,empty,0.0,0.0002,0.9998,retreat,0.774,1.3429,1.0018
1789343756.5041268,empty,0.0,0.0002,0.9998,retreat,0.774,1.3429,1.0018
1789343756.7163322,empty,0.0,0.0002,0.9998,retreat,0.774,1.3429,1.0018
1789343756.9063141,empty,0.0,0.0,1.0,retreat,0.774,1.3429,1.0018
1789343757.1125286,empty,0.0,0.0002,0.9998,retreat,0.774,1.3429,1.0018
1789343757.3013825,empty,0.0,0.0002,0.9998,retreat,0.774,1.3429,1.0018
1789343757.4994948,empty,0.0,0.0066,0.9934,retreat,0.77,1.343,1.0013
1789343757.701435,empty,0.0,0.0003,0.9997,retreat,0.774,1.3429,1.0018
1789343757.9020486,empty,0.0,0.002,0.998,retreat,0.773,1.3429,1.0017
1789343758.1037142,empty,0.0,0.0082,0.9918,retreat,0.769,1.343,1.0012
1789343758.3043106,empty,0.0,0.0007,0.9993,retreat,0.773,1.3429,1.0018
1789343758.500765,empty,0.0,0.0001,0.9999,retreat,0.774,1.3429,1.0018
1789343758.70769,empty,0.0,0.001,0.999,retreat,0.773,1.3429,1.0018
1789343758.9101772,empty,0.0,0.0114,0.9886,retreat,0.767,1.343,1.001
1789343759.1052752,alert,0.0038,0.7879,0.2083,approach,0.371,1.861,0.386
1789343759.3056893,alert,0.0011,0.9974,0.0015,approach,0.465,1.7797,0.3363
1789343759.5044518,alert,0.0005,0.7944,0.2051,approach,0.372,1.8596,0.385
1789343759.703672,alert,0.0006,0.9776,0.0218,approach,0.456,1.7863,0.3411
1789343759.9041998,alert,0.0051,0.9752,0.0197,approach,0.458,1.7855,0.341
1789343760.1072476,alert,0.0014,0.9985,0.0001,approach,0.466,1.7792,0.336
1789343760.313163,alert,0.0176,0.9824,0.0,approach,0.468,1.7786,0.3372
1789343760.5142317,alert,0.0115,0.9885,0.0,approach,0.467,1.7788,0.3368
1789343760.7172265,alert,0.001,0.999,0.0,approach,0.466,1.7792,0.3359
1789343760.9135537,alert,0.0406,0.9594,0.0,approach,0.471,1.7779,0.339
1789343761.100102,alert,0.0001,0.9999,0.0,approach,0.466,1.7792,0.3359
1789343761.308228,alert,0.0004,0.9996,0.0,approach,0.466,1.7792,0.3359
1789343761.5102491,alert,0.0001,0.9999,0.0,approach,0.466,1.7792,0.3359
1789343761.7019267,alert,0.0001,0.9999,0.0,approach,0.466,1.7792,0.3359
1789343761.9128778,alert,0.0002,0.9998,0.0,approach,0.466,1.7792,0.3359
1789343762.1230564,alert,0.002,0.9977,0.0003,approach,0.466,1.7792,0.3361
1789343762.3116608,alert,0.0028,0.9969,0.0003,approach,0.466,1.7792,0.3361
1789343762.5199301,alert,0.0044,0.9955,0.0001,approach,0.466,1.7791,0.3362
1789343762.7158844,alert,0.0096,0.9903,0.0001,approach,0.467,1.7789,0.3366
1789343762.915591,alert,0.0064,0.9936,0.0,approach,0.467,1.779,0.3364
1789343763.1130521,alert,0.0039,0.996,0.0001,approach,0.466,1.7791,0.3362
1789343763.3086264,alert,0.0059,0.9939,0.0002,approach,0.466,1.7791,0.3364
1789343763.5145028,alert,0.0102,0.9891,0.0007,approach,0.467,1.7791,0.3368
1789343763.7151458,alert,0.0038,0.9958,0.0004,approach,0.466,1.7792,0.3362
1789343763.9084811,alert,0.0102,0.9571,0.0327,approach,0.453,1.7897,0.3445
1789343764.1011214,alert,0.0082,0.9904,0.0014,approach,0.466,1.7794,0.3368
1789343764.3072221,alert,0.0194,0.9793,0.0013,approach,0.468,1.779,0.3377
1789343764.5163977,alert,0.0075,0.9607,0.0318,approach,0.453,1.7895,0.344
1789343764.712593,alert,0.0096,0.8595,0.1309,approach,0.408,1.8267,0.3679
1789343764.8974352,alert,0.0077,0.9439,0.0484,approach,0.445,1.7952,0.348
1789343765.1080713,alert,0.0027,0.7357,0.2616,approach,0.345,1.8867,0.3986
1789343765.3044002,alert,0.0004,0.6283,0.3713,retreat,0.367,1.3581,0.9549
1789343765.4972131,empty,0.0004,0.3796,0.62,retreat,0.521,1.3489,0.9735
1789343765.7020967,alert,0.0019,0.7455,0.2526,approach,0.349,1.8823,0.3964
1789343765.906154,alert,0.0008,0.8212,0.178,approach,0.385,1.8473,0.3785
1789343766.1081681,alert,0.0055,0.8776,0.1169,approach,0.414,1.8212,0.3642
1789343766.3025043,alert,0.0054,0.9136,0.081,approach,0.43,1.8072,0.3557
1789343766.5298665,alert,0.0321,0.7528,0.2151,approach,0.372,1.8626,0.3898
1789343766.7070067,alert,0.0107,0.6949,0.2944,hold,0.342,1.6359,0.6655
1789343766.906594,alert,0.0041,0.6866,0.3093,hold,0.343,1.6369,0.6687
1789343767.1082308,alert,0.0049,0.7497,0.2454,approach,0.353,1.8786,0.3949
1789343767.2966542,alert,0.0062,0.7675,0.2263,approach,0.362,1.8693,0.3905
1789343767.501837,alert,0.0103,0.6825,0.3072,hold,0.342,1.6375,0.6689
1789343767.7041605,alert,0.0065,0.8106,0.1829,approach,0.383,1.8492,0.3801
1789343767.9045112,alert,0.0033,0.6024,0.3943,retreat,0.38,1.3573,0.9567
1789343768.0973072,empty,0.0012,0.3676,0.6312,retreat,0.528,1.3486,0.9743
1789343768.3020468,alert,0.0015,0.7676,0.2309,approach,0.359,1.8718,0.3912
1789343768.5013397,alert,0.0017,0.7862,0.2121,approach,0.368,1.8628,0.3867
1789343768.7017586,alert,0.0039,0.8655,0.1306,approach,0.407,1.8269,0.3674
1789343768.900692,alert,0.0041,0.5719,0.424,retreat,0.396,1.3561,0.9589
1789343769.1071882,alert,0.0086,0.7092,0.2822,hold,0.342,1.634,0.662
1789343769.319439,alert,0.0086,0.5759,0.4155,retreat,0.392,1.3569,0.9583
1789343769.51085,alert,0.0028,0.7301,0.2671,hold,0.343,1.6314,0.6573
1789343769.7130306,empty,0.0009,0.2744,0.7247,retreat,0.593,1.3463,0.9813
1789343769.911468,alert,0.0017,0.842,0.1563,approach,0.395,1.8378,0.3734
1789343770.1124508,alert,0.0032,0.8207,0.1761,approach,0.386,1.8464,0.3782
1789343770.3084168,empty,0.0007,0.4236,0.5757,retreat,0.491,1.3502,0.9702
1789343770.5029237,alert,0.0026,0.6943,0.3031,hold,0.343,1.6358,0.6668
1789343770.7002418,alert,0.0121,0.7886,0.1993,approach,0.376,1.8564,0.3845
1789343770.905043,alert,0.0083,0.7893,0.2024,approach,0.374,1.858,0.3849
1789343771.0983229,alert,0.0048,0.6856,0.3096,hold,0.343,1.637,0.6689
1789343771.319658,alert,0.005,0.843,0.152,approach,0.397,1.8358,0.3726
1789343771.5030289,alert,0.0067,0.9845,0.0088,approach,0.463,1.7818,0.3385
1789343771.7037134,alert,0.0039,0.6807,0.3154,hold,0.343,1.6377,0.6703
1789343771.9009192,alert,0.0098,0.8572,0.133,approach,0.407,1.8276,0.3684
1789343772.1127195,alert,0.0076,0.9299,0.0625,approach,0.439,1.8003,0.3514
1789343772.3000395,alert,0.0054,0.9652,0.0294,approach,0.453,1.7887,0.3433
1789343772.4998937,alert,0.0026,0.9713,0.0261,approach,0.455,1.7877,0.3423
1789343772.7072184,alert,0.0014,0.9711,0.0275,approach,0.454,1.7882,0.3425
1789343772.902844,alert,0.0009,0.9927,0.0064,approach,0.463,1.7812,0.3375
1789343773.1019433,alert,0.0005,0.9987,0.0008,approach,0.465,1.7795,0.3361
1789343773.3069642,alert,0.0011,0.9989,0.0,approach,0.466,1.7792,0.3359
1789343773.5041237,alert,0.0006,0.9991,0.0003,approach,0.466,1.7793,0.336
1789343773.7015855,alert,0.0073,0.988,0.0047,approach,0.465,1.7805,0.3375
1789343773.9106688,alert,0.0054,0.9919,0.0027,approach,0.465,1.7799,0.3369
1789343774.1049132,alert,0.0041,0.9769,0.019,approach,0.458,1.7853,0.3407
1789343774.302238,alert,0.0009,0.9977,0.0014,approach,0.465,1.7796,0.3363
1789343774.5050054,alert,0.0004,0.9996,0.0,approach,0.466,1.7792,0.3359
1789343774.7008584,alert,0.0,0.9999,0.0001,approach,0.466,1.7792,0.3359
1789343774.897136,alert,0.0001,0.9998,0.0001,approach,0.466,1.7792,0.3359
1789343775.0996146,alert,0.0006,0.9994,0.0,approach,0.466,1.7792,0.3359
1789343775.2996852,alert,0.0028,0.9971,0.0001,approach,0.466,1.7792,0.3361
1789343775.5013554,alert,0.0019,0.998,0.0001,approach,0.466,1.7792,0.336
1789343775.7037446,alert,0.0017,0.9982,0.0001,approach,0.466,1.7792,0.336
1789343775.8987794,alert,0.0013,0.9986,0.0001,approach,0.466,1.7792,0.336
1789343776.0955594,alert,0.0058,0.9941,0.0001,approach,0.466,1.7791,0.3363
1789343776.298435,alert,0.0027,0.9972,0.0001,approach,0.466,1.7792,0.3361
1789343776.4996474,alert,0.0043,0.9957,0.0,approach,0.466,1.7791,0.3362
1789343776.6981916,alert,0.002,0.998,0.0,approach,0.466,1.7792,0.336
1789343776.896813,alert,0.0011,0.9989,0.0,approach,0.466,1.7792,0.3359
1789343777.104478,alert,0.0001,0.9999,0.0,approach,0.466,1.7792,0.3359
1789343777.299871,alert,0.0065,0.9934,0.0001,approach,0.466,1.779,0.3364
1789343777.5002382,alert,0.0025,0.9974,0.0001,approach,0.466,1.7792,0.3361
1789343777.6966014,alert,0.0313,0.9687,0.0,approach,0.47,1.7782,0.3383
1789343777.906648,alert,0.0163,0.9837,0.0,approach,0.468,1.7787,0.3371
1789343778.0990915,alert,0.0007,0.9993,0.0,approach,0.466,1.7792,0.3359
1789343778.2995505,alert,0.0024,0.9973,0.0003,approach,0.466,1.7792,0.3361
1789343778.5016994,alert,0.0203,0.9772,0.0025,approach,0.467,1.7794,0.338
1789343778.7061534,alert,0.0112,0.9849,0.0039,approach,0.465,1.7801,0.3377
1789343778.9040778,alert,0.0027,0.9954,0.0019,approach,0.465,1.7797,0.3365
1789343779.0998392,alert,0.0015,0.9883,0.0102,approach,0.461,1.7825,0.3384
1789343779.3053856,alert,0.0005,0.9261,0.0734,approach,0.433,1.8046,0.3535
1789343779.5107439,alert,0.0008,0.8728,0.1264,approach,0.409,1.8253,0.3662
1789343779.7162066,alert,0.0006,0.638,0.3614,retreat,0.361,1.3585,0.9542
1789343779.9097724,alert,0.0021,0.9925,0.0054,approach,0.464,1.7809,0.3373
1789343780.1018012,alert,0.0003,0.8889,0.1108,approach,0.416,1.819,0.3624
1789343780.2973075,empty,0.0002,0.1368,0.863,retreat,0.688,1.3439,0.9916
1789343780.5004013,alert,0.0005,0.8086,0.1909,approach,0.378,1.8531,0.3816
1789343780.6990914,alert,0.0005,0.9687,0.0308,approach,0.452,1.7894,0.3433
1789343780.899189,alert,0.0001,0.8898,0.1101,approach,0.416,1.8187,0.3622
1789343781.0998087,alert,0.0002,0.9898,0.01,approach,0.461,1.7824,0.3383
1789343781.2982323,alert,0.0001,0.992,0.0079,approach,0.462,1.7818,0.3378
1789343781.5002923,alert,0.0001,0.9978,0.0021,approach,0.465,1.7799,0.3364
1789343781.7029302,alert,0.0012,0.961,0.0378,approach,0.449,1.7918,0.345
1789343781.896069,alert,0.0002,0.8325,0.1673,approach,0.389,1.8426,0.3759
1789343782.098079,empty,0.0002,0.3605,0.6393,retreat,0.534,1.3483,0.9749
1789343782.3081381,empty,0.0002,0.087,0.9128,retreat,0.72,1.3434,0.9953
1789343782.5015168,empty,0.0004,0.0852,0.9144,retreat,0.721,1.3434,0.9955
1789343782.6999853,empty,0.0012,0.365,0.6338,retreat,0.53,1.3485,0.9745
1789343782.8998709,empty,0.001,0.421,0.578,retreat,0.492,1.3502,0.9704
1789343783.111942,empty,0.001,0.3675,0.6315,retreat,0.528,1.3486,0.9744
1789343783.3291497,alert,0.0003,0.9989,0.0008,approach,0.465,1.7795,0.3361
1789343783.5126915,alert,0.0032,0.9968,0.0,approach,0.466,1.7791,0.3361
1789343783.7146604,alert,0.0006,0.9988,0.0006,approach,0.466,1.7794,0.336
1789343783.903629,alert,0.0011,0.9988,0.0001,approach,0.466,1.7792,0.336
1789343784.106785,alert,0.0062,0.9938,0.0,approach,0.466,1.779,0.3363
1789343784.30106,alert,0.0009,0.999,0.0001,approach,0.466,1.7792,0.3359
1789343784.5189407,alert,0.0006,0.999,0.0004,approach,0.466,1.7793,0.336
1789343784.712781,alert,0.0008,0.9978,0.0014,approach,0.465,1.7796,0.3363
1789343784.9047532,alert,0.013,0.9865,0.0005,approach,0.467,1.779,0.337
1789343785.0996795,alert,0.004,0.9959,0.0001,approach,0.466,1.7791,0.3362
1789343785.3106618,alert,0.0011,0.9986,0.0003,approach,0.466,1.7793,0.336
1789343785.4997435,alert,0.0093,0.9865,0.0042,approach,0.465,1.7803,0.3376
1789343785.7012868,alert,0.0001,0.9998,0.0001,approach,0.466,1.7792,0.3359
1789343785.9032638,alert,0.0002,0.999,0.0008,approach,0.465,1.7795,0.3361
1789343786.099647,alert,0.0,0.9988,0.0012,approach,0.465,1.7796,0.3361
1789343786.320518,alert,0.0002,0.9956,0.0042,approach,0.464,1.7806,0.3369
1789343786.5076318,alert,0.0008,0.85,0.1492,approach,0.398,1.8348,0.3716
1789343786.6981819,alert,0.0004,0.9843,0.0153,approach,0.459,1.7842,0.3395
1789343786.9084048,alert,0.0005,0.9818,0.0177,approach,0.458,1.785,0.3401
1789343787.1256223,alert,0.0004,0.9995,0.0001,approach,0.466,1.7792,0.3359
1789343787.307851,alert,0.0002,0.9931,0.0067,approach,0.463,1.7814,0.3375
1789343787.5083466,alert,0.0003,0.9869,0.0128,approach,0.46,1.7833,0.3389
1789343787.7004523,alert,0.0008,0.9908,0.0084,approach,0.462,1.7819,0.3379
1789343787.8966877,alert,0.0013,0.9669,0.0318,approach,0.452,1.7897,0.3436
1789343788.103953,alert,0.0012,0.9972,0.0016,approach,0.465,1.7797,0.3363
1789343788.3119102,alert,0.0007,0.9918,0.0075,approach,0.463,1.7816,0.3377
1789343788.513346,alert,0.0012,0.5219,0.4769,retreat,0.428,1.3537,0.9628
1789343788.7008328,alert,0.0038,0.9928,0.0034,approach,0.465,1.7802,0.337
1789343788.9112802,alert,0.0032,0.991,0.0058,approach,0.464,1.781,0.3375
1789343789.1045907,alert,0.0025,0.9971,0.0004,approach,0.466,1.7793,0.3361
1789343789.3038182,alert,0.0032,0.9906,0.0062,approach,0.463,1.7811,0.3376
1789343789.510927,alert,0.0029,0.9898,0.0073,approach,0.463,1.7815,0.3378
1789343789.7062461,alert,0.0052,0.9802,0.0146,approach,0.46,1.7838,0.3398
1789343789.897663,alert,0.0018,0.9886,0.0096,approach,0.462,1.7823,0.3383
1789343790.108111,alert,0.0031,0.8915,0.1054,approach,0.419,1.8167,0.3613
1789343790.2968678,empty,0.0019,0.4388,0.5593,retreat,0.48,1.3509,0.969
1789343790.5062706,empty,0.0008,0.2226,0.7766,retreat,0.629,1.3453,0.9852
1789343790.6992095,empty,0.0009,0.3219,0.6772,retreat,0.56,1.3474,0.9778
1789343790.9129646,empty,0.0017,0.4328,0.5655,retreat,0.484,1.3506,0.9694
1789343791.1017807,empty,0.0032,0.4455,0.5513,retreat,0.475,1.3512,0.9684
1789343791.3097942,alert,0.0038,0.6015,0.3947,retreat,0.38,1.3573,0.9567
1789343791.5045993,alert,0.0067,0.8493,0.144,approach,0.401,1.8323,0.3708
1789343791.7040727,alert,0.0082,0.8643,0.1275,approach,0.409,1.8254,0.367
1789343791.9021864,alert,0.0412,0.8638,0.095,approach,0.429,1.8111,0.3618
1789343792.107742,alert,0.0151,0.9783,0.0066,approach,0.465,1.7808,0.3386
1789343792.315887,alert,0.0175,0.9762,0.0063,approach,0.465,1.7807,0.3387
1789343792.5124347,alert,0.0121,0.9336,0.0543,approach,0.443,1.7972,0.3498
1789343792.7090688,alert,0.0055,0.9633,0.0312,approach,0.453,1.7893,0.3437
1789343792.9054594,alert,0.0166,0.9772,0.0062,approach,0.465,1.7807,0.3386
1789343793.1154566,alert,0.0057,0.9691,0.0252,approach,0.455,1.7873,0.3423
1789343793.2994788,alert,0.0094,0.9251,0.0655,approach,0.438,1.8013,0.3523
1789343793.5128932,alert,0.0111,0.5407,0.4482,retreat,0.411,1.3558,0.9608
1789343793.7053823,alert,0.0094,0.8138,0.1768,approach,0.386,1.8464,0.3789
1789343793.9095278,alert,0.0015,0.9384,0.0601,approach,0.439,1.7997,0.3503
1789343794.1157107,alert,0.002,0.9616,0.0364,approach,0.45,1.7912,0.3447
1789343794.3252795,alert,0.0004,0.7885,0.2111,approach,0.369,1.8624,0.3864
1789343794.514038,alert,0.0011,0.82,0.1789,approach,0.384,1.8477,0.3787
1789343794.7129169,empty,0.0002,0.1442,0.8556,retreat,0.683,1.344,0.9911
1789343794.908331,empty,0.0016,0.4267,0.5717,retreat,0.488,1.3504,0.9699
1789343795.107848,alert,0.0049,0.8551,0.14,approach,0.403,1.8307,0.3697
1789343795.3104577,alert,0.0146,0.9222,0.0632,approach,0.44,1.8003,0.3521
1789343795.5011652,alert,0.0474,0.6803,0.2723,approach,0.347,1.8895,0.4047
1789343795.700271,alert,0.017,0.7349,0.2481,approach,0.354,1.8792,0.3965
1789343795.8960278,alert,0.0159,0.9097,0.0744,approach,0.435,1.8043,0.3549
1789343796.0980783,alert,0.0237,0.9723,0.004,approach,0.467,1.7797,0.3387
1789343796.3061128,alert,0.0186,0.9803,0.0011,approach,0.468,1.779,0.3376
1789343796.5285347,alert,0.0109,0.9891,0.0,approach,0.467,1.7789,0.3367
1789343796.7256544,alert,0.0104,0.9895,0.0001,approach,0.467,1.7789,0.3367
1789343796.9082966,alert,0.0029,0.9971,0.0,approach,0.466,1.7791,0.3361
1789343797.103437,alert,0.0034,0.9963,0.0003,approach,0.466,1.7792,0.3362
1789343797.314509,alert,0.0076,0.9811,0.0113,approach,0.462,1.7826,0.3392
1789343797.500516,alert,0.0106,0.9883,0.0011,approach,0.467,1.7792,0.3369
1789343797.6988935,alert,0.013,0.9831,0.0039,approach,0.466,1.78,0.3378
1789343797.910583,alert,0.0188,0.9807,0.0005,approach,0.468,1.7788,0.3374
1789343798.1016905,alert,0.0503,0.9398,0.0099,approach,0.468,1.7807,0.3422
1789343798.3135474,alert,0.0147,0.9816,0.0037,approach,0.466,1.7799,0.3379
1789343798.5093145,alert,0.0089,0.9911,0.0,approach,0.467,1.7789,0.3365
1789343798.697036,alert,0.0018,0.998,0.0002,approach,0.466,1.7792,0.336
1789343798.9096973,alert,0.0009,0.9939,0.0052,approach,0.464,1.7809,0.3372
1789343799.104529,alert,0.0016,0.9962,0.0022,approach,0.465,1.7799,0.3365
1789343799.2990777,alert,0.0033,0.9834,0.0133,approach,0.46,1.7834,0.3393
1789343799.4989312,alert,0.0061,0.9838,0.0101,approach,0.462,1.7823,0.3387
1789343799.7386446,empty,0.0161,0.4317,0.5522,retreat,0.477,1.3524,0.9687
1789343799.924493,empty,0.033,0.1823,0.7847,retreat,0.638,1.3483,0.9863
1789343800.101746,alert,0.1146,0.7343,0.1511,approach,0.414,1.8303,0.381
1789343800.3080883,alert,0.1373,0.6379,0.2248,approach,0.383,1.8615,0.4004
1789343800.5269058,alert,0.0145,0.9825,0.003,approach,0.466,1.7797,0.3377
1789343800.7016618,alert,0.0068,0.9165,0.0767,approach,0.432,1.8056,0.3547
1789343800.9077451,alert,0.0046,0.9872,0.0082,approach,0.463,1.7817,0.3382
1789343801.1060405,alert,0.0002,0.9995,0.0003,approach,0.466,1.7793,0.3359
1789343801.300918,alert,0.0007,0.9993,0.0,approach,0.466,1.7792,0.3359
1789343801.5027754,alert,0.0012,0.9988,0.0,approach,0.466,1.7792,0.3359
1789343801.741057,alert,0.0002,0.9998,0.0,approach,0.466,1.7792,0.3359
1789343801.9460435,alert,0.0111,0.9828,0.0061,approach,0.464,1.7808,0.3382
1789343802.1037705,alert,0.0166,0.9799,0.0035,approach,0.466,1.7798,0.338
1789343802.3009427,alert,0.0037,0.9956,0.0007,approach,0.466,1.7793,0.3363
1789343802.514899,alert,0.0029,0.9961,0.001,approach,0.466,1.7794,0.3363
1789343802.7254996,alert,0.0009,0.9987,0.0004,approach,0.466,1.7793,0.336
1789343802.900433,alert,0.0022,0.9963,0.0015,approach,0.465,1.7796,0.3364
1789343803.3719492,empty,0.0,0.0026,0.9974,retreat,0.772,1.3429,1.0016
1789343803.5330746,empty,0.0002,0.0332,0.9666,retreat,0.754,1.3431,0.9994
1789343803.700622,empty,0.0001,0.0022,0.9977,retreat,0.773,1.343,1.0017
1789343803.9102676,empty,0.0001,0.0021,0.9978,retreat,0.773,1.343,1.0017
1789343804.099222,empty,0.0001,0.0031,0.9968,retreat,0.772,1.343,1.0016
1789343804.3053763,empty,0.0001,0.0042,0.9957,retreat,0.771,1.343,1.0015
1789343804.5154338,empty,0.0001,0.0086,0.9913,retreat,0.769,1.343,1.0012
1789343804.7052534,empty,0.0001,0.0054,0.9945,retreat,0.771,1.343,1.0014
1789343804.9026632,empty,0.0,0.0048,0.9952,retreat,0.771,1.343,1.0015
1789343805.1127448,empty,0.0001,0.0073,0.9926,retreat,0.77,1.343,1.0013
1789343805.3156714,empty,0.0002,0.0113,0.9885,retreat,0.767,1.343,1.001
1789343805.5140095,empty,0.0001,0.0039,0.996,retreat,0.772,1.343,1.0015
1789343805.7198727,empty,0.0002,0.0152,0.9846,retreat,0.765,1.343,1.0007
1789343805.9062738,empty,0.0002,0.023,0.9768,retreat,0.76,1.343,1.0001
1789343806.0991304,empty,0.0,0.0084,0.9916,retreat,0.769,1.343,1.0012
1789343806.2995346,empty,0.0001,0.0155,0.9844,retreat,0.765,1.343,1.0007
1789343806.498531,empty,0.0,0.0002,0.9998,retreat,0.774,1.3429,1.0018
1789343806.715501,empty,0.0,0.0002,0.9998,retreat,0.774,1.3429,1.0018
1789343806.9119163,empty,0.0,0.0002,0.9998,retreat,0.774,1.3429,1.0018
1789343807.1019237,empty,0.0,0.0,1.0,retreat,0.774,1.3429,1.0018
1789343807.30793,empty,0.0,0.0002,0.9998,retreat,0.774,1.3429,1.0018
1789343807.5039594,empty,0.0,0.0002,0.9998,retreat,0.774,1.3429,1.0018
1789343807.7020032,empty,0.0,0.0066,0.9934,retreat,0.77,1.343,1.0013
1789343807.9061162,empty,0.0,0.0003,0.9997,retreat,0.774,1.3429,1.0018
1789343808.120747,empty,0.0,0.002,0.998,retreat,0.773,1.3429,1.0017
1789343808.3046012,empty,0.0,0.0082,0.9918,retreat,0.769,1.343,1.0012
1789343808.508361,empty,0.0,0.0007,0.9993,retreat,0.773,1.3429,1.0018
1789343808.704893,empty,0.0,0.0001,0.9999,retreat,0.774,1.3429,1.0018
1789343808.9038181,empty,0.0,0.001,0.999,retreat,0.773,1.3429,1.0018
1789343809.1078868,empty,0.0,0.0114,0.9886,retreat,0.767,1.343,1.001
1789343809.301388,alert,0.0038,0.7879,0.2083,approach,0.371,1.861,0.386
1789343809.5126653,alert,0.0011,0.9974,0.0015,approach,0.465,1.7797,0.3363
1789343809.709242,alert,0.0005,0.7944,0.2051,approach,0.372,1.8596,0.385
1789343809.9007673,alert,0.0006,0.9776,0.0218,approach,0.456,1.7863,0.3411
1789343810.106255,alert,0.0051,0.9752,0.0197,approach,0.458,1.7855,0.341
1789343810.3044305,alert,0.0014,0.9985,0.0001,approach,0.466,1.7792,0.336
1789343810.51102,alert,0.0176,0.9824,0.0,approach,0.468,1.7786,0.3372
1789343810.716419,alert,0.0115,0.9885,0.0,approach,0.467,1.7788,0.3368
1789343810.9108539,alert,0.001,0.999,0.0,approach,0.466,1.7792,0.3359
1789343811.121823,alert,0.0406,0.9594,0.0,approach,0.471,1.7779,0.339
1789343811.3173666,alert,0.0001,0.9999,0.0,approach,0.466,1.7792,0.3359
1789343811.5033095,alert,0.0004,0.9996,0.0,approach,0.466,1.7792,0.3359
1789343811.7100437,alert,0.0001,0.9999,0.0,approach,0.466,1.7792,0.3359
1789343811.90983,alert,0.0001,0.9999,0.0,approach,0.466,1.7792,0.3359
1789343812.1224043,alert,0.0002,0.9998,0.0,approach,0.466,1.7792,0.3359
1789343812.3159227,alert,0.002,0.9977,0.0003,approach,0.466,1.7792,0.3361
1789343812.5035439,alert,0.0028,0.9969,0.0003,approach,0.466,1.7792,0.3361
1789343812.707804,alert,0.0044,0.9955,0.0001,approach,0.466,1.7791,0.3362
1789343812.8979166,alert,0.0096,0.9903,0.0001,approach,0.467,1.7789,0.3366
1789343813.1005557,alert,0.0064,0.9936,0.0,approach,0.467,1.779,0.3364
1789343813.3239326,alert,0.0039,0.996,0.0001,approach,0.466,1.7791,0.3362
1789343813.5079558,alert,0.0059,0.9939,0.0002,approach,0.466,1.7791,0.3364
1789343813.7240276,alert,0.0102,0.9891,0.0007,approach,0.467,1.7791,0.3368
1789343813.9043622,alert,0.0038,0.9958,0.0004,approach,0.466,1.7792,0.3362
1789343814.1011007,alert,0.0102,0.9571,0.0327,approach,0.453,1.7897,0.3445
1789343814.3019028,alert,0.0082,0.9904,0.0014,approach,0.466,1.7794,0.3368
1789343814.5137067,alert,0.0194,0.9793,0.0013,approach,0.468,1.779,0.3377
1789343814.7137132,alert,0.0075,0.9607,0.0318,approach,0.453,1.7895,0.344
1789343814.8965733,alert,0.0096,0.8595,0.1309,approach,0.408,1.8267,0.3679
1789343815.1112401,alert,0.0077,0.9439,0.0484,approach,0.445,1.7952,0.348
1789343815.3043585,alert,0.0027,0.7357,0.2616,approach,0.345,1.8867,0.3986
1789343815.504167,alert,0.0004,0.6283,0.3713,retreat,0.367,1.3581,0.9549
1789343815.715939,empty,0.0004,0.3796,0.62,retreat,0.521,1.3489,0.9735
1789343815.9079833,alert,0.0019,0.7455,0.2526,approach,0.349,1.8823,0.3964
1789343816.117148,alert,0.0008,0.8212,0.178,approach,0.385,1.8473,0.3785
1789343816.3217986,alert,0.0055,0.8776,0.1169,approach,0.414,1.8212,0.3642
1789343816.5240624,alert,0.0054,0.9136,0.081,approach,0.43,1.8072,0.3557
1789343816.7066772,alert,0.0321,0.7528,0.2151,approach,0.372,1.8626,0.3898
1789343816.8999338,alert,0.0107,0.6949,0.2944,hold,0.342,1.6359,0.6655
1789343817.1204505,alert,0.0041,0.6866,0.3093,hold,0.343,1.6369,0.6687
1789343817.312175,alert,0.0049,0.7497,0.2454,approach,0.353,1.8786,0.3949
1789343817.5037463,alert,0.0062,0.7675,0.2263,approach,0.362,1.8693,0.3905
1789343817.7032468,alert,0.0103,0.6825,0.3072,hold,0.342,1.6375,0.6689
1789343817.9128344,alert,0.0065,0.8106,0.1829,approach,0.383,1.8492,0.3801
1789343818.1081202,alert,0.0033,0.6024,0.3943,retreat,0.38,1.3573,0.9567
1789343818.3028612,empty,0.0012,0.3676,0.6312,retreat,0.528,1.3486,0.9743
1789343818.5047927,alert,0.0015,0.7676,0.2309,approach,0.359,1.8718,0.3912
1789343818.720133,alert,0.0017,0.7862,0.2121,approach,0.368,1.8628,0.3867
1789343818.9024487,alert,0.0039,0.8655,0.1306,approach,0.407,1.8269,0.3674
1789343819.1128788,alert,0.0041,0.5719,0.424,retreat,0.396,1.3561,0.9589
1789343819.3070679,alert,0.0086,0.7092,0.2822,hold,0.342,1.634,0.662
1789343819.5168188,alert,0.0086,0.5759,0.4155,retreat,0.392,1.3569,0.9583
1789343819.701388,alert,0.0028,0.7301,0.2671,hold,0.343,1.6314,0.6573
1789343819.9190447,empty,0.0009,0.2744,0.7247,retreat,0.593,1.3463,0.9813
1789343820.1141248,alert,0.0017,0.842,0.1563,approach,0.395,1.8378,0.3734
1789343820.3222716,alert,0.0032,0.8207,0.1761,approach,0.386,1.8464,0.3782
1789343820.5077765,empty,0.0007,0.4236,0.5757,retreat,0.491,1.3502,0.9702
1789343820.7124302,alert,0.0026,0.6943,0.3031,hold,0.343,1.6358,0.6668
1789343820.9081922,alert,0.0121,0.7886,0.1993,approach,0.376,1.8564,0.3845
1789343821.1041803,alert,0.0083,0.7893,0.2024,approach,0.374,1.858,0.3849
1789343821.332172,alert,0.0048,0.6856,0.3096,hold,0.343,1.637,0.6689
1789343821.51206,alert,0.005,0.843,0.152,approach,0.397,1.8358,0.3726
1789343821.7436993,alert,0.0067,0.9845,0.0088,approach,0.463,1.7818,0.3385
1789343821.9850707,alert,0.0039,0.6807,0.3154,hold,0.343,1.6377,0.6703
1789343822.1846313,alert,0.0098,0.8572,0.133,approach,0.407,1.8276,0.3684
1789343822.316141,alert,0.0076,0.9299,0.0625,approach,0.439,1.8003,0.3514
1789343822.5071948,alert,0.0054,0.9652,0.0294,approach,0.453,1.7887,0.3433
1789343822.6998997,alert,0.0026,0.9713,0.0261,approach,0.455,1.7877,0.3423
1789343822.9341328,alert,0.0014,0.9711,0.0275,approach,0.454,1.7882,0.3425
1789343823.135108,alert,0.0009,0.9927,0.0064,approach,0.463,1.7812,0.3375
1789343823.3316615,alert,0.0005,0.9987,0.0008,approach,0.465,1.7795,0.3361
1789343823.5020285,alert,0.0011,0.9989,0.0,approach,0.466,1.7792,0.3359
1789343823.7041318,alert,0.0006,0.9991,0.0003,approach,0.466,1.7793,0.336
1789343823.90852,alert,0.0073,0.988,0.0047,approach,0.465,1.7805,0.3375
1789343824.1231182,alert,0.0054,0.9919,0.0027,approach,0.465,1.7799,0.3369
1789343824.31511,alert,0.0041,0.9769,0.019,approach,0.458,1.7853,0.3407
1789343824.5190496,alert,0.0009,0.9977,0.0014,approach,0.465,1.7796,0.3363
1789343824.714058,alert,0.0004,0.9996,0.0,approach,0.466,1.7792,0.3359
1789343824.9034595,alert,0.0,0.9999,0.0001,approach,0.466,1.7792,0.3359
1789343825.1072645,alert,0.0001,0.9998,0.0001,approach,0.466,1.7792,0.3359
1789343825.3036916,alert,0.0006,0.9994,0.0,approach,0.466,1.7792,0.3359
1789343825.5161107,alert,0.0028,0.9971,0.0001,approach,0.466,1.7792,0.3361
1789343825.7211971,alert,0.0019,0.998,0.0001,approach,0.466,1.7792,0.336
1789343825.9041283,alert,0.0017,0.9982,0.0001,approach,0.466,1.7792,0.336
1789343826.1052306,alert,0.0013,0.9986,0.0001,approach,0.466,1.7792,0.336
1789343826.3089545,alert,0.0058,0.9941,0.0001,approach,0.466,1.7791,0.3363
1789343826.5105877,alert,0.0027,0.9972,0.0001,approach,0.466,1.7792,0.3361
1789343826.7113585,alert,0.0043,0.9957,0.0,approach,0.466,1.7791,0.3362
1789343826.9295332,alert,0.002,0.998,0.0,approach,0.466,1.7792,0.336
1789343827.1239855,alert,0.0011,0.9989,0.0,approach,0.466,1.7792,0.3359
1789343827.3107305,alert,0.0001,0.9999,0.0,approach,0.466,1.7792,0.3359
1789343827.503659,alert,0.0065,0.9934,0.0001,approach,0.466,1.779,0.3364
1789343827.7077076,alert,0.0025,0.9974,0.0001,approach,0.466,1.7792,0.3361
1789343827.9088328,alert,0.0313,0.9687,0.0,approach,0.47,1.7782,0.3383
1789343828.1102078,alert,0.0163,0.9837,0.0,approach,0.468,1.7787,0.3371
1789343828.3251889,alert,0.0007,0.9993,0.0,approach,0.466,1.7792,0.3359
1789343828.5097563,alert,0.0024,0.9973,0.0003,approach,0.466,1.7792,0.3361
1789343828.7148209,alert,0.0203,0.9772,0.0025,approach,0.467,1.7794,0.338
1789343828.9126697,alert,0.0112,0.9849,0.0039,approach,0.465,1.7801,0.3377
1789343829.115976,alert,0.0027,0.9954,0.0019,approach,0.465,1.7797,0.3365
1789343829.3046455,alert,0.0015,0.9883,0.0102,approach,0.461,1.7825,0.3384
1789343829.5128922,alert,0.0005,0.9261,0.0734,approach,0.433,1.8046,0.3535
1789343829.709135,alert,0.0008,0.8728,0.1264,approach,0.409,1.8253,0.3662
1789343829.9054012,alert,0.0006,0.638,0.3614,retreat,0.361,1.3585,0.9542
1789343830.1015148,alert,0.0021,0.9925,0.0054,approach,0.464,1.7809,0.3373
1789343830.297542,alert,0.0003,0.8889,0.1108,approach,0.416,1.819,0.3624
1789343830.515766,empty,0.0002,0.1368,0.863,retreat,0.688,1.3439,0.9916
1789343830.7079172,alert,0.0005,0.8086,0.1909,approach,0.378,1.8531,0.3816
1789343830.8980289,alert,0.0005,0.9687,0.0308,approach,0.452,1.7894,0.3433
1789343831.103959,alert,0.0001,0.8898,0.1101,approach,0.416,1.8187,0.3622
1789343831.301168,alert,0.0002,0.9898,0.01,approach,0.461,1.7824,0.3383
1789343831.51011,alert,0.0001,0.992,0.0079,approach,0.462,1.7818,0.3378
1789343831.7051547,alert,0.0001,0.9978,0.0021,approach,0.465,1.7799,0.3364
1789343831.9056706,alert,0.0012,0.961,0.0378,approach,0.449,1.7918,0.345
1789343832.1233773,alert,0.0002,0.8325,0.1673,approach,0.389,1.8426,0.3759
1789343832.3224769,empty,0.0002,0.3605,0.6393,retreat,0.534,1.3483,0.9749
1789343832.5032647,empty,0.0002,0.087,0.9128,retreat,0.72,1.3434,0.9953
1789343832.712292,empty,0.0004,0.0852,0.9144,retreat,0.721,1.3434,0.9955
1789343832.9131231,empty,0.0012,0.365,0.6338,retreat,0.53,1.3485,0.9745
1789343833.1165638,empty,0.001,0.421,0.578,retreat,0.492,1.3502,0.9704
1789343833.2998762,empty,0.001,0.3675,0.6315,retreat,0.528,1.3486,0.9744
1789343833.5065222,alert,0.0003,0.9989,0.0008,approach,0.465,1.7795,0.3361
1789343833.707089,alert,0.0032,0.9968,0.0,approach,0.466,1.7791,0.3361
1789343833.9115765,alert,0.0006,0.9988,0.0006,approach,0.466,1.7794,0.336
1789343834.10623,alert,0.0011,0.9988,0.0001,approach,0.466,1.7792,0.336
1789343834.2994487,alert,0.0062,0.9938,0.0,approach,0.466,1.779,0.3363
1789343834.4997597,alert,0.0009,0.999,0.0001,approach,0.466,1.7792,0.3359
1789343834.708675,alert,0.0006,0.999,0.0004,approach,0.466,1.7793,0.336
1789343834.8962662,alert,0.0008,0.9978,0.0014,approach,0.465,1.7796,0.3363
1789343835.1076844,alert,0.013,0.9865,0.0005,approach,0.467,1.779,0.337
1789343835.341582,alert,0.004,0.9959,0.0001,approach,0.466,1.7791,0.3362
1789343835.497371,alert,0.0011,0.9986,0.0003,approach,0.466,1.7793,0.336
1789343835.7213326,alert,0.0093,0.9865,0.0042,approach,0.465,1.7803,0.3376
1789343835.8961656,alert,0.0001,0.9998,0.0001,approach,0.466,1.7792,0.3359
1789343836.1038768,alert,0.0002,0.999,0.0008,approach,0.465,1.7795,0.3361
1789343836.297357,alert,0.0,0.9988,0.0012,approach,0.465,1.7796,0.3361
1789343836.5129251,alert,0.0002,0.9956,0.0042,approach,0.464,1.7806,0.3369
1789343836.7123618,alert,0.0008,0.85,0.1492,approach,0.398,1.8348,0.3716
1789343836.909487,alert,0.0004,0.9843,0.0153,approach,0.459,1.7842,0.3395
1789343837.1042173,alert,0.0005,0.9818,0.0177,approach,0.458,1.785,0.3401
1789343837.3042486,alert,0.0004,0.9995,0.0001,approach,0.466,1.7792,0.3359
1789343837.5171208,alert,0.0002,0.9931,0.0067,approach,0.463,1.7814,0.3375
1789343837.712368,alert,0.0003,0.9869,0.0128,approach,0.46,1.7833,0.3389
1789343837.8958395,alert,0.0008,0.9908,0.0084,approach,0.462,1.7819,0.3379
1789343838.1039553,alert,0.0013,0.9669,0.0318,approach,0.452,1.7897,0.3436
1789343838.308975,alert,0.0012,0.9972,0.0016,approach,0.465,1.7797,0.3363
1789343838.5066652,alert,0.0007,0.9918,0.0075,approach,0.463,1.7816,0.3377
1789343838.6974382,alert,0.0012,0.5219,0.4769,retreat,0.428,1.3537,0.9628
1789343838.899383,alert,0.0038,0.9928,0.0034,approach,0.465,1.7802,0.337
1789343839.1159241,alert,0.0032,0.991,0.0058,approach,0.464,1.781,0.3375
1789343839.3038788,alert,0.0025,0.9971,0.0004,approach,0.466,1.7793,0.3361
1789343839.4961913,alert,0.0032,0.9906,0.0062,approach,0.463,1.7811,0.3376
1789343839.7025402,alert,0.0029,0.9898,0.0073,approach,0.463,1.7815,0.3378
1789343839.9003406,alert,0.0052,0.9802,0.0146,approach,0.46,1.7838,0.3398
1789343840.0999544,alert,0.0018,0.9886,0.0096,approach,0.462,1.7823,0.3383
1789343840.3015764,alert,0.0031,0.8915,0.1054,approach,0.419,1.8167,0.3613
1789343840.5047274,empty,0.0019,0.4388,0.5593,retreat,0.48,1.3509,0.969
1789343840.700114,empty,0.0008,0.2226,0.7766,retreat,0.629,1.3453,0.9852
1789343840.900345,empty,0.0009,0.3219,0.6772,retreat,0.56,1.3474,0.9778
1789343841.1020725,empty,0.0017,0.4328,0.5655,retreat,0.484,1.3506,0.9694
1789343841.2993457,empty,0.0032,0.4455,0.5513,retreat,0.475,1.3512,0.9684
1789343841.5054808,alert,0.0038,0.6015,0.3947,retreat,0.38,1.3573,0.9567
1789343841.7129555,alert,0.0067,0.8493,0.144,approach,0.401,1.8323,0.3708
1789343841.9009755,alert,0.0082,0.8643,0.1275,approach,0.409,1.8254,0.367
1789343842.1010637,alert,0.0412,0.8638,0.095,approach,0.429,1.8111,0.3618
1789343842.306919,alert,0.0151,0.9783,0.0066,approach,0.465,1.7808,0.3386
1789343842.5072317,alert,0.0175,0.9762,0.0063,approach,0.465,1.7807,0.3387
1789343842.7010946,alert,0.0121,0.9336,0.0543,approach,0.443,1.7972,0.3498
1789343842.90163,alert,0.0055,0.9633,0.0312,approach,0.453,1.7893,0.3437
1789343843.0993748,alert,0.0166,0.9772,0.0062,approach,0.465,1.7807,0.3386
1789343843.304798,alert,0.0057,0.9691,0.0252,approach,0.455,1.7873,0.3423
1789343843.5055351,alert,0.0094,0.9251,0.0655,approach,0.438,1.8013,0.3523
1789343843.7038305,alert,0.0111,0.5407,0.4482,retreat,0.411,1.3558,0.9608
1789343843.898411,alert,0.0094,0.8138,0.1768,approach,0.386,1.8464,0.3789
1789343844.0994158,alert,0.0015,0.9384,0.0601,approach,0.439,1.7997,0.3503
1789343844.3078134,alert,0.002,0.9616,0.0364,approach,0.45,1.7912,0.3447
1789343844.5112193,alert,0.0004,0.7885,0.2111,approach,0.369,1.8624,0.3864
1789343844.7087455,alert,0.0011,0.82,0.1789,approach,0.384,1.8477,0.3787
1789343844.9038203,empty,0.0002,0.1442,0.8556,retreat,0.683,1.344,0.9911
1789343845.1043937,empty,0.0016,0.4267,0.5717,retreat,0.488,1.3504,0.9699
1789343845.303802,alert,0.0049,0.8551,0.14,approach,0.403,1.8307,0.3697
1789343845.5009272,alert,0.0146,0.9222,0.0632,approach,0.44,1.8003,0.3521
1789343845.7039747,alert,0.0474,0.6803,0.2723,approach,0.347,1.8895,0.4047
1789343845.8996367,alert,0.017,0.7349,0.2481,approach,0.354,1.8792,0.3965
1789343846.1007395,alert,0.0159,0.9097,0.0744,approach,0.435,1.8043,0.3549
1789343846.3054008,alert,0.0237,0.9723,0.004,approach,0.467,1.7797,0.3387
1789343846.5072625,alert,0.0186,0.9803,0.0011,approach,0.468,1.779,0.3376
1789343846.7129083,alert,0.0109,0.9891,0.0,approach,0.467,1.7789,0.3367
1789343846.902844,alert,0.0104,0.9895,0.0001,approach,0.467,1.7789,0.3367
1789343847.11267,alert,0.0029,0.9971,0.0,approach,0.466,1.7791,0.3361
1789343847.3090491,alert,0.0034,0.9963,0.0003,approach,0.466,1.7792,0.3362
1789343847.4974763,alert,0.0076,0.9811,0.0113,approach,0.462,1.7826,0.3392
1789343847.699855,alert,0.0106,0.9883,0.0011,approach,0.467,1.7792,0.3369
1789343847.8993275,alert,0.013,0.9831,0.0039,approach,0.466,1.78,0.3378
1789343848.1159074,alert,0.0188,0.9807,0.0005,approach,0.468,1.7788,0.3374
1789343848.304159,alert,0.0503,0.9398,0.0099,approach,0.468,1.7807,0.3422
1789343848.5112443,alert,0.0147,0.9816,0.0037,approach,0.466,1.7799,0.3379
1789343848.7042403,alert,0.0089,0.9911,0.0,approach,0.467,1.7789,0.3365
1789343848.9078302,alert,0.0018,0.998,0.0002,approach,0.466,1.7792,0.336
1789343849.0982182,alert,0.0009,0.9939,0.0052,approach,0.464,1.7809,0.3372
1789343849.3074539,alert,0.0016,0.9962,0.0022,approach,0.465,1.7799,0.3365
1789343849.5001695,alert,0.0033,0.9834,0.0133,approach,0.46,1.7834,0.3393
1789343849.6981256,alert,0.0061,0.9838,0.0101,approach,0.462,1.7823,0.3387
1789343849.9021304,empty,0.0161,0.4317,0.5522,retreat,0.477,1.3524,0.9687
1789343850.1085243,empty,0.033,0.1823,0.7847,retreat,0.638,1.3483,0.9863
1789343850.307806,alert,0.1146,0.7343,0.1511,approach,0.414,1.8303,0.381
1789343850.499614,alert,0.1373,0.6379,0.2248,approach,0.383,1.8615,0.4004
1789343850.7024724,alert,0.0145,0.9825,0.003,approach,0.466,1.7797,0.3377
1789343850.8975914,alert,0.0068,0.9165,0.0767,approach,0.432,1.8056,0.3547
1789343851.0973604,alert,0.0046,0.9872,0.0082,approach,0.463,1.7817,0.3382
1789343851.3038127,alert,0.0002,0.9995,0.0003,approach,0.466,1.7793,0.3359
1789343851.497556,alert,0.0007,0.9993,0.0,approach,0.466,1.7792,0.3359
1789343851.6987429,alert,0.0012,0.9988,0.0,approach,0.466,1.7792,0.3359
1789343851.904973,alert,0.0002,0.9998,0.0,approach,0.466,1.7792,0.3359
1789343852.1049912,alert,0.0111,0.9828,0.0061,approach,0.464,1.7808,0.3382
1789343852.2987182,alert,0.0166,0.9799,0.0035,approach,0.466,1.7798,0.338
1789343852.502455,alert,0.0037,0.9956,0.0007,approach,0.466,1.7793,0.3363
1789343852.6994267,alert,0.0029,0.9961,0.001,approach,0.466,1.7794,0.3363
1789343852.901541,alert,0.0009,0.9987,0.0004,approach,0.466,1.7793,0.336
1789343853.1002567,alert,0.0022,0.9963,0.0015,approach,0.465,1.7796,0.3364
1789343853.5274308,empty,0.0,0.0026,0.9974,retreat,0.772,1.3429,1.0016
1789343853.7066584,empty,0.0002,0.0332,0.9666,retreat,0.754,1.3431,0.9994
1789343853.8978007,empty,0.0001,0.0022,0.9977,retreat,0.773,1.343,1.0017
1789343854.1015408,empty,0.0001,0.0021,0.9978,retreat,0.773,1.343,1.0017
1789343854.3066306,empty,0.0001,0.0031,0.9968,retreat,0.772,1.343,1.0016
1789343854.5318942,empty,0.0001,0.0042,0.9957,retreat,0.771,1.343,1.0015
1789343854.7081249,empty,0.0001,0.0086,0.9913,retreat,0.769,1.343,1.0012
1789343854.9014273,empty,0.0001,0.0054,0.9945,retreat,0.771,1.343,1.0014
1789343855.1116736,empty,0.0,0.0048,0.9952,retreat,0.771,1.343,1.0015
1789343855.3105645,empty,0.0001,0.0073,0.9926,retreat,0.77,1.343,1.0013
1789343855.5008368,empty,0.0002,0.0113,0.9885,retreat,0.767,1.343,1.001
1789343855.7113373,empty,0.0001,0.0039,0.996,retreat,0.772,1.343,1.0015
1789343855.9017754,empty,0.0002,0.0152,0.9846,retreat,0.765,1.343,1.0007
1789343856.106522,empty,0.0002,0.023,0.9768,retreat,0.76,1.343,1.0001
1789343856.309208,empty,0.0,0.0084,0.9916,retreat,0.769,1.343,1.0012
1789343856.500081,empty,0.0001,0.0155,0.9844,retreat,0.765,1.343,1.0007
1789343856.7106116,empty,0.0,0.0002,0.9998,retreat,0.774,1.3429,1.0018
1789343856.908702,empty,0.0,0.0002,0.9998,retreat,0.774,1.3429,1.0018
1789343857.1023092,empty,0.0,0.0002,0.9998,retreat,0.774,1.3429,1.0018
1789343857.304796,empty,0.0,0.0,1.0,retreat,0.774,1.3429,1.0018
1789343857.5066404,empty,0.0,0.0002,0.9998,retreat,0.774,1.3429,1.0018
1789343857.709286,empty,0.0,0.0002,0.9998,retreat,0.774,1.3429,1.0018
1789343857.906826,empty,0.0,0.0066,0.9934,retreat,0.77,1.343,1.0013
1789343858.1097703,empty,0.0,0.0003,0.9997,retreat,0.774,1.3429,1.0018
1789343858.3090837,empty,0.0,0.002,0.998,retreat,0.773,1.3429,1.0017
1789343858.5179145,empty,0.0,0.0082,0.9918,retreat,0.769,1.343,1.0012
1789343858.7166567,empty,0.0,0.0007,0.9993,retreat,0.773,1.3429,1.0018
1789343858.9165807,empty,0.0,0.0001,0.9999,retreat,0.774,1.3429,1.0018
1789343859.12973,empty,0.0,0.001,0.999,retreat,0.773,1.3429,1.0018
1789343859.3261876,empty,0.0,0.0114,0.9886,retreat,0.767,1.343,1.001
1789343859.5092275,alert,0.0038,0.7879,0.2083,approach,0.371,1.861,0.386
1789343859.7048383,alert,0.0011,0.9974,0.0015,approach,0.465,1.7797,0.3363
1789343859.89963,alert,0.0005,0.7944,0.2051,approach,0.372,1.8596,0.385
1789343860.103006,alert,0.0006,0.9776,0.0218,approach,0.456,1.7863,0.3411
1789343860.3121243,alert,0.0051,0.9752,0.0197,approach,0.458,1.7855,0.341
1789343860.5169456,alert,0.0014,0.9985,0.0001,approach,0.466,1.7792,0.336
1789343860.6965883,alert,0.0176,0.9824,0.0,approach,0.468,1.7786,0.3372
1789343860.9135995,alert,0.0115,0.9885,0.0,approach,0.467,1.7788,0.3368
1789343861.1039119,alert,0.001,0.999,0.0,approach,0.466,1.7792,0.3359
1789343861.304452,alert,0.0406,0.9594,0.0,approach,0.471,1.7779,0.339
1789343861.5044606,alert,0.0001,0.9999,0.0,approach,0.466,1.7792,0.3359
1789343861.712394,alert,0.0004,0.9996,0.0,approach,0.466,1.7792,0.3359
1789343861.9289355,alert,0.0001,0.9999,0.0,approach,0.466,1.7792,0.3359
1789343862.098948,alert,0.0001,0.9999,0.0,approach,0.466,1.7792,0.3359
1789343862.3030374,alert,0.0002,0.9998,0.0,approach,0.466,1.7792,0.3359
1789343862.5082896,alert,0.002,0.9977,0.0003,approach,0.466,1.7792,0.3361
1789343862.700064,alert,0.0028,0.9969,0.0003,approach,0.466,1.7792,0.3361
1789343862.9078877,alert,0.0044,0.9955,0.0001,approach,0.466,1.7791,0.3362
1789343863.107952,alert,0.0096,0.9903,0.0001,approach,0.467,1.7789,0.3366
1789343863.3010366,alert,0.0064,0.9936,0.0,approach,0.467,1.779,0.3364
1789343863.5066478,alert,0.0039,0.996,0.0001,approach,0.466,1.7791,0.3362
1789343863.7008781,alert,0.0059,0.9939,0.0002,approach,0.466,1.7791,0.3364
1789343863.90455,alert,0.0102,0.9891,0.0007,approach,0.467,1.7791,0.3368
1789343864.1188185,alert,0.0038,0.9958,0.0004,approach,0.466,1.7792,0.3362
1789343864.3011694,alert,0.0102,0.9571,0.0327,approach,0.453,1.7897,0.3445
1789343864.5002105,alert,0.0082,0.9904,0.0014,approach,0.466,1.7794,0.3368
1789343864.702752,alert,0.0194,0.9793,0.0013,approach,0.468,1.779,0.3377
1789343864.905163,alert,0.0075,0.9607,0.0318,approach,0.453,1.7895,0.344
1789343865.1761625,alert,0.0096,0.8595,0.1309,approach,0.408,1.8267,0.3679
1789343865.3221083,alert,0.0077,0.9439,0.0484,approach,0.445,1.7952,0.348
1789343865.5089872,alert,0.0027,0.7357,0.2616,approach,0.345,1.8867,0.3986
1789343865.7041004,alert,0.0004,0.6283,0.3713,retreat,0.367,1.3581,0.9549
1789343865.9193056,empty,0.0004,0.3796,0.62,retreat,0.521,1.3489,0.9735
1789343866.1211135,alert,0.0019,0.7455,0.2526,approach,0.349,1.8823,0.3964
1789343866.29789,alert,0.0008,0.8212,0.178,approach,0.385,1.8473,0.3785
1789343866.505219,alert,0.0055,0.8776,0.1169,approach,0.414,1.8212,0.3642
1789343866.70542,alert,0.0054,0.9136,0.081,approach,0.43,1.8072,0.3557
1789343866.8981814,alert,0.0321,0.7528,0.2151,approach,0.372,1.8626,0.3898
1789343867.102674,alert,0.0107,0.6949,0.2944,hold,0.342,1.6359,0.6655
1789343867.3096533,alert,0.0041,0.6866,0.3093,hold,0.343,1.6369,0.6687
1789343867.5157363,alert,0.0049,0.7497,0.2454,approach,0.353,1.8786,0.3949
1789343867.6992579,alert,0.0062,0.7675,0.2263,approach,0.362,1.8693,0.3905
1789343867.9131057,alert,0.0103,0.6825,0.3072,hold,0.342,1.6375,0.6689
1789343868.0985234,alert,0.0065,0.8106,0.1829,approach,0.383,1.8492,0.3801
1789343868.2982833,alert,0.0033,0.6024,0.3943,retreat,0.38,1.3573,0.9567
1789343868.5005033,empty,0.0012,0.3676,0.6312,retreat,0.528,1.3486,0.9743
1789343868.705968,alert,0.0015,0.7676,0.2309,approach,0.359,1.8718,0.3912
1789343868.9118586,alert,0.0017,0.7862,0.2121,approach,0.368,1.8628,0.3867
1789343869.101604,alert,0.0039,0.8655,0.1306,approach,0.407,1.8269,0.3674
1789343869.3061724,alert,0.0041,0.5719,0.424,retreat,0.396,1.3561,0.9589
1789343869.4983058,alert,0.0086,0.7092,0.2822,hold,0.342,1.634,0.662
1789343869.7081425,alert,0.0086,0.5759,0.4155,retreat,0.392,1.3569,0.9583
1789343869.9136732,alert,0.0028,0.7301,0.2671,hold,0.343,1.6314,0.6573
1789343870.117334,empty,0.0009,0.2744,0.7247,retreat,0.593,1.3463,0.9813
1789343870.3059354,alert,0.0017,0.842,0.1563,approach,0.395,1.8378,0.3734
1789343870.4966652,alert,0.0032,0.8207,0.1761,approach,0.386,1.8464,0.3782
1789343870.7095413,empty,0.0007,0.4236,0.5757,retreat,0.491,1.3502,0.9702
1789343870.8985302,alert,0.0026,0.6943,0.3031,hold,0.343,1.6358,0.6668
1789343871.1092699,alert,0.0121,0.7886,0.1993,approach,0.376,1.8564,0.3845
1789343871.3040996,alert,0.0083,0.7893,0.2024,approach,0.374,1.858,0.3849
1789343871.4992893,alert,0.0048,0.6856,0.3096,hold,0.343,1.637,0.6689
1789343871.7032607,alert,0.005,0.843,0.152,approach,0.397,1.8358,0.3726
1789343871.9067392,alert,0.0067,0.9845,0.0088,approach,0.463,1.7818,0.3385
1789343872.107547,alert,0.0039,0.6807,0.3154,hold,0.343,1.6377,0.6703
1789343872.3054423,alert,0.0098,0.8572,0.133,approach,0.407,1.8276,0.3684
1789343872.5123105,alert,0.0076,0.9299,0.0625,approach,0.439,1.8003,0.3514
1789343872.7059515,alert,0.0054,0.9652,0.0294,approach,0.453,1.7887,0.3433
1789343872.912039,alert,0.0026,0.9713,0.0261,approach,0.455,1.7877,0.3423
1789343873.0981936,alert,0.0014,0.9711,0.0275,approach,0.454,1.7882,0.3425
1789343873.3073013,alert,0.0009,0.9927,0.0064,approach,0.463,1.7812,0.3375
1789343873.4991171,alert,0.0005,0.9987,0.0008,approach,0.465,1.7795,0.3361
1789343873.7054865,alert,0.0011,0.9989,0.0,approach,0.466,1.7792,0.3359
1789343873.9122133,alert,0.0006,0.9991,0.0003,approach,0.466,1.7793,0.336
1789343874.1105237,alert,0.0073,0.988,0.0047,approach,0.465,1.7805,0.3375
1789343874.3023062,alert,0.0054,0.9919,0.0027,approach,0.465,1.7799,0.3369
1789343874.5089772,alert,0.0041,0.9769,0.019,approach,0.458,1.7853,0.3407
1789343874.7062385,alert,0.0009,0.9977,0.0014,approach,0.465,1.7796,0.3363
1789343874.9019995,alert,0.0004,0.9996,0.0,approach,0.466,1.7792,0.3359
1789343875.1113453,alert,0.0,0.9999,0.0001,approach,0.466,1.7792,0.3359
1789343875.2986393,alert,0.0001,0.9998,0.0001,approach,0.466,1.7792,0.3359
1789343875.4978793,alert,0.0006,0.9994,0.0,approach,0.466,1.7792,0.3359
1789343875.703168,alert,0.0028,0.9971,0.0001,approach,0.466,1.7792,0.3361
1789343875.901712,alert,0.0019,0.998,0.0001,approach,0.466,1.7792,0.336
1789343876.113559,alert,0.0017,0.9982,0.0001,approach,0.466,1.7792,0.336
1789343876.2978039,alert,0.0013,0.9986,0.0001,approach,0.466,1.7792,0.336
1789343876.4972456,alert,0.0058,0.9941,0.0001,approach,0.466,1.7791,0.3363
1789343876.6969166,alert,0.0027,0.9972,0.0001,approach,0.466,1.7792,0.3361
1789343876.905514,alert,0.0043,0.9957,0.0,approach,0.466,1.7791,0.3362
1789343877.1036146,alert,0.002,0.998,0.0,approach,0.466,1.7792,0.336
1789343877.2999623,alert,0.0011,0.9989,0.0,approach,0.466,1.7792,0.3359
1789343877.5217915,alert,0.0001,0.9999,0.0,approach,0.466,1.7792,0.3359
1789343877.7013085,alert,0.0065,0.9934,0.0001,approach,0.466,1.779,0.3364
1789343877.8975651,alert,0.0025,0.9974,0.0001,approach,0.466,1.7792,0.3361
1789343878.1154556,alert,0.0313,0.9687,0.0,approach,0.47,1.7782,0.3383
1789343878.3144498,alert,0.0163,0.9837,0.0,approach,0.468,1.7787,0.3371
1789343878.5126715,alert,0.0007,0.9993,0.0,approach,0.466,1.7792,0.3359
1789343878.7079782,alert,0.0024,0.9973,0.0003,approach,0.466,1.7792,0.3361
1789343878.9122486,alert,0.0203,0.9772,0.0025,approach,0.467,1.7794,0.338
1789343879.1139576,alert,0.0112,0.9849,0.0039,approach,0.465,1.7801,0.3377
1789343879.3057144,alert,0.0027,0.9954,0.0019,approach,0.465,1.7797,0.3365
1789343879.512137,alert,0.0015,0.9883,0.0102,approach,0.461,1.7825,0.3384
1789343879.704987,alert,0.0005,0.9261,0.0734,approach,0.433,1.8046,0.3535
1789343879.905884,alert,0.0008,0.8728,0.1264,approach,0.409,1.8253,0.3662
1789343880.1079268,alert,0.0006,0.638,0.3614,retreat,0.361,1.3585,0.9542
1789343880.301494,alert,0.0021,0.9925,0.0054,approach,0.464,1.7809,0.3373
1789343880.5043478,alert,0.0003,0.8889,0.1108,approach,0.416,1.819,0.3624
1789343880.7056963,empty,0.0002,0.1368,0.863,retreat,0.688,1.3439,0.9916
1789343880.9008436,alert,0.0005,0.8086,0.1909,approach,0.378,1.8531,0.3816
1789343881.1069322,alert,0.0005,0.9687,0.0308,approach,0.452,1.7894,0.3433
1789343881.30175,alert,0.0001,0.8898,0.1101,approach,0.416,1.8187,0.3622
1789343881.5032232,alert,0.0002,0.9898,0.01,approach,0.461,1.7824,0.3383
1789343881.6998465,alert,0.0001,0.992,0.0079,approach,0.462,1.7818,0.3378
1789343881.898267,alert,0.0001,0.9978,0.0021,approach,0.465,1.7799,0.3364
1789343882.1021397,alert,0.0012,0.961,0.0378,approach,0.449,1.7918,0.345
1789343882.29794,alert,0.0002,0.8325,0.1673,approach,0.389,1.8426,0.3759
1789343882.5201569,empty,0.0002,0.3605,0.6393,retreat,0.534,1.3483,0.9749
1789343882.7065663,empty,0.0002,0.087,0.9128,retreat,0.72,1.3434,0.9953
1789343882.8994582,empty,0.0004,0.0852,0.9144,retreat,0.721,1.3434,0.9955
1789343883.1003406,empty,0.0012,0.365,0.6338,retreat,0.53,1.3485,0.9745
1789343883.3002026,empty,0.001,0.421,0.578,retreat,0.492,1.3502,0.9704
1789343883.5049372,empty,0.001,0.3675,0.6315,retreat,0.528,1.3486,0.9744
1789343883.6992815,alert,0.0003,0.9989,0.0008,approach,0.465,1.7795,0.3361
1789343883.8980498,alert,0.0032,0.9968,0.0,approach,0.466,1.7791,0.3361
1789343884.0992405,alert,0.0006,0.9988,0.0006,approach,0.466,1.7794,0.336
1789343884.30544,alert,0.0011,0.9988,0.0001,approach,0.466,1.7792,0.336
1789343884.4975684,alert,0.0062,0.9938,0.0,approach,0.466,1.779,0.3363
1789343884.7119012,alert,0.0009,0.999,0.0001,approach,0.466,1.7792,0.3359
1789343884.8976302,alert,0.0006,0.999,0.0004,approach,0.466,1.7793,0.336
1789343885.1077533,alert,0.0008,0.9978,0.0014,approach,0.465,1.7796,0.3363
1789343885.2998502,alert,0.013,0.9865,0.0005,approach,0.467,1.779,0.337
1789343885.500579,alert,0.004,0.9959,0.0001,approach,0.466,1.7791,0.3362
1789343885.6974664,alert,0.0011,0.9986,0.0003,approach,0.466,1.7793,0.336
1789343885.9039674,alert,0.0093,0.9865,0.0042,approach,0.465,1.7803,0.3376
1789343886.1101487,alert,0.0001,0.9998,0.0001,approach,0.466,1.7792,0.3359
1789343886.3126197,alert,0.0002,0.999,0.0008,approach,0.465,1.7795,0.3361
1789343886.4994373,alert,0.0,0.9988,0.0012,approach,0.465,1.7796,0.3361
1789343886.7197874,alert,0.0002,0.9956,0.0042,approach,0.464,1.7806,0.3369
1789343886.9195945,alert,0.0008,0.85,0.1492,approach,0.398,1.8348,0.3716
1789343888.321567,alert,0.0004,0.9843,0.0153,approach,0.459,1.7842,0.3395
1789343888.5225613,alert,0.0005,0.9818,0.0177,approach,0.458,1.785,0.3401
1789343888.7201812,alert,0.0004,0.9995,0.0001,approach,0.466,1.7792,0.3359
1789343888.912127,alert,0.0002,0.9931,0.0067,approach,0.463,1.7814,0.3375
1789343889.1304438,alert,0.0003,0.9869,0.0128,approach,0.46,1.7833,0.3389
1789343889.3207948,alert,0.0008,0.9908,0.0084,approach,0.462,1.7819,0.3379
1789343889.5029936,alert,0.0013,0.9669,0.0318,approach,0.452,1.7897,0.3436
1789343889.7064638,alert,0.0012,0.9972,0.0016,approach,0.465,1.7797,0.3363
1789343889.9232416,alert,0.0007,0.9918,0.0075,approach,0.463,1.7816,0.3377
1789343890.1157444,alert,0.0012,0.5219,0.4769,retreat,0.428,1.3537,0.9628
1789343890.3116384,alert,0.0038,0.9928,0.0034,approach,0.465,1.7802,0.337
1789343890.5193639,alert,0.0032,0.991,0.0058,approach,0.464,1.781,0.3375
1789343890.7066073,alert,0.0025,0.9971,0.0004,approach,0.466,1.7793,0.3361
1789343890.912677,alert,0.0032,0.9906,0.0062,approach,0.463,1.7811,0.3376
1789343891.0999448,alert,0.0029,0.9898,0.0073,approach,0.463,1.7815,0.3378
1789343891.3077805,alert,0.0052,0.9802,0.0146,approach,0.46,1.7838,0.3398
1789343891.5022638,alert,0.0018,0.9886,0.0096,approach,0.462,1.7823,0.3383
1789343891.701206,alert,0.0031,0.8915,0.1054,approach,0.419,1.8167,0.3613
1789343891.9080288,empty,0.0019,0.4388,0.5593,retreat,0.48,1.3509,0.969
1789343892.1178207,empty,0.0008,0.2226,0.7766,retreat,0.629,1.3453,0.9852
1789343892.3287637,empty,0.0009,0.3219,0.6772,retreat,0.56,1.3474,0.9778
1789343892.5018327,empty,0.0017,0.4328,0.5655,retreat,0.484,1.3506,0.9694
1789343892.698015,empty,0.0032,0.4455,0.5513,retreat,0.475,1.3512,0.9684
1789343892.9072568,alert,0.0038,0.6015,0.3947,retreat,0.38,1.3573,0.9567
1789343893.1012824,alert,0.0067,0.8493,0.144,approach,0.401,1.8323,0.3708
1789343893.299872,alert,0.0082,0.8643,0.1275,approach,0.409,1.8254,0.367
1789343893.507269,alert,0.0412,0.8638,0.095,approach,0.429,1.8111,0.3618
1789343893.7001338,alert,0.0151,0.9783,0.0066,approach,0.465,1.7808,0.3386
1789343893.9131384,alert,0.0175,0.9762,0.0063,approach,0.465,1.7807,0.3387
1789343894.1079316,alert,0.0121,0.9336,0.0543,approach,0.443,1.7972,0.3498
1789343894.3139641,alert,0.0055,0.9633,0.0312,approach,0.453,1.7893,0.3437
1789343894.5029457,alert,0.0166,0.9772,0.0062,approach,0.465,1.7807,0.3386
1789343894.7007113,alert,0.0057,0.9691,0.0252,approach,0.455,1.7873,0.3423
1789343894.901661,alert,0.0094,0.9251,0.0655,approach,0.438,1.8013,0.3523
1789343895.0983484,alert,0.0111,0.5407,0.4482,retreat,0.411,1.3558,0.9608
1789343895.299956,alert,0.0094,0.8138,0.1768,approach,0.386,1.8464,0.3789
1789343895.507909,alert,0.0015,0.9384,0.0601,approach,0.439,1.7997,0.3503
1789343895.7201588,alert,0.002,0.9616,0.0364,approach,0.45,1.7912,0.3447
1789343895.9156632,alert,0.0004,0.7885,0.2111,approach,0.369,1.8624,0.3864
1789343896.1006274,alert,0.0011,0.82,0.1789,approach,0.384,1.8477,0.3787
1789343896.3271933,empty,0.0002,0.1442,0.8556,retreat,0.683,1.344,0.9911
1789343896.5155945,empty,0.0016,0.4267,0.5717,retreat,0.488,1.3504,0.9699
1789343896.7380188,alert,0.0049,0.8551,0.14,approach,0.403,1.8307,0.3697
1789343896.9042852,alert,0.0146,0.9222,0.0632,approach,0.44,1.8003,0.3521
1789343897.0970924,alert,0.0474,0.6803,0.2723,approach,0.347,1.8895,0.4047
1789343897.2972791,alert,0.017,0.7349,0.2481,approach,0.354,1.8792,0.3965
1789343897.5150402,alert,0.0159,0.9097,0.0744,approach,0.435,1.8043,0.3549
1789343897.702422,alert,0.0237,0.9723,0.004,approach,0.467,1.7797,0.3387
1789343897.912249,alert,0.0186,0.9803,0.0011,approach,0.468,1.779,0.3376
1789343898.0999012,alert,0.0109,0.9891,0.0,approach,0.467,1.7789,0.3367
1789343898.3035192,alert,0.0104,0.9895,0.0001,approach,0.467,1.7789,0.3367
1789343898.525843,alert,0.0029,0.9971,0.0,approach,0.466,1.7791,0.3361
1789343898.7296202,alert,0.0034,0.9963,0.0003,approach,0.466,1.7792,0.3362
1789343898.924252,alert,0.0076,0.9811,0.0113,approach,0.462,1.7826,0.3392
1789343899.1514418,alert,0.0106,0.9883,0.0011,approach,0.467,1.7792,0.3369
1789343899.3391738,alert,0.013,0.9831,0.0039,approach,0.466,1.78,0.3378
1789343899.5147808,alert,0.0188,0.9807,0.0005,approach,0.468,1.7788,0.3374
1789343899.7419734,alert,0.0503,0.9398,0.0099,approach,0.468,1.7807,0.3422
1789343899.9238362,alert,0.0147,0.9816,0.0037,approach,0.466,1.7799,0.3379
1789343900.1225576,alert,0.0089,0.9911,0.0,approach,0.467,1.7789,0.3365
1789343900.312019,alert,0.0018,0.998,0.0002,approach,0.466,1.7792,0.336
1789343900.5155306,alert,0.0009,0.9939,0.0052,approach,0.464,1.7809,0.3372
1789343900.715929,alert,0.0016,0.9962,0.0022,approach,0.465,1.7799,0.3365
1789343900.9274895,alert,0.0033,0.9834,0.0133,approach,0.46,1.7834,0.3393
1789343901.1231487,alert,0.0061,0.9838,0.0101,approach,0.462,1.7823,0.3387
1789343901.310063,empty,0.0161,0.4317,0.5522,retreat,0.477,1.3524,0.9687
1789343901.5055518,empty,0.033,0.1823,0.7847,retreat,0.638,1.3483,0.9863
1789343901.725367,alert,0.1146,0.7343,0.1511,approach,0.414,1.8303,0.381
1789343901.9376786,alert,0.1373,0.6379,0.2248,approach,0.383,1.8615,0.4004
1789343902.1158516,alert,0.0145,0.9825,0.003,approach,0.466,1.7797,0.3377
1789343902.3173997,alert,0.0068,0.9165,0.0767,approach,0.432,1.8056,0.3547
1789343902.5088577,alert,0.0046,0.9872,0.0082,approach,0.463,1.7817,0.3382
1789343902.7010086,alert,0.0002,0.9995,0.0003,approach,0.466,1.7793,0.3359
1789343902.9038696,alert,0.0007,0.9993,0.0,approach,0.466,1.7792,0.3359
1789343903.107043,alert,0.0012,0.9988,0.0,approach,0.466,1.7792,0.3359
1789343903.298574,alert,0.0002,0.9998,0.0,approach,0.466,1.7792,0.3359
1789343903.50763,alert,0.0111,0.9828,0.0061,approach,0.464,1.7808,0.3382
1789343903.7047875,alert,0.0166,0.9799,0.0035,approach,0.466,1.7798,0.338
1789343903.8980463,alert,0.0037,0.9956,0.0007,approach,0.466,1.7793,0.3363
1789343904.1150045,alert,0.0029,0.9961,0.001,approach,0.466,1.7794,0.3363
1789343904.303425,alert,0.0009,0.9987,0.0004,approach,0.466,1.7793,0.336
1789343904.5117266,alert,0.0022,0.9963,0.0015,approach,0.465,1.7796,0.3364
1789343904.9399462,empty,0.0,0.0026,0.9974,retreat,0.772,1.3429,1.0016
1789343905.1224027,empty,0.0002,0.0332,0.9666,retreat,0.754,1.3431,0.9994
1789343905.3205485,empty,0.0001,0.0022,0.9977,retreat,0.773,1.343,1.0017
1789343905.5276346,empty,0.0001,0.0021,0.9978,retreat,0.773,1.343,1.0017
1789343905.7069123,empty,0.0001,0.0031,0.9968,retreat,0.772,1.343,1.0016
1789343905.9191322,empty,0.0001,0.0042,0.9957,retreat,0.771,1.343,1.0015
1789343906.1204784,empty,0.0001,0.0086,0.9913,retreat,0.769,1.343,1.0012
1789343906.301779,empty,0.0001,0.0054,0.9945,retreat,0.771,1.343,1.0014
1789343906.4989364,empty,0.0,0.0048,0.9952,retreat,0.771,1.343,1.0015
1789343906.699935,empty,0.0001,0.0073,0.9926,retreat,0.77,1.343,1.0013
1789343906.9026566,empty,0.0002,0.0113,0.9885,retreat,0.767,1.343,1.001
1789343907.1010249,empty,0.0001,0.0039,0.996,retreat,0.772,1.343,1.0015
1789343907.315309,empty,0.0002,0.0152,0.9846,retreat,0.765,1.343,1.0007
1789343907.4964604,empty,0.0002,0.023,0.9768,retreat,0.76,1.343,1.0001
1789343907.6997411,empty,0.0,0.0084,0.9916,retreat,0.769,1.343,1.0012
1789343907.9017446,empty,0.0001,0.0155,0.9844,retreat,0.765,1.343,1.0007
1789343908.1150222,empty,0.0,0.0002,0.9998,retreat,0.774,1.3429,1.0018
1789343908.3174665,empty,0.0,0.0002,0.9998,retreat,0.774,1.3429,1.0018
1789343908.5082932,empty,0.0,0.0002,0.9998,retreat,0.774,1.3429,1.0018
1789343908.7103531,empty,0.0,0.0,1.0,retreat,0.774,1.3429,1.0018
1789343908.8985128,empty,0.0,0.0002,0.9998,retreat,0.774,1.3429,1.0018
1789343909.1088493,empty,0.0,0.0002,0.9998,retreat,0.774,1.3429,1.0018
1789343909.3074818,empty,0.0,0.0066,0.9934,retreat,0.77,1.343,1.0013
1789343909.5037916,empty,0.0,0.0003,0.9997,retreat,0.774,1.3429,1.0018
1789343909.701009,empty,0.0,0.002,0.998,retreat,0.773,1.3429,1.0017
1789343909.9408932,empty,0.0,0.0082,0.9918,retreat,0.769,1.343,1.0012
1789343910.1052125,empty,0.0,0.0007,0.9993,retreat,0.773,1.3429,1.0018
1789343910.3108366,empty,0.0,0.0001,0.9999,retreat,0.774,1.3429,1.0018
1789343910.4988637,empty,0.0,0.001,0.999,retreat,0.773,1.3429,1.0018
1789343910.728532,empty,0.0,0.0114,0.9886,retreat,0.767,1.343,1.001
1789343910.910262,alert,0.0038,0.7879,0.2083,approach,0.371,1.861,0.386
1789343911.1338296,alert,0.0011,0.9974,0.0015,approach,0.465,1.7797,0.3363
1789343911.311343,alert,0.0005,0.7944,0.2051,approach,0.372,1.8596,0.385
1789343911.5093577,alert,0.0006,0.9776,0.0218,approach,0.456,1.7863,0.3411
1789343911.7055185,alert,0.0051,0.9752,0.0197,approach,0.458,1.7855,0.341
1789343911.9192784,alert,0.0014,0.9985,0.0001,approach,0.466,1.7792,0.336
1789343912.102252,alert,0.0176,0.9824,0.0,approach,0.468,1.7786,0.3372
1789343912.3158278,alert,0.0115,0.9885,0.0,approach,0.467,1.7788,0.3368
1789343912.5170827,alert,0.001,0.999,0.0,approach,0.466,1.7792,0.3359
1789343912.7040632,alert,0.0406,0.9594,0.0,approach,0.471,1.7779,0.339
1789343912.899223,alert,0.0001,0.9999,0.0,approach,0.466,1.7792,0.3359
1789343913.1179357,alert,0.0004,0.9996,0.0,approach,0.466,1.7792,0.3359
1789343913.3155003,alert,0.0001,0.9999,0.0,approach,0.466,1.7792,0.3359
1789343913.52695,alert,0.0001,0.9999,0.0,approach,0.466,1.7792,0.3359
1789343913.7102315,alert,0.0002,0.9998,0.0,approach,0.466,1.7792,0.3359
1789343913.9013872,alert,0.002,0.9977,0.0003,approach,0.466,1.7792,0.3361
1789343914.107515,alert,0.0028,0.9969,0.0003,approach,0.466,1.7792,0.3361
1789343914.31172,alert,0.0044,0.9955,0.0001,approach,0.466,1.7791,0.3362
1789343914.5042348,alert,0.0096,0.9903,0.0001,approach,0.467,1.7789,0.3366
1789343914.704531,alert,0.0064,0.9936,0.0,approach,0.467,1.779,0.3364
1789343914.908471,alert,0.0039,0.996,0.0001,approach,0.466,1.7791,0.3362
1789343915.1004295,alert,0.0059,0.9939,0.0002,approach,0.466,1.7791,0.3364
1789343915.312082,alert,0.0102,0.9891,0.0007,approach,0.467,1.7791,0.3368
1789343915.5081809,alert,0.0038,0.9958,0.0004,approach,0.466,1.7792,0.3362
1789343915.721109,alert,0.0102,0.9571,0.0327,approach,0.453,1.7897,0.3445
1789343915.937278,alert,0.0082,0.9904,0.0014,approach,0.466,1.7794,0.3368
1789343916.110661,alert,0.0194,0.9793,0.0013,approach,0.468,1.779,0.3377
1789343916.3120775,alert,0.0075,0.9607,0.0318,approach,0.453,1.7895,0.344
1789343916.5238369,alert,0.0096,0.8595,0.1309,approach,0.408,1.8267,0.3679
1789343916.7074454,alert,0.0077,0.9439,0.0484,approach,0.445,1.7952,0.348
1789343916.9274156,alert,0.0027,0.7357,0.2616,approach,0.345,1.8867,0.3986
1789343917.1213033,alert,0.0004,0.6283,0.3713,retreat,0.367,1.3581,0.9549
1789343917.3263552,empty,0.0004,0.3796,0.62,retreat,0.521,1.3489,0.9735
1789343917.5055385,alert,0.0019,0.7455,0.2526,approach,0.349,1.8823,0.3964
1789343917.7060862,alert,0.0008,0.8212,0.178,approach,0.385,1.8473,0.3785
1789343917.9009001,alert,0.0055,0.8776,0.1169,approach,0.414,1.8212,0.3642
1789343918.1028874,alert,0.0054,0.9136,0.081,approach,0.43,1.8072,0.3557
1789343918.3000116,alert,0.0321,0.7528,0.2151,approach,0.372,1.8626,0.3898
1789343918.5001175,alert,0.0107,0.6949,0.2944,hold,0.342,1.6359,0.6655
1789343918.7075865,alert,0.0041,0.6866,0.3093,hold,0.343,1.6369,0.6687
1789343918.9056551,alert,0.0049,0.7497,0.2454,approach,0.353,1.8786,0.3949
1789343919.1008348,alert,0.0062,0.7675,0.2263,approach,0.362,1.8693,0.3905
1789343919.326138,alert,0.0103,0.6825,0.3072,hold,0.342,1.6375,0.6689
1789343919.5147552,alert,0.0065,0.8106,0.1829,approach,0.383,1.8492,0.3801
1789343919.7112894,alert,0.0033,0.6024,0.3943,retreat,0.38,1.3573,0.9567
1789343919.9024522,empty,0.0012,0.3676,0.6312,retreat,0.528,1.3486,0.9743
1789343920.1617768,alert,0.0015,0.7676,0.2309,approach,0.359,1.8718,0.3912
1789343920.3158674,alert,0.0017,0.7862,0.2121,approach,0.368,1.8628,0.3867
1789343922.3068085,alert,0.0039,0.8655,0.1306,approach,0.407,1.8269,0.3674
1789343922.5000446,alert,0.0041,0.5719,0.424,retreat,0.396,1.3561,0.9589
1789343922.704256,alert,0.0086,0.7092,0.2822,hold,0.342,1.634,0.662
1789343922.9088125,alert,0.0086,0.5759,0.4155,retreat,0.392,1.3569,0.9583
1789343923.098485,alert,0.0028,0.7301,0.2671,hold,0.343,1.6314,0.6573
1789343923.2996812,empty,0.0009,0.2744,0.7247,retreat,0.593,1.3463,0.9813
1789343923.5026166,alert,0.0017,0.842,0.1563,approach,0.395,1.8378,0.3734
1789343923.710999,alert,0.0032,0.8207,0.1761,approach,0.386,1.8464,0.3782
1789343923.901822,empty,0.0007,0.4236,0.5757,retreat,0.491,1.3502,0.9702
1789343924.1047552,alert,0.0026,0.6943,0.3031,hold,0.343,1.6358,0.6668
1789343924.3057039,alert,0.0121,0.7886,0.1993,approach,0.376,1.8564,0.3845
1789343924.5091746,alert,0.0083,0.7893,0.2024,approach,0.374,1.858,0.3849
1789343924.701565,alert,0.0048,0.6856,0.3096,hold,0.343,1.637,0.6689
1789343924.9081337,alert,0.005,0.843,0.152,approach,0.397,1.8358,0.3726
1789343925.1075697,alert,0.0067,0.9845,0.0088,approach,0.463,1.7818,0.3385
1789343925.3232996,alert,0.0039,0.6807,0.3154,hold,0.343,1.6377,0.6703
1789343925.5084336,alert,0.0098,0.8572,0.133,approach,0.407,1.8276,0.3684
1789343925.7011118,alert,0.0076,0.9299,0.0625,approach,0.439,1.8003,0.3514
1789343925.8997233,alert,0.0054,0.9652,0.0294,approach,0.453,1.7887,0.3433
1789343926.1039307,alert,0.0026,0.9713,0.0261,approach,0.455,1.7877,0.3423
1789343926.3211455,alert,0.0014,0.9711,0.0275,approach,0.454,1.7882,0.3425
1789343926.5040452,alert,0.0009,0.9927,0.0064,approach,0.463,1.7812,0.3375
1789343926.704255,alert,0.0005,0.9987,0.0008,approach,0.465,1.7795,0.3361
1789343926.8970184,alert,0.0011,0.9989,0.0,approach,0.466,1.7792,0.3359
1789343927.1118355,alert,0.0006,0.9991,0.0003,approach,0.466,1.7793,0.336
1789343927.303394,alert,0.0073,0.988,0.0047,approach,0.465,1.7805,0.3375
1789343927.5037413,alert,0.0054,0.9919,0.0027,approach,0.465,1.7799,0.3369
1789343927.7148325,alert,0.0041,0.9769,0.019,approach,0.458,1.7853,0.3407
1789343927.9002595,alert,0.0009,0.9977,0.0014,approach,0.465,1.7796,0.3363
1789343928.1039677,alert,0.0004,0.9996,0.0,approach,0.466,1.7792,0.3359
1789343928.3136525,alert,0.0,0.9999,0.0001,approach,0.466,1.7792,0.3359
1789343928.5027826,alert,0.0001,0.9998,0.0001,approach,0.466,1.7792,0.3359
1789343928.7153022,alert,0.0006,0.9994,0.0,approach,0.466,1.7792,0.3359
1789343928.9002585,alert,0.0028,0.9971,0.0001,approach,0.466,1.7792,0.3361
1789343929.1070602,alert,0.0019,0.998,0.0001,approach,0.466,1.7792,0.336
1789343929.3043838,alert,0.0017,0.9982,0.0001,approach,0.466,1.7792,0.336
1789343929.4976933,alert,0.0013,0.9986,0.0001,approach,0.466,1.7792,0.336
1789343929.6966395,alert,0.0058,0.9941,0.0001,approach,0.466,1.7791,0.3363
1789343929.8992157,alert,0.0027,0.9972,0.0001,approach,0.466,1.7792,0.3361
1789343930.1077619,alert,0.0043,0.9957,0.0,approach,0.466,1.7791,0.3362
1789343930.3083487,alert,0.002,0.998,0.0,approach,0.466,1.7792,0.336
1789343930.5034559,alert,0.0011,0.9989,0.0,approach,0.466,1.7792,0.3359
1789343930.7005033,alert,0.0001,0.9999,0.0,approach,0.466,1.7792,0.3359
1789343930.9118059,alert,0.0065,0.9934,0.0001,approach,0.466,1.779,0.3364
1789343931.1166878,alert,0.0025,0.9974,0.0001,approach,0.466,1.7792,0.3361
1789343931.2986963,alert,0.0313,0.9687,0.0,approach,0.47,1.7782,0.3383
1789343931.50279,alert,0.0163,0.9837,0.0,approach,0.468,1.7787,0.3371
1789343931.7035327,alert,0.0007,0.9993,0.0,approach,0.466,1.7792,0.3359
1789343931.903112,alert,0.0024,0.9973,0.0003,approach,0.466,1.7792,0.3361
1789343932.109803,alert,0.0203,0.9772,0.0025,approach,0.467,1.7794,0.338
1789343932.3093152,alert,0.0112,0.9849,0.0039,approach,0.465,1.7801,0.3377
1789343932.5259762,alert,0.0027,0.9954,0.0019,approach,0.465,1.7797,0.3365
1789343932.708937,alert,0.0015,0.9883,0.0102,approach,0.461,1.7825,0.3384
1789343932.8979797,alert,0.0005,0.9261,0.0734,approach,0.433,1.8046,0.3535
1789343933.0999079,alert,0.0008,0.8728,0.1264,approach,0.409,1.8253,0.3662
1789343933.3065865,alert,0.0006,0.638,0.3614,retreat,0.361,1.3585,0.9542
1789343933.5141683,alert,0.0021,0.9925,0.0054,approach,0.464,1.7809,0.3373
1789343933.7008054,alert,0.0003,0.8889,0.1108,approach,0.416,1.819,0.3624
1789343933.899939,empty,0.0002,0.1368,0.863,retreat,0.688,1.3439,0.9916
1789343934.098812,alert,0.0005,0.8086,0.1909,approach,0.378,1.8531,0.3816
1789343934.3014474,alert,0.0005,0.9687,0.0308,approach,0.452,1.7894,0.3433
1789343934.519781,alert,0.0001,0.8898,0.1101,approach,0.416,1.8187,0.3622
1789343934.7019315,alert,0.0002,0.9898,0.01,approach,0.461,1.7824,0.3383
1789343934.9112666,alert,0.0001,0.992,0.0079,approach,0.462,1.7818,0.3378
1789343935.121161,alert,0.0001,0.9978,0.0021,approach,0.465,1.7799,0.3364
1789343935.3121438,alert,0.0012,0.961,0.0378,approach,0.449,1.7918,0.345
1789343935.516247,alert,0.0002,0.8325,0.1673,approach,0.389,1.8426,0.3759
1789343935.7082639,empty,0.0002,0.3605,0.6393,retreat,0.534,1.3483,0.9749
1789343935.9052165,empty,0.0002,0.087,0.9128,retreat,0.72,1.3434,0.9953
1789343936.1130607,empty,0.0004,0.0852,0.9144,retreat,0.721,1.3434,0.9955
1789343936.3089142,empty,0.0012,0.365,0.6338,retreat,0.53,1.3485,0.9745
1789343936.502177,empty,0.001,0.421,0.578,retreat,0.492,1.3502,0.9704
1789343936.6989598,empty,0.001,0.3675,0.6315,retreat,0.528,1.3486,0.9744
1789343936.904945,alert,0.0003,0.9989,0.0008,approach,0.465,1.7795,0.3361
1789343937.1051483,alert,0.0032,0.9968,0.0,approach,0.466,1.7791,0.3361
1789343937.3032923,alert,0.0006,0.9988,0.0006,approach,0.466,1.7794,0.336
1789343937.507059,alert,0.0011,0.9988,0.0001,approach,0.466,1.7792,0.336
1789343937.7192576,alert,0.0062,0.9938,0.0,approach,0.466,1.779,0.3363
1789343937.9050624,alert,0.0009,0.999,0.0001,approach,0.466,1.7792,0.3359
1789343938.111942,alert,0.0006,0.999,0.0004,approach,0.466,1.7793,0.336
1789343938.3042147,alert,0.0008,0.9978,0.0014,approach,0.465,1.7796,0.3363
1789343938.5002272,alert,0.013,0.9865,0.0005,approach,0.467,1.779,0.337
1789343938.6993835,alert,0.004,0.9959,0.0001,approach,0.466,1.7791,0.3362
1789343938.9024165,alert,0.0011,0.9986,0.0003,approach,0.466,1.7793,0.336
1789343939.100413,alert,0.0093,0.9865,0.0042,approach,0.465,1.7803,0.3376
1789343939.296551,alert,0.0001,0.9998,0.0001,approach,0.466,1.7792,0.3359
1789343939.4996715,alert,0.0002,0.999,0.0008,approach,0.465,1.7795,0.3361
1789343939.7006118,alert,0.0,0.9988,0.0012,approach,0.465,1.7796,0.3361
1789343939.897734,alert,0.0002,0.9956,0.0042,approach,0.464,1.7806,0.3369
1789343940.0972645,alert,0.0008,0.85,0.1492,approach,0.398,1.8348,0.3716
1789343940.2983892,alert,0.0004,0.9843,0.0153,approach,0.459,1.7842,0.3395
1789343940.498059,alert,0.0005,0.9818,0.0177,approach,0.458,1.785,0.3401
1789343940.7001204,alert,0.0004,0.9995,0.0001,approach,0.466,1.7792,0.3359
1789343940.8990483,alert,0.0002,0.9931,0.0067,approach,0.463,1.7814,0.3375
1789343941.100597,alert,0.0003,0.9869,0.0128,approach,0.46,1.7833,0.3389
1789343941.300114,alert,0.0008,0.9908,0.0084,approach,0.462,1.7819,0.3379
1789343941.5030794,alert,0.0013,0.9669,0.0318,approach,0.452,1.7897,0.3436
1789343941.70241,alert,0.0012,0.9972,0.0016,approach,0.465,1.7797,0.3363
1789343941.8996933,alert,0.0007,0.9918,0.0075,approach,0.463,1.7816,0.3377
1789343942.1047003,alert,0.0012,0.5219,0.4769,retreat,0.428,1.3537,0.9628
1789343942.3001723,alert,0.0038,0.9928,0.0034,approach,0.465,1.7802,0.337
1789343942.4974315,alert,0.0032,0.991,0.0058,approach,0.464,1.781,0.3375
1789343942.7072225,alert,0.0025,0.9971,0.0004,approach,0.466,1.7793,0.3361
1789343942.897663,alert,0.0032,0.9906,0.0062,approach,0.463,1.7811,0.3376
1789343943.0967793,alert,0.0029,0.9898,0.0073,approach,0.463,1.7815,0.3378
1789343943.3061094,alert,0.0052,0.9802,0.0146,approach,0.46,1.7838,0.3398
1789343943.4998627,alert,0.0018,0.9886,0.0096,approach,0.462,1.7823,0.3383
1789343943.7012506,alert,0.0031,0.8915,0.1054,approach,0.419,1.8167,0.3613
1789343943.905226,empty,0.0019,0.4388,0.5593,retreat,0.48,1.3509,0.969
1789343944.105991,empty,0.0008,0.2226,0.7766,retreat,0.629,1.3453,0.9852
1789343944.3038156,empty,0.0009,0.3219,0.6772,retreat,0.56,1.3474,0.9778
1789343944.50326,empty,0.0017,0.4328,0.5655,retreat,0.484,1.3506,0.9694
1789343944.698581,empty,0.0032,0.4455,0.5513,retreat,0.475,1.3512,0.9684
1789343944.8984032,alert,0.0038,0.6015,0.3947,retreat,0.38,1.3573,0.9567
1789343945.1044793,alert,0.0067,0.8493,0.144,approach,0.401,1.8323,0.3708
1789343945.3055282,alert,0.0082,0.8643,0.1275,approach,0.409,1.8254,0.367
1789343945.5052583,alert,0.0412,0.8638,0.095,approach,0.429,1.8111,0.3618
1789343945.6994467,alert,0.0151,0.9783,0.0066,approach,0.465,1.7808,0.3386
1789343945.9013624,alert,0.0175,0.9762,0.0063,approach,0.465,1.7807,0.3387
1789343946.099977,alert,0.0121,0.9336,0.0543,approach,0.443,1.7972,0.3498
1789343946.298988,alert,0.0055,0.9633,0.0312,approach,0.453,1.7893,0.3437
1789343946.512147,alert,0.0166,0.9772,0.0062,approach,0.465,1.7807,0.3386
1789343946.7021077,alert,0.0057,0.9691,0.0252,approach,0.455,1.7873,0.3423
1789343946.8992074,alert,0.0094,0.9251,0.0655,approach,0.438,1.8013,0.3523
1789343947.0960903,alert,0.0111,0.5407,0.4482,retreat,0.411,1.3558,0.9608
1789343947.2997098,alert,0.0094,0.8138,0.1768,approach,0.386,1.8464,0.3789
1789343947.5119698,alert,0.0015,0.9384,0.0601,approach,0.439,1.7997,0.3503
1789343947.7030451,alert,0.002,0.9616,0.0364,approach,0.45,1.7912,0.3447
1789343947.910591,alert,0.0004,0.7885,0.2111,approach,0.369,1.8624,0.3864
1789343948.097429,alert,0.0011,0.82,0.1789,approach,0.384,1.8477,0.3787
1789343948.3154013,empty,0.0002,0.1442,0.8556,retreat,0.683,1.344,0.9911
1789343948.5040493,empty,0.0016,0.4267,0.5717,retreat,0.488,1.3504,0.9699
1789343948.702657,alert,0.0049,0.8551,0.14,approach,0.403,1.8307,0.3697
1789343948.9000986,alert,0.0146,0.9222,0.0632,approach,0.44,1.8003,0.3521
1789343949.0968337,alert,0.0474,0.6803,0.2723,approach,0.347,1.8895,0.4047
1789343949.29725,alert,0.017,0.7349,0.2481,approach,0.354,1.8792,0.3965
1789343949.5019405,alert,0.0159,0.9097,0.0744,approach,0.435,1.8043,0.3549
1789343949.6963916,alert,0.0237,0.9723,0.004,approach,0.467,1.7797,0.3387
1789343949.903214,alert,0.0186,0.9803,0.0011,approach,0.468,1.779,0.3376
1789343950.106956,alert,0.0109,0.9891,0.0,approach,0.467,1.7789,0.3367
1789343950.3119729,alert,0.0104,0.9895,0.0001,approach,0.467,1.7789,0.3367
1789343950.5024905,alert,0.0029,0.9971,0.0,approach,0.466,1.7791,0.3361
1789343950.704143,alert,0.0034,0.9963,0.0003,approach,0.466,1.7792,0.3362
1789343950.9025097,alert,0.0076,0.9811,0.0113,approach,0.462,1.7826,0.3392
1789343951.102616,alert,0.0106,0.9883,0.0011,approach,0.467,1.7792,0.3369
1789343951.2962334,alert,0.013,0.9831,0.0039,approach,0.466,1.78,0.3378
1789343951.4988976,alert,0.0188,0.9807,0.0005,approach,0.468,1.7788,0.3374
1789343951.7151368,alert,0.0503,0.9398,0.0099,approach,0.468,1.7807,0.3422
1789343951.8964431,alert,0.0147,0.9816,0.0037,approach,0.466,1.7799,0.3379
1789343952.1034977,alert,0.0089,0.9911,0.0,approach,0.467,1.7789,0.3365
1789343952.299284,alert,0.0018,0.998,0.0002,approach,0.466,1.7792,0.336
1789343952.5024073,alert,0.0009,0.9939,0.0052,approach,0.464,1.7809,0.3372
1789343952.7000613,alert,0.0016,0.9962,0.0022,approach,0.465,1.7799,0.3365
1789343952.8993134,alert,0.0033,0.9834,0.0133,approach,0.46,1.7834,0.3393
1789343953.1001492,alert,0.0061,0.9838,0.0101,approach,0.462,1.7823,0.3387
1789343953.2983344,empty,0.0161,0.4317,0.5522,retreat,0.477,1.3524,0.9687
1789343953.5007277,empty,0.033,0.1823,0.7847,retreat,0.638,1.3483,0.9863
1789343953.6974754,alert,0.1146,0.7343,0.1511,approach,0.414,1.8303,0.381
1789343953.8956084,alert,0.1373,0.6379,0.2248,approach,0.383,1.8615,0.4004
1789343954.0981224,alert,0.0145,0.9825,0.003,approach,0.466,1.7797,0.3377
1789343954.3053935,alert,0.0068,0.9165,0.0767,approach,0.432,1.8056,0.3547
1789343954.4988656,alert,0.0046,0.9872,0.0082,approach,0.463,1.7817,0.3382
1789343954.6957862,alert,0.0002,0.9995,0.0003,approach,0.466,1.7793,0.3359
1789343954.900754,alert,0.0007,0.9993,0.0,approach,0.466,1.7792,0.3359
1789343955.1038482,alert,0.0012,0.9988,0.0,approach,0.466,1.7792,0.3359
1789343955.302977,alert,0.0002,0.9998,0.0,approach,0.466,1.7792,0.3359
1789343955.4980052,alert,0.0111,0.9828,0.0061,approach,0.464,1.7808,0.3382
1789343955.7005258,alert,0.0166,0.9799,0.0035,approach,0.466,1.7798,0.338
1789343955.899676,alert,0.0037,0.9956,0.0007,approach,0.466,1.7793,0.3363
1789343956.1111846,alert,0.0029,0.9961,0.001,approach,0.466,1.7794,0.3363
1789343956.3065233,alert,0.0009,0.9987,0.0004,approach,0.466,1.7793,0.336
1789343956.498102,alert,0.0022,0.9963,0.0015,approach,0.465,1.7796,0.3364
1789343956.9206443,empty,0.0,0.0026,0.9974,retreat,0.772,1.3429,1.0016
1789343957.103875,empty,0.0002,0.0332,0.9666,retreat,0.754,1.3431,0.9994
1789343957.2999823,empty,0.0001,0.0022,0.9977,retreat,0.773,1.343,1.0017
1789343957.5007484,empty,0.0001,0.0021,0.9978,retreat,0.773,1.343,1.0017
1789343957.6976125,empty,0.0001,0.0031,0.9968,retreat,0.772,1.343,1.0016
1789343957.9009767,empty,0.0001,0.0042,0.9957,retreat,0.771,1.343,1.0015
1789343958.100496,empty,0.0001,0.0086,0.9913,retreat,0.769,1.343,1.0012
1789343958.3118763,empty,0.0001,0.0054,0.9945,retreat,0.771,1.343,1.0014
1789343958.503341,empty,0.0,0.0048,0.9952,retreat,0.771,1.343,1.0015
1789343958.6963217,empty,0.0001,0.0073,0.9926,retreat,0.77,1.343,1.0013
1789343958.8992338,empty,0.0002,0.0113,0.9885,retreat,0.767,1.343,1.001
1789343959.0998597,empty,0.0001,0.0039,0.996,retreat,0.772,1.343,1.0015
1789343959.300342,empty,0.0002,0.0152,0.9846,retreat,0.765,1.343,1.0007
1789343959.5088007,empty,0.0002,0.023,0.9768,retreat,0.76,1.343,1.0001
1789343959.7068696,empty,0.0,0.0084,0.9916,retreat,0.769,1.343,1.0012
1789343959.898007,empty,0.0001,0.0155,0.9844,retreat,0.765,1.343,1.0007
1789343960.0994768,empty,0.0,0.0002,0.9998,retreat,0.774,1.3429,1.0018
1789343960.2995548,empty,0.0,0.0002,0.9998,retreat,0.774,1.3429,1.0018
1789343960.4963725,empty,0.0,0.0002,0.9998,retreat,0.774,1.3429,1.0018
1789343960.7047873,empty,0.0,0.0,1.0,retreat,0.774,1.3429,1.0018
1789343960.8987577,empty,0.0,0.0002,0.9998,retreat,0.774,1.3429,1.0018
1789343961.0975583,empty,0.0,0.0002,0.9998,retreat,0.774,1.3429,1.0018
1789343961.314933,empty,0.0,0.0066,0.9934,retreat,0.77,1.343,1.0013
1789343961.504277,empty,0.0,0.0003,0.9997,retreat,0.774,1.3429,1.0018
1789343961.7029653,empty,0.0,0.002,0.998,retreat,0.773,1.3429,1.0017
1789343961.8974016,empty,0.0,0.0082,0.9918,retreat,0.769,1.343,1.0012
1789343962.1043603,empty,0.0,0.0007,0.9993,retreat,0.773,1.3429,1.0018
1789343962.3020306,empty,0.0,0.0001,0.9999,retreat,0.774,1.3429,1.0018
1789343962.5026634,empty,0.0,0.001,0.999,retreat,0.773,1.3429,1.0018
1789343962.7014806,empty,0.0,0.0114,0.9886,retreat,0.767,1.343,1.001
1789343962.8961966,alert,0.0038,0.7879,0.2083,approach,0.371,1.861,0.386
1789343963.0993211,alert,0.0011,0.9974,0.0015,approach,0.465,1.7797,0.3363
1789343963.2976477,alert,0.0005,0.7944,0.2051,approach,0.372,1.8596,0.385
1789343963.5016341,alert,0.0006,0.9776,0.0218,approach,0.456,1.7863,0.3411
1789343963.6970348,alert,0.0051,0.9752,0.0197,approach,0.458,1.7855,0.341
1789343963.8967948,alert,0.0014,0.9985,0.0001,approach,0.466,1.7792,0.336
1789343964.0983453,alert,0.0176,0.9824,0.0,approach,0.468,1.7786,0.3372
1789343964.302157,alert,0.0115,0.9885,0.0,approach,0.467,1.7788,0.3368
1789343964.5036457,alert,0.001,0.999,0.0,approach,0.466,1.7792,0.3359
1789343964.6981502,alert,0.0406,0.9594,0.0,approach,0.471,1.7779,0.339
1789343964.906856,alert,0.0001,0.9999,0.0,approach,0.466,1.7792,0.3359
1789343965.1038241,alert,0.0004,0.9996,0.0,approach,0.466,1.7792,0.3359
1789343965.2973485,alert,0.0001,0.9999,0.0,approach,0.466,1.7792,0.3359
1789343965.5092216,alert,0.0001,0.9999,0.0,approach,0.466,1.7792,0.3359
1789343965.7049048,alert,0.0002,0.9998,0.0,approach,0.466,1.7792,0.3359
1789343965.89766,alert,0.002,0.9977,0.0003,approach,0.466,1.7792,0.3361
1789343966.099869,alert,0.0028,0.9969,0.0003,approach,0.466,1.7792,0.3361
1789343966.301019,alert,0.0044,0.9955,0.0001,approach,0.466,1.7791,0.3362
1789343966.5019124,alert,0.0096,0.9903,0.0001,approach,0.467,1.7789,0.3366
1789343966.7044687,alert,0.0064,0.9936,0.0,approach,0.467,1.779,0.3364
1789343966.8998916,alert,0.0039,0.996,0.0001,approach,0.466,1.7791,0.3362
1789343967.1028233,alert,0.0059,0.9939,0.0002,approach,0.466,1.7791,0.3364
1789343967.299669,alert,0.0102,0.9891,0.0007,approach,0.467,1.7791,0.3368
1789343967.5076835,alert,0.0038,0.9958,0.0004,approach,0.466,1.7792,0.3362
1789343967.6975617,alert,0.0102,0.9571,0.0327,approach,0.453,1.7897,0.3445
1789343967.9002142,alert,0.0082,0.9904,0.0014,approach,0.466,1.7794,0.3368
1789343968.1031816,alert,0.0194,0.9793,0.0013,approach,0.468,1.779,0.3377
1789343968.3039773,alert,0.0075,0.9607,0.0318,approach,0.453,1.7895,0.344
1789343968.4979317,alert,0.0096,0.8595,0.1309,approach,0.408,1.8267,0.3679
1789343968.702597,alert,0.0077,0.9439,0.0484,approach,0.445,1.7952,0.348
1789343968.899242,alert,0.0027,0.7357,0.2616,approach,0.345,1.8867,0.3986
1789343969.1012356,alert,0.0004,0.6283,0.3713,retreat,0.367,1.3581,0.9549
1789343969.2968662,empty,0.0004,0.3796,0.62,retreat,0.521,1.3489,0.9735
1789343969.4979358,alert,0.0019,0.7455,0.2526,approach,0.349,1.8823,0.3964
1789343969.700789,alert,0.0008,0.8212,0.178,approach,0.385,1.8473,0.3785
1789343969.8958676,alert,0.0055,0.8776,0.1169,approach,0.414,1.8212,0.3642
1789343970.1032481,alert,0.0054,0.9136,0.081,approach,0.43,1.8072,0.3557
1789343970.3003354,alert,0.0321,0.7528,0.2151,approach,0.372,1.8626,0.3898
1789343970.498174,alert,0.0107,0.6949,0.2944,hold,0.342,1.6359,0.6655
1789343970.705381,alert,0.0041,0.6866,0.3093,hold,0.343,1.6369,0.6687
1789343970.9000785,alert,0.0049,0.7497,0.2454,approach,0.353,1.8786,0.3949
1789343971.1077037,alert,0.0062,0.7675,0.2263,approach,0.362,1.8693,0.3905
1789343971.3048863,alert,0.0103,0.6825,0.3072,hold,0.342,1.6375,0.6689
1789343971.49912,alert,0.0065,0.8106,0.1829,approach,0.383,1.8492,0.3801
1789343971.7051425,alert,0.0033,0.6024,0.3943,retreat,0.38,1.3573,0.9567
1789343971.9061685,empty,0.0012,0.3676,0.6312,retreat,0.528,1.3486,0.9743
1789343972.1000707,alert,0.0015,0.7676,0.2309,approach,0.359,1.8718,0.3912
1789343972.3023245,alert,0.0017,0.7862,0.2121,approach,0.368,1.8628,0.3867
1789343972.498746,alert,0.0039,0.8655,0.1306,approach,0.407,1.8269,0.3674
1789343972.7097738,alert,0.0041,0.5719,0.424,retreat,0.396,1.3561,0.9589
1789343972.8999863,alert,0.0086,0.7092,0.2822,hold,0.342,1.634,0.662
1789343973.1043758,alert,0.0086,0.5759,0.4155,retreat,0.392,1.3569,0.9583
1789343973.2998927,alert,0.0028,0.7301,0.2671,hold,0.343,1.6314,0.6573
1789343973.4989226,empty,0.0009,0.2744,0.7247,retreat,0.593,1.3463,0.9813
1789343973.696368,alert,0.0017,0.842,0.1563,approach,0.395,1.8378,0.3734
1789343973.897064,alert,0.0032,0.8207,0.1761,approach,0.386,1.8464,0.3782
1789343974.097376,empty,0.0007,0.4236,0.5757,retreat,0.491,1.3502,0.9702
1789343974.2989542,alert,0.0026,0.6943,0.3031,hold,0.343,1.6358,0.6668
1789343974.498588,alert,0.0121,0.7886,0.1993,approach,0.376,1.8564,0.3845
1789343974.7070918,alert,0.0083,0.7893,0.2024,approach,0.374,1.858,0.3849
1789343974.8993099,alert,0.0048,0.6856,0.3096,hold,0.343,1.637,0.6689
1789343975.1055145,alert,0.005,0.843,0.152,approach,0.397,1.8358,0.3726
1789343975.3042457,alert,0.0067,0.9845,0.0088,approach,0.463,1.7818,0.3385
1789343975.504339,alert,0.0039,0.6807,0.3154,hold,0.343,1.6377,0.6703
1789343975.7072945,alert,0.0098,0.8572,0.133,approach,0.407,1.8276,0.3684
1789343975.90107,alert,0.0076,0.9299,0.0625,approach,0.439,1.8003,0.3514
1789343976.1117485,alert,0.0054,0.9652,0.0294,approach,0.453,1.7887,0.3433
1789343976.3038244,alert,0.0026,0.9713,0.0261,approach,0.455,1.7877,0.3423
1789343976.5078611,alert,0.0014,0.9711,0.0275,approach,0.454,1.7882,0.3425
1789343976.7015533,alert,0.0009,0.9927,0.0064,approach,0.463,1.7812,0.3375
1789343976.9016075,alert,0.0005,0.9987,0.0008,approach,0.465,1.7795,0.3361
1789343977.095873,alert,0.0011,0.9989,0.0,approach,0.466,1.7792,0.3359
1789343977.3059487,alert,0.0006,0.9991,0.0003,approach,0.466,1.7793,0.336
1789343977.5005705,alert,0.0073,0.988,0.0047,approach,0.465,1.7805,0.3375
1789343977.7039773,alert,0.0054,0.9919,0.0027,approach,0.465,1.7799,0.3369
1789343977.9018726,alert,0.0041,0.9769,0.019,approach,0.458,1.7853,0.3407
1789343978.1035366,alert,0.0009,0.9977,0.0014,approach,0.465,1.7796,0.3363
1789343978.3141203,alert,0.0004,0.9996,0.0,approach,0.466,1.7792,0.3359
1789343978.507161,alert,0.0,0.9999,0.0001,approach,0.466,1.7792,0.3359
1789343978.6998549,alert,0.0001,0.9998,0.0001,approach,0.466,1.7792,0.3359
1789343978.9073968,alert,0.0006,0.9994,0.0,approach,0.466,1.7792,0.3359
1789343979.1080658,alert,0.0028,0.9971,0.0001,approach,0.466,1.7792,0.3361
1789343979.3096712,alert,0.0019,0.998,0.0001,approach,0.466,1.7792,0.336
1789343979.5004747,alert,0.0017,0.9982,0.0001,approach,0.466,1.7792,0.336
1789343979.7187386,alert,0.0013,0.9986,0.0001,approach,0.466,1.7792,0.336
1789343979.9290917,alert,0.0058,0.9941,0.0001,approach,0.466,1.7791,0.3363
1789343980.1028368,alert,0.0027,0.9972,0.0001,approach,0.466,1.7792,0.3361
1789343980.3068154,alert,0.0043,0.9957,0.0,approach,0.466,1.7791,0.3362
1789343980.4973705,alert,0.002,0.998,0.0,approach,0.466,1.7792,0.336
1789343980.7022758,alert,0.0011,0.9989,0.0,approach,0.466,1.7792,0.3359
1789343980.8984146,alert,0.0001,0.9999,0.0,approach,0.466,1.7792,0.3359
1789343981.0974317,alert,0.0065,0.9934,0.0001,approach,0.466,1.779,0.3364
1789343981.2977846,alert,0.0025,0.9974,0.0001,approach,0.466,1.7792,0.3361
1789343981.511599,alert,0.0313,0.9687,0.0,approach,0.47,1.7782,0.3383
1789343981.697311,alert,0.0163,0.9837,0.0,approach,0.468,1.7787,0.3371
1789343981.8997228,alert,0.0007,0.9993,0.0,approach,0.466,1.7792,0.3359
1789343982.1000893,alert,0.0024,0.9973,0.0003,approach,0.466,1.7792,0.3361
1789343982.2970996,alert,0.0203,0.9772,0.0025,approach,0.467,1.7794,0.338
1789343982.4975638,alert,0.0112,0.9849,0.0039,approach,0.465,1.7801,0.3377
1789343982.7004595,alert,0.0027,0.9954,0.0019,approach,0.465,1.7797,0.3365
1789343982.8956692,alert,0.0015,0.9883,0.0102,approach,0.461,1.7825,0.3384
1789343983.0992217,alert,0.0005,0.9261,0.0734,approach,0.433,1.8046,0.3535
1789343983.3037488,alert,0.0008,0.8728,0.1264,approach,0.409,1.8253,0.3662
1789343983.5017335,alert,0.0006,0.638,0.3614,retreat,0.361,1.3585,0.9542
1789343983.7044008,alert,0.0021,0.9925,0.0054,approach,0.464,1.7809,0.3373
1789343983.903992,alert,0.0003,0.8889,0.1108,approach,0.416,1.819,0.3624
1789343984.096921,empty,0.0002,0.1368,0.863,retreat,0.688,1.3439,0.9916
1789343984.2967734,alert,0.0005,0.8086,0.1909,approach,0.378,1.8531,0.3816
1789343984.4959657,alert,0.0005,0.9687,0.0308,approach,0.452,1.7894,0.3433
1789343984.6987002,alert,0.0001,0.8898,0.1101,approach,0.416,1.8187,0.3622
1789343984.8961785,alert,0.0002,0.9898,0.01,approach,0.461,1.7824,0.3383
1789343985.102192,alert,0.0001,0.992,0.0079,approach,0.462,1.7818,0.3378
1789343985.2966964,alert,0.0001,0.9978,0.0021,approach,0.465,1.7799,0.3364
1789343985.5001767,alert,0.0012,0.961,0.0378,approach,0.449,1.7918,0.345
1789343985.7011168,alert,0.0002,0.8325,0.1673,approach,0.389,1.8426,0.3759
1789343985.9035823,empty,0.0002,0.3605,0.6393,retreat,0.534,1.3483,0.9749
1789343986.100226,empty,0.0002,0.087,0.9128,retreat,0.72,1.3434,0.9953
1789343986.3002515,empty,0.0004,0.0852,0.9144,retreat,0.721,1.3434,0.9955
1789343986.4995773,empty,0.0012,0.365,0.6338,retreat,0.53,1.3485,0.9745
1789343986.6981463,empty,0.001,0.421,0.578,retreat,0.492,1.3502,0.9704
1789343986.899259,empty,0.001,0.3675,0.6315,retreat,0.528,1.3486,0.9744
1789343987.1059995,alert,0.0003,0.9989,0.0008,approach,0.465,1.7795,0.3361
1789343987.2990837,alert,0.0032,0.9968,0.0,approach,0.466,1.7791,0.3361
1789343987.5061834,alert,0.0006,0.9988,0.0006,approach,0.466,1.7794,0.336
1789343987.7011213,alert,0.0011,0.9988,0.0001,approach,0.466,1.7792,0.336
1789343987.8981166,alert,0.0062,0.9938,0.0,approach,0.466,1.779,0.3363
1789343988.097759,alert,0.0009,0.999,0.0001,approach,0.466,1.7792,0.3359
1789343988.2979312,alert,0.0006,0.999,0.0004,approach,0.466,1.7793,0.336
1789343988.4999254,alert,0.0008,0.9978,0.0014,approach,0.465,1.7796,0.3363
1789343988.709179,alert,0.013,0.9865,0.0005,approach,0.467,1.779,0.337
1789343988.9052267,alert,0.004,0.9959,0.0001,approach,0.466,1.7791,0.3362
1789343989.0975811,alert,0.0011,0.9986,0.0003,approach,0.466,1.7793,0.336
1789343989.2979846,alert,0.0093,0.9865,0.0042,approach,0.465,1.7803,0.3376
1789343989.4988666,alert,0.0001,0.9998,0.0001,approach,0.466,1.7792,0.3359
1789343989.6992455,alert,0.0002,0.999,0.0008,approach,0.465,1.7795,0.3361
1789343989.9001524,alert,0.0,0.9988,0.0012,approach,0.465,1.7796,0.3361
1789343990.0989184,alert,0.0002,0.9956,0.0042,approach,0.464,1.7806,0.3369
1789343990.300395,alert,0.0008,0.85,0.1492,approach,0.398,1.8348,0.3716
1789343990.502394,alert,0.0004,0.9843,0.0153,approach,0.459,1.7842,0.3395
1789343990.6990848,alert,0.0005,0.9818,0.0177,approach,0.458,1.785,0.3401
1789343990.9003634,alert,0.0004,0.9995,0.0001,approach,0.466,1.7792,0.3359
1789343991.0992925,alert,0.0002,0.9931,0.0067,approach,0.463,1.7814,0.3375
1789343991.2994378,alert,0.0003,0.9869,0.0128,approach,0.46,1.7833,0.3389
1789343991.4980464,alert,0.0008,0.9908,0.0084,approach,0.462,1.7819,0.3379
1789343991.6993737,alert,0.0013,0.9669,0.0318,approach,0.452,1.7897,0.3436
1789343991.8994842,alert,0.0012,0.9972,0.0016,approach,0.465,1.7797,0.3363
1789343992.097826,alert,0.0007,0.9918,0.0075,approach,0.463,1.7816,0.3377
1789343992.3016918,alert,0.0012,0.5219,0.4769,retreat,0.428,1.3537,0.9628
1789343992.499541,alert,0.0038,0.9928,0.0034,approach,0.465,1.7802,0.337
1789343992.6991556,alert,0.0032,0.991,0.0058,approach,0.464,1.781,0.3375
1789343992.9034944,alert,0.0025,0.9971,0.0004,approach,0.466,1.7793,0.3361
1789343993.1058915,alert,0.0032,0.9906,0.0062,approach,0.463,1.7811,0.3376
1789343993.2990746,alert,0.0029,0.9898,0.0073,approach,0.463,1.7815,0.3378
1789343993.4981885,alert,0.0052,0.9802,0.0146,approach,0.46,1.7838,0.3398
1789343993.6995134,alert,0.0018,0.9886,0.0096,approach,0.462,1.7823,0.3383
1789343993.9030747,alert,0.0031,0.8915,0.1054,approach,0.419,1.8167,0.3613
1789343994.099465,empty,0.0019,0.4388,0.5593,retreat,0.48,1.3509,0.969
1789343994.2993479,empty,0.0008,0.2226,0.7766,retreat,0.629,1.3453,0.9852
1789343994.519483,empty,0.0009,0.3219,0.6772,retreat,0.56,1.3474,0.9778
1789343994.7008038,empty,0.0017,0.4328,0.5655,retreat,0.484,1.3506,0.9694
1789343994.8989866,empty,0.0032,0.4455,0.5513,retreat,0.475,1.3512,0.9684
1789343995.0976562,alert,0.0038,0.6015,0.3947,retreat,0.38,1.3573,0.9567
1789343995.3049781,alert,0.0067,0.8493,0.144,approach,0.401,1.8323,0.3708
1789343995.505306,alert,0.0082,0.8643,0.1275,approach,0.409,1.8254,0.367
1789343995.703678,alert,0.0412,0.8638,0.095,approach,0.429,1.8111,0.3618
1789343995.921968,alert,0.0151,0.9783,0.0066,approach,0.465,1.7808,0.3386
1789343996.1078553,alert,0.0175,0.9762,0.0063,approach,0.465,1.7807,0.3387
1789343996.2963483,alert,0.0121,0.9336,0.0543,approach,0.443,1.7972,0.3498
1789343996.5078108,alert,0.0055,0.9633,0.0312,approach,0.453,1.7893,0.3437
1789343996.7036595,alert,0.0166,0.9772,0.0062,approach,0.465,1.7807,0.3386
1789343996.905073,alert,0.0057,0.9691,0.0252,approach,0.455,1.7873,0.3423
1789343997.1075323,alert,0.0094,0.9251,0.0655,approach,0.438,1.8013,0.3523
1789343997.2972543,alert,0.0111,0.5407,0.4482,retreat,0.411,1.3558,0.9608
1789343997.5046775,alert,0.0094,0.8138,0.1768,approach,0.386,1.8464,0.3789
1789343997.7035878,alert,0.0015,0.9384,0.0601,approach,0.439,1.7997,0.3503
1789343997.8974416,alert,0.002,0.9616,0.0364,approach,0.45,1.7912,0.3447
1789343998.1047986,alert,0.0004,0.7885,0.2111,approach,0.369,1.8624,0.3864
1789343998.3048463,alert,0.0011,0.82,0.1789,approach,0.384,1.8477,0.3787
1789343998.503773,empty,0.0002,0.1442,0.8556,retreat,0.683,1.344,0.9911
1789343998.7076054,empty,0.0016,0.4267,0.5717,retreat,0.488,1.3504,0.9699
1789343998.9070027,alert,0.0049,0.8551,0.14,approach,0.403,1.8307,0.3697
1789343999.1035652,alert,0.0146,0.9222,0.0632,approach,0.44,1.8003,0.3521
1789343999.319152,alert,0.0474,0.6803,0.2723,approach,0.347,1.8895,0.4047
1789343999.516443,alert,0.017,0.7349,0.2481,approach,0.354,1.8792,0.3965
1789343999.7042277,alert,0.0159,0.9097,0.0744,approach,0.435,1.8043,0.3549
1789343999.914701,alert,0.0237,0.9723,0.004,approach,0.467,1.7797,0.3387
1789344000.0979722,alert,0.0186,0.9803,0.0011,approach,0.468,1.779,0.3376
1789344000.3170547,alert,0.0109,0.9891,0.0,approach,0.467,1.7789,0.3367
1789344001.7011504,alert,0.0104,0.9895,0.0001,approach,0.467,1.7789,0.3367
1789344001.7138186,alert,0.0029,0.9971,0.0,approach,0.466,1.7791,0.3361
1789344001.911908,alert,0.0034,0.9963,0.0003,approach,0.466,1.7792,0.3362
1789344002.106179,alert,0.0076,0.9811,0.0113,approach,0.462,1.7826,0.3392
1789344002.3322027,alert,0.0106,0.9883,0.0011,approach,0.467,1.7792,0.3369
1789344002.5147784,alert,0.013,0.9831,0.0039,approach,0.466,1.78,0.3378
1789344002.706673,alert,0.0188,0.9807,0.0005,approach,0.468,1.7788,0.3374
1789344002.8993936,alert,0.0503,0.9398,0.0099,approach,0.468,1.7807,0.3422
1789344003.1071784,alert,0.0147,0.9816,0.0037,approach,0.466,1.7799,0.3379
1789344003.3218422,alert,0.0089,0.9911,0.0,approach,0.467,1.7789,0.3365
1789344003.511027,alert,0.0018,0.998,0.0002,approach,0.466,1.7792,0.336
1789344003.7258334,alert,0.0009,0.9939,0.0052,approach,0.464,1.7809,0.3372
1789344003.9496565,alert,0.0016,0.9962,0.0022,approach,0.465,1.7799,0.3365
1789344004.110147,alert,0.0033,0.9834,0.0133,approach,0.46,1.7834,0.3393
1789344004.2999156,alert,0.0061,0.9838,0.0101,approach,0.462,1.7823,0.3387
1789344004.4992812,empty,0.0161,0.4317,0.5522,retreat,0.477,1.3524,0.9687
1789344004.6986823,empty,0.033,0.1823,0.7847,retreat,0.638,1.3483,0.9863
1789344004.9023337,alert,0.1146,0.7343,0.1511,approach,0.414,1.8303,0.381
1789344005.098847,alert,0.1373,0.6379,0.2248,approach,0.383,1.8615,0.4004
1789344005.3137834,alert,0.0145,0.9825,0.003,approach,0.466,1.7797,0.3377
1789344005.5079803,alert,0.0068,0.9165,0.0767,approach,0.432,1.8056,0.3547
1789344005.707365,alert,0.0046,0.9872,0.0082,approach,0.463,1.7817,0.3382
1789344005.915038,alert,0.0002,0.9995,0.0003,approach,0.466,1.7793,0.3359
1789344006.1064677,alert,0.0007,0.9993,0.0,approach,0.466,1.7792,0.3359
1789344006.3035295,alert,0.0012,0.9988,0.0,approach,0.466,1.7792,0.3359
1789344006.4979768,alert,0.0002,0.9998,0.0,approach,0.466,1.7792,0.3359
1789344006.6972156,alert,0.0111,0.9828,0.0061,approach,0.464,1.7808,0.3382
1789344006.8997252,alert,0.0166,0.9799,0.0035,approach,0.466,1.7798,0.338
1789344007.1072145,alert,0.0037,0.9956,0.0007,approach,0.466,1.7793,0.3363
1789344007.3074906,alert,0.0029,0.9961,0.001,approach,0.466,1.7794,0.3363
1789344007.5017385,alert,0.0009,0.9987,0.0004,approach,0.466,1.7793,0.336
1789344007.699061,alert,0.0022,0.9963,0.0015,approach,0.465,1.7796,0.3364
1789344008.1242626,empty,0.0,0.0026,0.9974,retreat,0.772,1.3429,1.0016
1789344008.3218253,empty,0.0002,0.0332,0.9666,retreat,0.754,1.3431,0.9994
1789344008.508465,empty,0.0001,0.0022,0.9977,retreat,0.773,1.343,1.0017
1789344008.710301,empty,0.0001,0.0021,0.9978,retreat,0.773,1.343,1.0017
1789344008.8956647,empty,0.0001,0.0031,0.9968,retreat,0.772,1.343,1.0016
1789344009.107199,empty,0.0001,0.0042,0.9957,retreat,0.771,1.343,1.0015
1789344009.3022704,empty,0.0001,0.0086,0.9913,retreat,0.769,1.343,1.0012
1789344009.497522,empty,0.0001,0.0054,0.9945,retreat,0.771,1.343,1.0014
1789344009.703754,empty,0.0,0.0048,0.9952,retreat,0.771,1.343,1.0015
1789344009.898377,empty,0.0001,0.0073,0.9926,retreat,0.77,1.343,1.0013
1789344010.100115,empty,0.0002,0.0113,0.9885,retreat,0.767,1.343,1.001
1789344010.2978187,empty,0.0001,0.0039,0.996,retreat,0.772,1.343,1.0015
1789344010.504437,empty,0.0002,0.0152,0.9846,retreat,0.765,1.343,1.0007
1789344010.6971092,empty,0.0002,0.023,0.9768,retreat,0.76,1.343,1.0001
1789344010.9160833,empty,0.0,0.0084,0.9916,retreat,0.769,1.343,1.0012
1789344011.1082728,empty,0.0001,0.0155,0.9844,retreat,0.765,1.343,1.0007
1789344011.3013368,empty,0.0,0.0002,0.9998,retreat,0.774,1.3429,1.0018
1789344011.5065668,empty,0.0,0.0002,0.9998,retreat,0.774,1.3429,1.0018
1789344011.714712,empty,0.0,0.0002,0.9998,retreat,0.774,1.3429,1.0018
1789344011.903789,empty,0.0,0.0,1.0,retreat,0.774,1.3429,1.0018
1789344012.1109986,empty,0.0,0.0002,0.9998,retreat,0.774,1.3429,1.0018
1789344012.2978487,empty,0.0,0.0002,0.9998,retreat,0.774,1.3429,1.0018
1789344012.5204437,empty,0.0,0.0066,0.9934,retreat,0.77,1.343,1.0013
1789344012.7171693,empty,0.0,0.0003,0.9997,retreat,0.774,1.3429,1.0018
1789344012.9049664,empty,0.0,0.002,0.998,retreat,0.773,1.3429,1.0017
1789344013.1065905,empty,0.0,0.0082,0.9918,retreat,0.769,1.343,1.0012
1789344013.2989638,empty,0.0,0.0007,0.9993,retreat,0.773,1.3429,1.0018
1789344013.5146172,empty,0.0,0.0001,0.9999,retreat,0.774,1.3429,1.0018
